RecordID,Date,Year,Month,Region,PropertyType,AveragePrice_GBP,SalesVolume,MedianPrice_GBP,PricePerSqM_GBP
1,2015-01,2015,1,London,Detached,752755.0,929,670645.0,9356.0
2,2015-01,2015,1,London,Semi-Detached,482220.0,1450,425048.0,4426.0
3,2015-01,2015,1,London,Terraced,405345.0,706,361863.0,4978.0
4,2015-01,2015,1,London,Flat,356465.0,848,324467.0,4184.0
5,2015-02,2015,2,London,Detached,728938.0,862,656372.0,8300.0
6,2015-02,2015,2,London,Semi-Detached,472785.0,981,422659.0,5084.0
7,2015-02,2015,2,London,Terraced,390011.0,822,359796.0,4817.0
8,2015-02,2015,2,London,Flat,343835.0,741,319043.0,3803.0
9,2015-03,2015,3,London,Detached,752129.0,964,678284.0,8070.0
10,2015-03,2015,3,London,Semi-Detached,468912.0,694,444468.0,4591.0
11,2015-03,2015,3,London,Terraced,407209.0,947,360866.0,4974.0
12,2015-03,2015,3,London,Flat,359165.0,776,325837.0,4251.0
13,2015-04,2015,4,London,Detached,764379.0,1011,687686.0,8132.0
14,2015-04,2015,4,London,Semi-Detached,483400.0,939,427914.0,4413.0
15,2015-04,2015,4,London,Terraced,404750.0,922,356336.0,3909.0
16,2015-04,2015,4,London,Flat,366375.0,986,342191.0,4722.0
17,2015-05,2015,5,London,Detached,767821.0,866,693468.0,9943.0
18,2015-05,2015,5,London,Semi-Detached,489180.0,752,455462.0,5027.0
19,2015-05,2015,5,London,Terraced,402453.0,785,357528.0,4026.0
20,2015-05,2015,5,London,Flat,367037.0,872,342800.0,3977.0
21,2015-06,2015,6,London,Detached,764794.0,964,674380.0,9708.0
22,2015-06,2015,6,London,Semi-Detached,498198.0,962,449377.0,5369.0
23,2015-06,2015,6,London,Terraced,421522.0,871,383049.0,4155.0
24,2015-06,2015,6,London,Flat,368636.0,699,348390.0,3569.0
25,2015-07,2015,7,London,Detached,795198.0,694,749457.0,8471.0
26,2015-07,2015,7,London,Semi-Detached,498367.0,857,446515.0,5541.0
27,2015-07,2015,7,London,Terraced,418310.0,859,368316.0,4504.0
28,2015-07,2015,7,London,Flat,372372.0,516,330812.0,4289.0
29,2015-08,2015,8,London,Detached,775643.0,880,710733.0,7787.0
30,2015-08,2015,8,London,Semi-Detached,487830.0,1020,462156.0,5820.0
31,2015-08,2015,8,London,Terraced,401171.0,794,361029.0,5258.0
32,2015-08,2015,8,London,Flat,364794.0,1292,322333.0,4304.0
33,2015-09,2015,9,London,Detached,779458.0,793,739703.0,9338.0
34,2015-09,2015,9,London,Semi-Detached,476466.0,1337,427216.0,4742.0
35,2015-09,2015,9,London,Terraced,416872.0,1080,385335.0,4447.0
36,2015-09,2015,9,London,Flat,356078.0,601,314365.0,3721.0
37,2015-10,2015,10,London,Detached,751195.0,813,694977.0,9262.0
38,2015-10,2015,10,London,Semi-Detached,474048.0,1442,448246.0,5939.0
39,2015-10,2015,10,London,Terraced,403776.0,735,381458.0,3820.0
40,2015-10,2015,10,London,Flat,364907.0,553,341993.0,3864.0
41,2015-11,2015,11,London,Detached,760082.0,851,686911.0,8714.0
42,2015-11,2015,11,London,Semi-Detached,479295.0,1175,451542.0,4685.0
43,2015-11,2015,11,London,Terraced,404472.0,663,360512.0,3800.0
44,2015-11,2015,11,London,Flat,356542.0,858,313884.0,4422.0
45,2015-12,2015,12,London,Detached,787822.0,894,729238.0,9509.0
46,2015-12,2015,12,London,Semi-Detached,471981.0,1244,426094.0,4667.0
47,2015-12,2015,12,London,Terraced,413020.0,882,382470.0,4353.0
48,2015-12,2015,12,London,Flat,357916.0,649,321610.0,4284.0
49,2016-01,2016,1,London,Detached,779678.0,855,729495.0,8421.0
50,2016-01,2016,1,London,Semi-Detached,490833.0,971,438641.0,4894.0
51,2016-01,2016,1,London,Terraced,428910.0,585,405676.0,3957.0
52,2016-01,2016,1,London,Flat,366245.0,755,322692.0,3407.0
53,2016-02,2016,2,London,Detached,794833.0,785,753067.0,7580.0
54,2016-02,2016,2,London,Semi-Detached,487004.0,646,457579.0,5657.0
55,2016-02,2016,2,London,Terraced,420625.0,550,397714.0,4233.0
56,2016-02,2016,2,London,Flat,365047.0,830,336957.0,3329.0
57,2016-03,2016,3,London,Detached,778069.0,871,722663.0,7813.0
58,2016-03,2016,3,London,Semi-Detached,498938.0,681,467333.0,4827.0
59,2016-03,2016,3,London,Terraced,414643.0,903,388056.0,4242.0
60,2016-03,2016,3,London,Flat,392527.0,990,369878.0,4521.0
61,2016-04,2016,4,London,Detached,795868.0,752,732580.0,10437.0
62,2016-04,2016,4,London,Semi-Detached,520724.0,554,468682.0,5442.0
63,2016-04,2016,4,London,Terraced,424736.0,1017,377545.0,4553.0
64,2016-04,2016,4,London,Flat,373389.0,935,344863.0,4788.0
65,2016-05,2016,5,London,Detached,798539.0,1228,743301.0,7316.0
66,2016-05,2016,5,London,Semi-Detached,508806.0,513,476071.0,6023.0
67,2016-05,2016,5,London,Terraced,429609.0,641,378819.0,3953.0
68,2016-05,2016,5,London,Flat,377359.0,900,342879.0,4655.0
69,2016-06,2016,6,London,Detached,787628.0,669,723394.0,7875.0
70,2016-06,2016,6,London,Semi-Detached,486423.0,1278,460565.0,4824.0
71,2016-06,2016,6,London,Terraced,434845.0,1006,395436.0,5197.0
72,2016-06,2016,6,London,Flat,378916.0,658,333828.0,4793.0
73,2016-07,2016,7,London,Detached,799432.0,614,731011.0,8730.0
74,2016-07,2016,7,London,Semi-Detached,493465.0,974,448014.0,5111.0
75,2016-07,2016,7,London,Terraced,411962.0,711,373330.0,4251.0
76,2016-07,2016,7,London,Flat,371156.0,1032,343731.0,4599.0
77,2016-08,2016,8,London,Detached,786739.0,679,693790.0,8238.0
78,2016-08,2016,8,London,Semi-Detached,491083.0,1212,445497.0,5036.0
79,2016-08,2016,8,London,Terraced,430044.0,409,406780.0,4859.0
80,2016-08,2016,8,London,Flat,369236.0,675,326768.0,4285.0
81,2016-09,2016,9,London,Detached,785410.0,871,725739.0,7430.0
82,2016-09,2016,9,London,Semi-Detached,479666.0,1251,431576.0,5906.0
83,2016-09,2016,9,London,Terraced,415890.0,949,394819.0,4650.0
84,2016-09,2016,9,London,Flat,366856.0,1055,331586.0,3410.0
85,2016-10,2016,10,London,Detached,769380.0,1019,717494.0,7587.0
86,2016-10,2016,10,London,Semi-Detached,491885.0,1045,443879.0,4625.0
87,2016-10,2016,10,London,Terraced,412066.0,773,390038.0,4334.0
88,2016-10,2016,10,London,Flat,357388.0,1218,321836.0,4131.0
89,2016-11,2016,11,London,Detached,794412.0,924,704155.0,8606.0
90,2016-11,2016,11,London,Semi-Detached,495306.0,1059,451177.0,4670.0
91,2016-11,2016,11,London,Terraced,412842.0,634,367434.0,4061.0
92,2016-11,2016,11,London,Flat,366237.0,635,324444.0,3680.0
93,2016-12,2016,12,London,Detached,772266.0,846,684180.0,7051.0
94,2016-12,2016,12,London,Semi-Detached,475542.0,674,445533.0,4397.0
95,2016-12,2016,12,London,Terraced,408733.0,757,381920.0,4323.0
96,2016-12,2016,12,London,Flat,369266.0,768,327828.0,4003.0
97,2017-01,2017,1,London,Detached,799909.0,864,745694.0,8383.0
98,2017-01,2017,1,London,Semi-Detached,495887.0,1011,446298.0,4705.0
99,2017-01,2017,1,London,Terraced,429372.0,844,380065.0,4549.0
100,2017-01,2017,1,London,Flat,376659.0,804,348055.0,3791.0
101,2017-02,2017,2,London,Detached,841204.0,646,774666.0,7896.0
102,2017-02,2017,2,London,Semi-Detached,526032.0,829,473122.0,6448.0
103,2017-02,2017,2,London,Terraced,419116.0,694,385945.0,5393.0
104,2017-02,2017,2,London,Flat,383935.0,1175,346182.0,3710.0
105,2017-03,2017,3,London,Detached,816517.0,535,771846.0,7753.0
106,2017-03,2017,3,London,Semi-Detached,520502.0,1346,494013.0,6485.0
107,2017-03,2017,3,London,Terraced,427567.0,457,405288.0,4093.0
108,2017-03,2017,3,London,Flat,387655.0,777,352393.0,4584.0
109,2017-04,2017,4,London,Detached,838909.0,809,783397.0,7763.0
110,2017-04,2017,4,London,Semi-Detached,520737.0,1201,474672.0,6548.0
111,2017-04,2017,4,London,Terraced,446439.0,902,400012.0,4532.0
112,2017-04,2017,4,London,Flat,384159.0,1055,341114.0,3900.0
113,2017-05,2017,5,London,Detached,850249.0,1035,781067.0,8985.0
114,2017-05,2017,5,London,Semi-Detached,531022.0,975,472281.0,6986.0
115,2017-05,2017,5,London,Terraced,457484.0,929,425133.0,5548.0
116,2017-05,2017,5,London,Flat,406032.0,1011,368456.0,4496.0
117,2017-06,2017,6,London,Detached,818367.0,943,749607.0,7990.0
118,2017-06,2017,6,London,Semi-Detached,526100.0,681,494726.0,4861.0
119,2017-06,2017,6,London,Terraced,425368.0,788,387995.0,3892.0
120,2017-06,2017,6,London,Flat,373221.0,782,344983.0,4475.0
121,2017-07,2017,7,London,Detached,830598.0,697,783067.0,9069.0
122,2017-07,2017,7,London,Semi-Detached,518181.0,783,462974.0,6780.0
123,2017-07,2017,7,London,Terraced,450949.0,693,402423.0,5774.0
124,2017-07,2017,7,London,Flat,390214.0,778,349024.0,4447.0
125,2017-08,2017,8,London,Detached,851493.0,807,751657.0,8269.0
126,2017-08,2017,8,London,Semi-Detached,511522.0,1095,481419.0,4770.0
127,2017-08,2017,8,London,Terraced,438665.0,755,410781.0,4335.0
128,2017-08,2017,8,London,Flat,384626.0,684,348445.0,4183.0
129,2017-09,2017,9,London,Detached,835607.0,1128,737480.0,9967.0
130,2017-09,2017,9,London,Semi-Detached,509850.0,1189,466930.0,5446.0
131,2017-09,2017,9,London,Terraced,437028.0,774,400879.0,5235.0
132,2017-09,2017,9,London,Flat,378320.0,648,333453.0,4385.0
133,2017-10,2017,10,London,Detached,807965.0,583,717782.0,7610.0
134,2017-10,2017,10,London,Semi-Detached,522828.0,1269,488971.0,5656.0
135,2017-10,2017,10,London,Terraced,433938.0,627,399691.0,4293.0
136,2017-10,2017,10,London,Flat,376492.0,761,338792.0,4293.0
137,2017-11,2017,11,London,Detached,859472.0,520,762459.0,10697.0
138,2017-11,2017,11,London,Semi-Detached,526623.0,870,470306.0,6197.0
139,2017-11,2017,11,London,Terraced,440638.0,809,400420.0,4028.0
140,2017-11,2017,11,London,Flat,386778.0,752,366613.0,3673.0
141,2017-12,2017,12,London,Detached,812073.0,951,724339.0,8253.0
142,2017-12,2017,12,London,Semi-Detached,512738.0,1235,471726.0,6046.0
143,2017-12,2017,12,London,Terraced,430853.0,914,388913.0,4793.0
144,2017-12,2017,12,London,Flat,374607.0,809,332666.0,3887.0
145,2018-01,2018,1,London,Detached,816778.0,786,749215.0,10633.0
146,2018-01,2018,1,London,Semi-Detached,514024.0,816,454621.0,4688.0
147,2018-01,2018,1,London,Terraced,442437.0,1001,397231.0,4476.0
148,2018-01,2018,1,London,Flat,389253.0,905,355392.0,4353.0
149,2018-02,2018,2,London,Detached,859686.0,759,806509.0,7903.0
150,2018-02,2018,2,London,Semi-Detached,535659.0,882,506564.0,6585.0
151,2018-02,2018,2,London,Terraced,453377.0,768,417204.0,4340.0
152,2018-02,2018,2,London,Flat,401543.0,717,359025.0,4974.0
153,2018-03,2018,3,London,Detached,845856.0,857,765600.0,8002.0
154,2018-03,2018,3,London,Semi-Detached,548582.0,1352,499615.0,6220.0
155,2018-03,2018,3,London,Terraced,449449.0,425,419036.0,4854.0
156,2018-03,2018,3,London,Flat,396911.0,865,359947.0,4221.0
157,2018-04,2018,4,London,Detached,857186.0,954,761338.0,7945.0
158,2018-04,2018,4,London,Semi-Detached,522014.0,1337,464462.0,5078.0
159,2018-04,2018,4,London,Terraced,458084.0,1254,431777.0,4465.0
160,2018-04,2018,4,London,Flat,397632.0,630,356833.0,3935.0
161,2018-05,2018,5,London,Detached,857920.0,895,775513.0,8270.0
162,2018-05,2018,5,London,Semi-Detached,542772.0,969,507932.0,6764.0
163,2018-05,2018,5,London,Terraced,452319.0,951,420839.0,4642.0
164,2018-05,2018,5,London,Flat,399449.0,882,358556.0,4586.0
165,2018-06,2018,6,London,Detached,862294.0,1099,786706.0,7973.0
166,2018-06,2018,6,London,Semi-Detached,556032.0,747,508999.0,5768.0
167,2018-06,2018,6,London,Terraced,471423.0,945,437842.0,4394.0
168,2018-06,2018,6,London,Flat,410356.0,894,377667.0,4264.0
169,2018-07,2018,7,London,Detached,877167.0,602,832378.0,8405.0
170,2018-07,2018,7,London,Semi-Detached,551423.0,1054,508075.0,6198.0
171,2018-07,2018,7,London,Terraced,477303.0,768,446851.0,6350.0
172,2018-07,2018,7,London,Flat,411696.0,597,377780.0,3841.0
173,2018-08,2018,8,London,Detached,833581.0,540,776585.0,9178.0
174,2018-08,2018,8,London,Semi-Detached,529199.0,649,470913.0,6519.0
175,2018-08,2018,8,London,Terraced,433310.0,789,409061.0,4942.0
176,2018-08,2018,8,London,Flat,409502.0,1025,360737.0,4169.0
177,2018-09,2018,9,London,Detached,845299.0,1314,747832.0,8349.0
178,2018-09,2018,9,London,Semi-Detached,537706.0,1091,480902.0,6584.0
179,2018-09,2018,9,London,Terraced,455656.0,793,418993.0,5895.0
180,2018-09,2018,9,London,Flat,399637.0,749,366350.0,4419.0
181,2018-10,2018,10,London,Detached,888996.0,385,791977.0,10926.0
182,2018-10,2018,10,London,Semi-Detached,533912.0,837,493912.0,5978.0
183,2018-10,2018,10,London,Terraced,470120.0,1054,414598.0,5680.0
184,2018-10,2018,10,London,Flat,413499.0,574,364450.0,5258.0
185,2018-11,2018,11,London,Detached,857062.0,555,760181.0,10263.0
186,2018-11,2018,11,London,Semi-Detached,537448.0,1224,504188.0,6045.0
187,2018-11,2018,11,London,Terraced,455008.0,583,409744.0,4278.0
188,2018-11,2018,11,London,Flat,402505.0,865,366078.0,3789.0
189,2018-12,2018,12,London,Detached,837898.0,1009,752567.0,9490.0
190,2018-12,2018,12,London,Semi-Detached,515501.0,1197,476163.0,5771.0
191,2018-12,2018,12,London,Terraced,434640.0,1139,391443.0,4017.0
192,2018-12,2018,12,London,Flat,392633.0,879,369386.0,4265.0
193,2019-01,2019,1,London,Detached,863838.0,727,776424.0,9194.0
194,2019-01,2019,1,London,Semi-Detached,538224.0,689,478887.0,5164.0
195,2019-01,2019,1,London,Terraced,462986.0,803,412992.0,5477.0
196,2019-01,2019,1,London,Flat,406119.0,839,365176.0,4302.0
197,2019-02,2019,2,London,Detached,871760.0,894,779745.0,11564.0
198,2019-02,2019,2,London,Semi-Detached,538628.0,1295,496634.0,5481.0
199,2019-02,2019,2,London,Terraced,443488.0,544,406379.0,5786.0
200,2019-02,2019,2,London,Flat,405550.0,654,359235.0,4220.0
201,2019-03,2019,3,London,Detached,852718.0,615,793312.0,9985.0
202,2019-03,2019,3,London,Semi-Detached,533398.0,793,494170.0,4949.0
203,2019-03,2019,3,London,Terraced,481044.0,628,424368.0,5715.0
204,2019-03,2019,3,London,Flat,412616.0,684,377439.0,4303.0
205,2019-04,2019,4,London,Detached,902763.0,659,801168.0,11629.0
206,2019-04,2019,4,London,Semi-Detached,554374.0,1500,514563.0,6145.0
207,2019-04,2019,4,London,Terraced,476471.0,687,445957.0,4798.0
208,2019-04,2019,4,London,Flat,419879.0,485,380103.0,5369.0
209,2019-05,2019,5,London,Detached,901200.0,835,848125.0,8956.0
210,2019-05,2019,5,London,Semi-Detached,546877.0,1185,507753.0,5222.0
211,2019-05,2019,5,London,Terraced,482036.0,785,431656.0,4399.0
212,2019-05,2019,5,London,Flat,408113.0,885,364298.0,4301.0
213,2019-06,2019,6,London,Detached,885482.0,1010,836521.0,8125.0
214,2019-06,2019,6,London,Semi-Detached,562214.0,1217,528674.0,5377.0
215,2019-06,2019,6,London,Terraced,484896.0,696,427964.0,5058.0
216,2019-06,2019,6,London,Flat,419161.0,738,371120.0,4218.0
217,2019-07,2019,7,London,Detached,899240.0,762,825290.0,8758.0
218,2019-07,2019,7,London,Semi-Detached,565912.0,1308,533100.0,5861.0
219,2019-07,2019,7,London,Terraced,473429.0,816,447738.0,4598.0
220,2019-07,2019,7,London,Flat,434081.0,696,396572.0,4477.0
221,2019-08,2019,8,London,Detached,904597.0,1090,822726.0,8973.0
222,2019-08,2019,8,London,Semi-Detached,565589.0,966,511758.0,6650.0
223,2019-08,2019,8,London,Terraced,476513.0,646,420736.0,6301.0
224,2019-08,2019,8,London,Flat,426660.0,846,386940.0,4319.0
225,2019-09,2019,9,London,Detached,899336.0,790,830032.0,11124.0
226,2019-09,2019,9,London,Semi-Detached,569603.0,1083,525482.0,6128.0
227,2019-09,2019,9,London,Terraced,482851.0,672,432361.0,5923.0
228,2019-09,2019,9,London,Flat,419552.0,672,370905.0,3852.0
229,2019-10,2019,10,London,Detached,919259.0,685,853736.0,11436.0
230,2019-10,2019,10,London,Semi-Detached,557891.0,1204,499685.0,5948.0
231,2019-10,2019,10,London,Terraced,489268.0,1159,433689.0,4628.0
232,2019-10,2019,10,London,Flat,418035.0,722,393878.0,3855.0
233,2019-11,2019,11,London,Detached,893130.0,931,791392.0,10002.0
234,2019-11,2019,11,London,Semi-Detached,572167.0,681,532481.0,6195.0
235,2019-11,2019,11,London,Terraced,466930.0,696,438721.0,5057.0
236,2019-11,2019,11,London,Flat,417963.0,1305,391935.0,4795.0
237,2019-12,2019,12,London,Detached,890276.0,1169,800084.0,8419.0
238,2019-12,2019,12,London,Semi-Detached,555669.0,1328,522073.0,5274.0
239,2019-12,2019,12,London,Terraced,473932.0,901,440199.0,4797.0
240,2019-12,2019,12,London,Flat,421656.0,929,375739.0,3984.0
241,2020-01,2020,1,London,Detached,891198.0,1041,794283.0,8600.0
242,2020-01,2020,1,London,Semi-Detached,548965.0,1047,483335.0,6455.0
243,2020-01,2020,1,London,Terraced,481469.0,838,444986.0,5725.0
244,2020-01,2020,1,London,Flat,417122.0,929,389838.0,5297.0
245,2020-02,2020,2,London,Detached,923751.0,1115,875171.0,10622.0
246,2020-02,2020,2,London,Semi-Detached,580438.0,1088,514950.0,5384.0
247,2020-02,2020,2,London,Terraced,485640.0,838,437594.0,4867.0
248,2020-02,2020,2,London,Flat,432255.0,659,390850.0,4469.0
249,2020-03,2020,3,London,Detached,880011.0,1113,816501.0,9712.0
250,2020-03,2020,3,London,Semi-Detached,546373.0,663,487066.0,5314.0
251,2020-03,2020,3,London,Terraced,449543.0,595,398190.0,4549.0
252,2020-03,2020,3,London,Flat,414543.0,543,392390.0,5163.0
253,2020-04,2020,4,London,Detached,907244.0,780,825031.0,9320.0
254,2020-04,2020,4,London,Semi-Detached,548701.0,860,520651.0,6143.0
255,2020-04,2020,4,London,Terraced,475591.0,870,425615.0,6250.0
256,2020-04,2020,4,London,Flat,413257.0,1088,388670.0,4513.0
257,2020-05,2020,5,London,Detached,906795.0,913,846286.0,9356.0
258,2020-05,2020,5,London,Semi-Detached,566671.0,1091,530266.0,6169.0
259,2020-05,2020,5,London,Terraced,483545.0,664,432307.0,5244.0
260,2020-05,2020,5,London,Flat,433572.0,825,389708.0,4213.0
261,2020-06,2020,6,London,Detached,888631.0,422,782718.0,11461.0
262,2020-06,2020,6,London,Semi-Detached,555343.0,409,512027.0,6517.0
263,2020-06,2020,6,London,Terraced,480868.0,885,449414.0,6295.0
264,2020-06,2020,6,London,Flat,413270.0,790,370680.0,3773.0
265,2020-07,2020,7,London,Detached,914031.0,1100,840155.0,12132.0
266,2020-07,2020,7,London,Semi-Detached,589022.0,1094,521962.0,6749.0
267,2020-07,2020,7,London,Terraced,479031.0,599,440578.0,4832.0
268,2020-07,2020,7,London,Flat,434190.0,685,387177.0,5520.0
269,2020-08,2020,8,London,Detached,961305.0,984,848074.0,8920.0
270,2020-08,2020,8,London,Semi-Detached,588990.0,871,547545.0,5584.0
271,2020-08,2020,8,London,Terraced,506911.0,927,458126.0,4897.0
272,2020-08,2020,8,London,Flat,450069.0,839,410311.0,4615.0
273,2020-09,2020,9,London,Detached,960029.0,669,903411.0,11612.0
274,2020-09,2020,9,London,Semi-Detached,593900.0,1175,550016.0,6425.0
275,2020-09,2020,9,London,Terraced,504130.0,1145,451696.0,4588.0
276,2020-09,2020,9,London,Flat,451618.0,807,403732.0,4571.0
277,2020-10,2020,10,London,Detached,939471.0,466,883835.0,9353.0
278,2020-10,2020,10,London,Semi-Detached,585173.0,1449,529122.0,6651.0
279,2020-10,2020,10,London,Terraced,502715.0,1009,457824.0,5008.0
280,2020-10,2020,10,London,Flat,449237.0,792,423652.0,5005.0
281,2020-11,2020,11,London,Detached,931292.0,1095,867329.0,11699.0
282,2020-11,2020,11,London,Semi-Detached,608496.0,1168,543130.0,7304.0
283,2020-11,2020,11,London,Terraced,508713.0,794,456471.0,4823.0
284,2020-11,2020,11,London,Flat,454981.0,954,411824.0,4752.0
285,2020-12,2020,12,London,Detached,919393.0,576,871455.0,10941.0
286,2020-12,2020,12,London,Semi-Detached,566542.0,1341,529231.0,7119.0
287,2020-12,2020,12,London,Terraced,490752.0,895,439971.0,6326.0
288,2020-12,2020,12,London,Flat,433821.0,543,391996.0,4171.0
289,2021-01,2021,1,London,Detached,944299.0,1100,842025.0,11677.0
290,2021-01,2021,1,London,Semi-Detached,601577.0,956,564936.0,5829.0
291,2021-01,2021,1,London,Terraced,520630.0,1006,465656.0,6597.0
292,2021-01,2021,1,London,Flat,447097.0,785,410069.0,4148.0
293,2021-02,2021,2,London,Detached,993592.0,783,896350.0,10712.0
294,2021-02,2021,2,London,Semi-Detached,622687.0,1130,567786.0,6692.0
295,2021-02,2021,2,London,Terraced,538463.0,772,479111.0,7080.0
296,2021-02,2021,2,London,Flat,468341.0,592,418758.0,4751.0
297,2021-03,2021,3,London,Detached,1021995.0,761,948905.0,9795.0
298,2021-03,2021,3,London,Semi-Detached,622945.0,1079,569871.0,6447.0
299,2021-03,2021,3,London,Terraced,530671.0,840,468119.0,4933.0
300,2021-03,2021,3,London,Flat,473029.0,1021,423407.0,4824.0
301,2021-04,2021,4,London,Detached,1057636.0,570,938612.0,10790.0
302,2021-04,2021,4,London,Semi-Detached,644593.0,1125,606532.0,6296.0
303,2021-04,2021,4,London,Terraced,561707.0,890,528845.0,6301.0
304,2021-04,2021,4,London,Flat,492544.0,554,461292.0,4844.0
305,2021-05,2021,5,London,Detached,1052708.0,769,966506.0,13998.0
306,2021-05,2021,5,London,Semi-Detached,645854.0,754,586263.0,6501.0
307,2021-05,2021,5,London,Terraced,536108.0,601,480690.0,6088.0
308,2021-05,2021,5,London,Flat,467863.0,1128,432008.0,5129.0
309,2021-06,2021,6,London,Detached,1075382.0,735,985411.0,11718.0
310,2021-06,2021,6,London,Semi-Detached,648553.0,612,597066.0,6923.0
311,2021-06,2021,6,London,Terraced,574696.0,912,538438.0,5739.0
312,2021-06,2021,6,London,Flat,502425.0,856,450697.0,4676.0
313,2021-07,2021,7,London,Detached,1043129.0,461,938755.0,12164.0
314,2021-07,2021,7,London,Semi-Detached,653746.0,1086,589543.0,6784.0
315,2021-07,2021,7,London,Terraced,568125.0,602,516396.0,7167.0
316,2021-07,2021,7,London,Flat,497963.0,910,444532.0,5333.0
317,2021-08,2021,8,London,Detached,1040690.0,863,957135.0,12392.0
318,2021-08,2021,8,London,Semi-Detached,656159.0,1183,614440.0,6961.0
319,2021-08,2021,8,London,Terraced,558947.0,714,529098.0,5819.0
320,2021-08,2021,8,London,Flat,492625.0,808,441375.0,5977.0
321,2021-09,2021,9,London,Detached,1075455.0,551,1005159.0,12709.0
322,2021-09,2021,9,London,Semi-Detached,648163.0,963,600671.0,8273.0
323,2021-09,2021,9,London,Terraced,567145.0,632,522376.0,7012.0
324,2021-09,2021,9,London,Flat,507034.0,926,453883.0,6471.0
325,2021-10,2021,10,London,Detached,1073087.0,770,989919.0,11400.0
326,2021-10,2021,10,London,Semi-Detached,664634.0,683,612536.0,7194.0
327,2021-10,2021,10,London,Terraced,562835.0,1127,512166.0,5622.0
328,2021-10,2021,10,London,Flat,506970.0,1125,455863.0,6518.0
329,2021-11,2021,11,London,Detached,1049166.0,670,928365.0,11261.0
330,2021-11,2021,11,London,Semi-Detached,653640.0,1100,615471.0,6685.0
331,2021-11,2021,11,London,Terraced,552775.0,401,499328.0,5616.0
332,2021-11,2021,11,London,Flat,502200.0,1134,458290.0,6513.0
333,2021-12,2021,12,London,Detached,1095077.0,815,977106.0,11045.0
334,2021-12,2021,12,London,Semi-Detached,680463.0,672,603413.0,7497.0
335,2021-12,2021,12,London,Terraced,570563.0,1047,528652.0,5548.0
336,2021-12,2021,12,London,Flat,500714.0,736,475414.0,4660.0
337,2022-01,2022,1,London,Detached,1111380.0,1263,984948.0,10957.0
338,2022-01,2022,1,London,Semi-Detached,697229.0,1074,651729.0,6986.0
339,2022-01,2022,1,London,Terraced,587821.0,642,520889.0,5453.0
340,2022-01,2022,1,London,Flat,509474.0,432,462495.0,5620.0
341,2022-02,2022,2,London,Detached,1124157.0,1298,1061606.0,12167.0
342,2022-02,2022,2,London,Semi-Detached,699384.0,1014,634092.0,6615.0
343,2022-02,2022,2,London,Terraced,596129.0,864,557561.0,6959.0
344,2022-02,2022,2,London,Flat,522520.0,648,466165.0,5261.0
345,2022-03,2022,3,London,Detached,1130369.0,1017,1005211.0,10748.0
346,2022-03,2022,3,London,Semi-Detached,711609.0,1033,656415.0,6992.0
347,2022-03,2022,3,London,Terraced,607958.0,802,551969.0,7588.0
348,2022-03,2022,3,London,Flat,519505.0,678,458103.0,6516.0
349,2022-04,2022,4,London,Detached,1148590.0,905,1088412.0,12743.0
350,2022-04,2022,4,London,Semi-Detached,717953.0,526,653887.0,9123.0
351,2022-04,2022,4,London,Terraced,598607.0,919,552737.0,6123.0
352,2022-04,2022,4,London,Flat,536222.0,1098,474059.0,4883.0
353,2022-05,2022,5,London,Detached,1163586.0,677,1080333.0,15076.0
354,2022-05,2022,5,London,Semi-Detached,727621.0,1081,681765.0,7538.0
355,2022-05,2022,5,London,Terraced,621325.0,989,569688.0,6910.0
356,2022-05,2022,5,London,Flat,535992.0,526,485471.0,5989.0
357,2022-06,2022,6,London,Detached,1181361.0,951,1103216.0,15671.0
358,2022-06,2022,6,London,Semi-Detached,726069.0,366,639916.0,8634.0
359,2022-06,2022,6,London,Terraced,617441.0,878,566485.0,7481.0
360,2022-06,2022,6,London,Flat,549176.0,915,487493.0,5831.0
361,2022-07,2022,7,London,Detached,1188849.0,794,1058674.0,13766.0
362,2022-07,2022,7,London,Semi-Detached,734375.0,995,665573.0,8269.0
363,2022-07,2022,7,London,Terraced,649336.0,1094,611964.0,5988.0
364,2022-07,2022,7,London,Flat,556848.0,666,516849.0,6166.0
365,2022-08,2022,8,London,Detached,1198626.0,702,1058015.0,11248.0
366,2022-08,2022,8,London,Semi-Detached,765598.0,882,709062.0,7200.0
367,2022-08,2022,8,London,Terraced,642668.0,1112,568547.0,6900.0
368,2022-08,2022,8,London,Flat,560037.0,664,512913.0,5668.0
369,2022-09,2022,9,London,Detached,1165873.0,530,1054508.0,11417.0
370,2022-09,2022,9,London,Semi-Detached,716067.0,767,638866.0,9128.0
371,2022-09,2022,9,London,Terraced,622631.0,1037,559467.0,8221.0
372,2022-09,2022,9,London,Flat,550870.0,999,508854.0,6234.0
373,2022-10,2022,10,London,Detached,971653.0,749,896885.0,9516.0
374,2022-10,2022,10,London,Semi-Detached,614410.0,1602,542485.0,5642.0
375,2022-10,2022,10,London,Terraced,513694.0,985,487289.0,5347.0
376,2022-10,2022,10,London,Flat,468171.0,901,438594.0,4778.0
377,2022-11,2022,11,London,Detached,960793.0,591,875050.0,9961.0
378,2022-11,2022,11,London,Semi-Detached,590213.0,982,556031.0,6047.0
379,2022-11,2022,11,London,Terraced,514782.0,972,484047.0,4920.0
380,2022-11,2022,11,London,Flat,452124.0,766,421765.0,4962.0
381,2022-12,2022,12,London,Detached,983229.0,946,918682.0,10036.0
382,2022-12,2022,12,London,Semi-Detached,611682.0,702,580442.0,5674.0
383,2022-12,2022,12,London,Terraced,521631.0,669,488896.0,6325.0
384,2022-12,2022,12,London,Flat,466017.0,804,434000.0,4959.0
385,2023-01,2023,1,London,Detached,1013323.0,913,940588.0,9599.0
386,2023-01,2023,1,London,Semi-Detached,593440.0,1375,528877.0,6510.0
387,2023-01,2023,1,London,Terraced,523340.0,758,489849.0,6371.0
388,2023-01,2023,1,London,Flat,451322.0,1133,416624.0,5532.0
389,2023-02,2023,2,London,Detached,997623.0,678,916612.0,13269.0
390,2023-02,2023,2,London,Semi-Detached,605309.0,1208,573267.0,6888.0
391,2023-02,2023,2,London,Terraced,513711.0,712,463055.0,4861.0
392,2023-02,2023,2,London,Flat,471290.0,720,443971.0,4922.0
393,2023-03,2023,3,London,Detached,940040.0,494,879495.0,12013.0
394,2023-03,2023,3,London,Semi-Detached,614892.0,896,568753.0,7958.0
395,2023-03,2023,3,London,Terraced,532627.0,1108,489616.0,5541.0
396,2023-03,2023,3,London,Flat,466217.0,1004,419077.0,4488.0
397,2023-04,2023,4,London,Detached,980531.0,799,866886.0,11310.0
398,2023-04,2023,4,London,Semi-Detached,626928.0,1288,586305.0,6734.0
399,2023-04,2023,4,London,Terraced,518348.0,761,468055.0,5747.0
400,2023-04,2023,4,London,Flat,464758.0,775,428449.0,4613.0
401,2023-05,2023,5,London,Detached,1005031.0,1044,892753.0,11249.0
402,2023-05,2023,5,London,Semi-Detached,616484.0,943,567184.0,6450.0
403,2023-05,2023,5,London,Terraced,527959.0,702,476967.0,6954.0
404,2023-05,2023,5,London,Flat,450663.0,828,406007.0,4176.0
405,2023-06,2023,6,London,Detached,962274.0,481,905587.0,9211.0
406,2023-06,2023,6,London,Semi-Detached,610321.0,901,556657.0,6641.0
407,2023-06,2023,6,London,Terraced,514594.0,1154,468579.0,5119.0
408,2023-06,2023,6,London,Flat,450138.0,893,415349.0,5645.0
409,2023-07,2023,7,London,Detached,1011195.0,779,908376.0,12089.0
410,2023-07,2023,7,London,Semi-Detached,618680.0,981,556216.0,6091.0
411,2023-07,2023,7,London,Terraced,530396.0,1098,469175.0,5761.0
412,2023-07,2023,7,London,Flat,463539.0,315,419185.0,4353.0
413,2023-08,2023,8,London,Detached,987301.0,903,933570.0,12851.0
414,2023-08,2023,8,London,Semi-Detached,601995.0,902,560552.0,5505.0
415,2023-08,2023,8,London,Terraced,530220.0,549,473946.0,5594.0
416,2023-08,2023,8,London,Flat,465567.0,792,429531.0,5337.0
417,2023-09,2023,9,London,Detached,947176.0,840,868217.0,11987.0
418,2023-09,2023,9,London,Semi-Detached,609593.0,1151,539330.0,6110.0
419,2023-09,2023,9,London,Terraced,514674.0,634,469424.0,5596.0
420,2023-09,2023,9,London,Flat,450032.0,887,410592.0,5033.0
421,2023-10,2023,10,London,Detached,975942.0,1211,863083.0,10501.0
422,2023-10,2023,10,London,Semi-Detached,602693.0,1397,532562.0,5879.0
423,2023-10,2023,10,London,Terraced,508721.0,640,453539.0,5877.0
424,2023-10,2023,10,London,Flat,454097.0,1124,406118.0,4295.0
425,2023-11,2023,11,London,Detached,924107.0,976,848062.0,9999.0
426,2023-11,2023,11,London,Semi-Detached,590744.0,1117,553851.0,6689.0
427,2023-11,2023,11,London,Terraced,497050.0,822,447395.0,4837.0
428,2023-11,2023,11,London,Flat,434006.0,1174,406167.0,4884.0
429,2023-12,2023,12,London,Detached,957570.0,970,853249.0,9638.0
430,2023-12,2023,12,London,Semi-Detached,592101.0,1307,556577.0,5548.0
431,2023-12,2023,12,London,Terraced,505640.0,719,451484.0,4757.0
432,2023-12,2023,12,London,Flat,441980.0,884,402566.0,4578.0
433,2024-01,2024,1,London,Detached,964748.0,784,915437.0,9807.0
434,2024-01,2024,1,London,Semi-Detached,594466.0,763,559829.0,6608.0
435,2024-01,2024,1,London,Terraced,505115.0,1037,469936.0,4758.0
436,2024-01,2024,1,London,Flat,460046.0,838,410876.0,4380.0
437,2024-02,2024,2,London,Detached,947125.0,1063,880558.0,11013.0
438,2024-02,2024,2,London,Semi-Detached,602127.0,1009,549229.0,6880.0
439,2024-02,2024,2,London,Terraced,511656.0,795,462263.0,6310.0
440,2024-02,2024,2,London,Flat,448430.0,909,397777.0,5377.0
441,2024-03,2024,3,London,Detached,940991.0,1123,870963.0,9728.0
442,2024-03,2024,3,London,Semi-Detached,593487.0,1299,541848.0,5431.0
443,2024-03,2024,3,London,Terraced,503633.0,619,467035.0,5831.0
444,2024-03,2024,3,London,Flat,449454.0,707,401022.0,4283.0
445,2024-04,2024,4,London,Detached,979110.0,705,880758.0,10042.0
446,2024-04,2024,4,London,Semi-Detached,607756.0,1544,547814.0,7372.0
447,2024-04,2024,4,London,Terraced,519589.0,835,488926.0,5103.0
448,2024-04,2024,4,London,Flat,459286.0,1021,412540.0,4302.0
449,2024-05,2024,5,London,Detached,1011876.0,773,923059.0,9613.0
450,2024-05,2024,5,London,Semi-Detached,605910.0,475,574631.0,7682.0
451,2024-05,2024,5,London,Terraced,529308.0,692,493205.0,4941.0
452,2024-05,2024,5,London,Flat,460548.0,941,414703.0,4309.0
453,2024-06,2024,6,London,Detached,987209.0,923,869989.0,9082.0
454,2024-06,2024,6,London,Semi-Detached,601680.0,1322,564411.0,7091.0
455,2024-06,2024,6,London,Terraced,521564.0,1167,462501.0,6249.0
456,2024-06,2024,6,London,Flat,457549.0,739,412292.0,4769.0
457,2024-07,2024,7,London,Detached,1037913.0,990,978193.0,12737.0
458,2024-07,2024,7,London,Semi-Detached,676171.0,1012,632639.0,8872.0
459,2024-07,2024,7,London,Terraced,558948.0,814,494364.0,5369.0
460,2024-07,2024,7,London,Flat,503058.0,614,445997.0,4709.0
461,2024-08,2024,8,London,Detached,1083196.0,900,1019860.0,11401.0
462,2024-08,2024,8,London,Semi-Detached,640181.0,1216,577563.0,7097.0
463,2024-08,2024,8,London,Terraced,571500.0,1074,538626.0,6314.0
464,2024-08,2024,8,London,Flat,512530.0,1062,472255.0,5146.0
465,2024-09,2024,9,London,Detached,1035242.0,750,946353.0,10582.0
466,2024-09,2024,9,London,Semi-Detached,654571.0,1072,610094.0,7060.0
467,2024-09,2024,9,London,Terraced,568175.0,675,510112.0,6481.0
468,2024-09,2024,9,London,Flat,498669.0,677,443717.0,5888.0
469,2024-10,2024,10,London,Detached,1032220.0,783,952486.0,12169.0
470,2024-10,2024,10,London,Semi-Detached,659855.0,661,580926.0,8767.0
471,2024-10,2024,10,London,Terraced,557585.0,649,522001.0,5868.0
472,2024-10,2024,10,London,Flat,480377.0,823,454063.0,5404.0
473,2024-11,2024,11,London,Detached,1042707.0,736,954618.0,9874.0
474,2024-11,2024,11,London,Semi-Detached,651256.0,1534,618366.0,8181.0
475,2024-11,2024,11,London,Terraced,559748.0,658,509106.0,6262.0
476,2024-11,2024,11,London,Flat,483120.0,853,445704.0,5629.0
477,2024-12,2024,12,London,Detached,1051304.0,829,944105.0,13639.0
478,2024-12,2024,12,London,Semi-Detached,677867.0,1273,601955.0,7665.0
479,2024-12,2024,12,London,Terraced,544423.0,656,483705.0,6072.0
480,2024-12,2024,12,London,Flat,495418.0,815,438749.0,5667.0
481,2025-01,2025,1,London,Detached,1067164.0,581,983452.0,14162.0
482,2025-01,2025,1,London,Semi-Detached,676608.0,1224,624428.0,6409.0
483,2025-01,2025,1,London,Terraced,565168.0,677,533050.0,7309.0
484,2025-01,2025,1,London,Flat,499634.0,571,440087.0,5566.0
485,2025-02,2025,2,London,Detached,1066313.0,423,981438.0,13933.0
486,2025-02,2025,2,London,Semi-Detached,669334.0,772,605092.0,6659.0
487,2025-02,2025,2,London,Terraced,575826.0,885,534640.0,6395.0
488,2025-02,2025,2,London,Flat,491833.0,983,443359.0,4793.0
489,2025-03,2025,3,London,Detached,1091003.0,857,1030086.0,12111.0
490,2025-03,2025,3,London,Semi-Detached,687116.0,1246,622515.0,7155.0
491,2025-03,2025,3,London,Terraced,566518.0,1006,513390.0,7008.0
492,2025-03,2025,3,London,Flat,522008.0,578,491892.0,5993.0
493,2025-04,2025,4,London,Detached,1108151.0,1079,1001594.0,14297.0
494,2025-04,2025,4,London,Semi-Detached,662092.0,830,614023.0,6882.0
495,2025-04,2025,4,London,Terraced,566668.0,681,537860.0,6235.0
496,2025-04,2025,4,London,Flat,503247.0,884,459963.0,6625.0
497,2025-05,2025,5,London,Detached,1105364.0,712,975115.0,12479.0
498,2025-05,2025,5,London,Semi-Detached,689650.0,972,620856.0,6475.0
499,2025-05,2025,5,London,Terraced,601248.0,939,554475.0,5785.0
500,2025-05,2025,5,London,Flat,515495.0,778,467547.0,5931.0
501,2025-06,2025,6,London,Detached,1089537.0,828,1001023.0,11596.0
502,2025-06,2025,6,London,Semi-Detached,700014.0,1170,637595.0,8179.0
503,2025-06,2025,6,London,Terraced,582407.0,675,514868.0,6695.0
504,2025-06,2025,6,London,Flat,504594.0,949,464546.0,6318.0
505,2025-07,2025,7,London,Detached,1115010.0,293,1058779.0,10538.0
506,2025-07,2025,7,London,Semi-Detached,703595.0,1326,649732.0,8576.0
507,2025-07,2025,7,London,Terraced,618276.0,706,564664.0,6577.0
508,2025-07,2025,7,London,Flat,529127.0,850,485388.0,5018.0
509,2025-08,2025,8,London,Detached,1112906.0,721,989081.0,10826.0
510,2025-08,2025,8,London,Semi-Detached,698822.0,943,661144.0,8713.0
511,2025-08,2025,8,London,Terraced,591841.0,794,540847.0,5625.0
512,2025-08,2025,8,London,Flat,505465.0,1052,454921.0,6156.0
513,2025-09,2025,9,London,Detached,1112039.0,372,1023531.0,10561.0
514,2025-09,2025,9,London,Semi-Detached,713036.0,1025,668775.0,7007.0
515,2025-09,2025,9,London,Terraced,581316.0,911,519716.0,7375.0
516,2025-09,2025,9,London,Flat,511425.0,761,480375.0,4813.0
517,2025-10,2025,10,London,Detached,1115596.0,211,1030656.0,10385.0
518,2025-10,2025,10,London,Semi-Detached,690900.0,938,641253.0,6889.0
519,2025-10,2025,10,London,Terraced,580620.0,881,523114.0,6631.0
520,2025-10,2025,10,London,Flat,513448.0,972,459407.0,4732.0
521,2025-11,2025,11,London,Detached,1109048.0,945,1033448.0,13863.0
522,2025-11,2025,11,London,Semi-Detached,693187.0,1248,641959.0,6808.0
523,2025-11,2025,11,London,Terraced,591297.0,870,524009.0,6422.0
524,2025-11,2025,11,London,Flat,524177.0,767,476214.0,6780.0
525,2025-12,2025,12,London,Detached,1067827.0,738,1000101.0,9872.0
526,2025-12,2025,12,London,Semi-Detached,656235.0,1095,581018.0,7093.0
527,2025-12,2025,12,London,Terraced,579784.0,987,512248.0,7476.0
528,2025-12,2025,12,London,Flat,494350.0,647,443069.0,5827.0
529,2015-01,2015,1,South East,Detached,483746.0,747,433350.0,4966.0
530,2015-01,2015,1,South East,Semi-Detached,294109.0,1055,266182.0,3011.0
531,2015-01,2015,1,South East,Terraced,258812.0,196,238368.0,2672.0
532,2015-01,2015,1,South East,Flat,228044.0,841,204541.0,2281.0
533,2015-02,2015,2,South East,Detached,487487.0,901,447842.0,5230.0
534,2015-02,2015,2,South East,Semi-Detached,304299.0,907,273564.0,3294.0
535,2015-02,2015,2,South East,Terraced,254461.0,718,235139.0,3309.0
536,2015-02,2015,2,South East,Flat,224089.0,1024,197201.0,2412.0
537,2015-03,2015,3,South East,Detached,491324.0,965,443242.0,6254.0
538,2015-03,2015,3,South East,Semi-Detached,302379.0,690,283931.0,3517.0
539,2015-03,2015,3,South East,Terraced,257209.0,852,234155.0,2407.0
540,2015-03,2015,3,South East,Flat,230440.0,878,204228.0,2327.0
541,2015-04,2015,4,South East,Detached,478483.0,773,442257.0,4802.0
542,2015-04,2015,4,South East,Semi-Detached,314902.0,1361,298408.0,3098.0
543,2015-04,2015,4,South East,Terraced,264197.0,839,238005.0,3358.0
544,2015-04,2015,4,South East,Flat,234956.0,1040,207553.0,2682.0
545,2015-05,2015,5,South East,Detached,506172.0,511,452833.0,5758.0
546,2015-05,2015,5,South East,Semi-Detached,302731.0,907,282669.0,3380.0
547,2015-05,2015,5,South East,Terraced,265910.0,865,237947.0,2713.0
548,2015-05,2015,5,South East,Flat,236207.0,1007,211430.0,2393.0
549,2015-06,2015,6,South East,Detached,492404.0,963,438024.0,5034.0
550,2015-06,2015,6,South East,Semi-Detached,310986.0,1332,287705.0,3501.0
551,2015-06,2015,6,South East,Terraced,264213.0,927,248972.0,3106.0
552,2015-06,2015,6,South East,Flat,234393.0,767,208096.0,2519.0
553,2015-07,2015,7,South East,Detached,504700.0,754,461548.0,5661.0
554,2015-07,2015,7,South East,Semi-Detached,313143.0,1667,275784.0,3432.0
555,2015-07,2015,7,South East,Terraced,273382.0,804,253542.0,3182.0
556,2015-07,2015,7,South East,Flat,240370.0,943,220297.0,2202.0
557,2015-08,2015,8,South East,Detached,512741.0,918,455526.0,6083.0
558,2015-08,2015,8,South East,Semi-Detached,317746.0,1442,287359.0,3610.0
559,2015-08,2015,8,South East,Terraced,270338.0,810,253927.0,3565.0
560,2015-08,2015,8,South East,Flat,238564.0,848,222969.0,2621.0
561,2015-09,2015,9,South East,Detached,489335.0,779,456218.0,5343.0
562,2015-09,2015,9,South East,Semi-Detached,302050.0,1045,286160.0,3890.0
563,2015-09,2015,9,South East,Terraced,264142.0,547,236065.0,3305.0
564,2015-09,2015,9,South East,Flat,230115.0,1056,211816.0,2871.0
565,2015-10,2015,10,South East,Detached,506798.0,1028,459753.0,5140.0
566,2015-10,2015,10,South East,Semi-Detached,310575.0,713,293253.0,3647.0
567,2015-10,2015,10,South East,Terraced,271197.0,784,252089.0,3514.0
568,2015-10,2015,10,South East,Flat,232846.0,1217,207093.0,2145.0
569,2015-11,2015,11,South East,Detached,493993.0,1204,437350.0,5838.0
570,2015-11,2015,11,South East,Semi-Detached,307924.0,993,282754.0,3416.0
571,2015-11,2015,11,South East,Terraced,267098.0,515,235980.0,2555.0
572,2015-11,2015,11,South East,Flat,229996.0,714,217862.0,2809.0
573,2015-12,2015,12,South East,Detached,490990.0,892,447090.0,5127.0
574,2015-12,2015,12,South East,Semi-Detached,315300.0,867,299120.0,3861.0
575,2015-12,2015,12,South East,Terraced,268952.0,803,250935.0,3334.0
576,2015-12,2015,12,South East,Flat,242186.0,761,217317.0,2486.0
577,2016-01,2016,1,South East,Detached,502660.0,1096,459895.0,6664.0
578,2016-01,2016,1,South East,Semi-Detached,313616.0,714,283044.0,2996.0
579,2016-01,2016,1,South East,Terraced,267564.0,705,243485.0,3520.0
580,2016-01,2016,1,South East,Flat,234897.0,1219,208658.0,2760.0
581,2016-02,2016,2,South East,Detached,512556.0,763,486686.0,6694.0
582,2016-02,2016,2,South East,Semi-Detached,313725.0,1383,284697.0,3094.0
583,2016-02,2016,2,South East,Terraced,261750.0,1001,244769.0,3124.0
584,2016-02,2016,2,South East,Flat,230586.0,978,213515.0,2764.0
585,2016-03,2016,3,South East,Detached,506427.0,718,479350.0,5311.0
586,2016-03,2016,3,South East,Semi-Detached,324418.0,1553,297221.0,3194.0
587,2016-03,2016,3,South East,Terraced,266541.0,620,251238.0,2465.0
588,2016-03,2016,3,South East,Flat,236028.0,762,220598.0,2575.0
589,2016-04,2016,4,South East,Detached,512260.0,797,471986.0,6284.0
590,2016-04,2016,4,South East,Semi-Detached,331641.0,930,296651.0,4280.0
591,2016-04,2016,4,South East,Terraced,267327.0,839,250421.0,2564.0
592,2016-04,2016,4,South East,Flat,250015.0,585,233509.0,2553.0
593,2016-05,2016,5,South East,Detached,518536.0,699,460953.0,5094.0
594,2016-05,2016,5,South East,Semi-Detached,322144.0,864,305430.0,3885.0
595,2016-05,2016,5,South East,Terraced,274298.0,582,245807.0,3655.0
596,2016-05,2016,5,South East,Flat,237964.0,935,221766.0,2273.0
597,2016-06,2016,6,South East,Detached,500755.0,664,452067.0,5010.0
598,2016-06,2016,6,South East,Semi-Detached,319051.0,1160,289049.0,2994.0
599,2016-06,2016,6,South East,Terraced,270648.0,1084,249360.0,2758.0
600,2016-06,2016,6,South East,Flat,241275.0,638,224302.0,2984.0
601,2016-07,2016,7,South East,Detached,533039.0,930,480140.0,5330.0
602,2016-07,2016,7,South East,Semi-Detached,318933.0,940,292133.0,3436.0
603,2016-07,2016,7,South East,Terraced,278387.0,921,261106.0,2801.0
604,2016-07,2016,7,South East,Flat,244045.0,735,230493.0,2457.0
605,2016-08,2016,8,South East,Detached,532665.0,884,478964.0,5159.0
606,2016-08,2016,8,South East,Semi-Detached,326863.0,753,295318.0,2992.0
607,2016-08,2016,8,South East,Terraced,282027.0,955,262537.0,2979.0
608,2016-08,2016,8,South East,Flat,247196.0,933,224117.0,3063.0
609,2016-09,2016,9,South East,Detached,527045.0,741,494753.0,6990.0
610,2016-09,2016,9,South East,Semi-Detached,324911.0,645,301953.0,3136.0
611,2016-09,2016,9,South East,Terraced,274991.0,900,242987.0,2967.0
612,2016-09,2016,9,South East,Flat,244128.0,939,217896.0,2370.0
613,2016-10,2016,10,South East,Detached,500469.0,1019,445027.0,4753.0
614,2016-10,2016,10,South East,Semi-Detached,320912.0,815,288918.0,3042.0
615,2016-10,2016,10,South East,Terraced,279117.0,923,250517.0,2881.0
616,2016-10,2016,10,South East,Flat,246833.0,852,232868.0,3273.0
617,2016-11,2016,11,South East,Detached,513750.0,444,463132.0,5881.0
618,2016-11,2016,11,South East,Semi-Detached,322368.0,644,300218.0,3616.0
619,2016-11,2016,11,South East,Terraced,276889.0,692,256948.0,3196.0
620,2016-11,2016,11,South East,Flat,234149.0,768,221531.0,2402.0
621,2016-12,2016,12,South East,Detached,521269.0,1089,465978.0,5815.0
622,2016-12,2016,12,South East,Semi-Detached,318435.0,1107,286417.0,3761.0
623,2016-12,2016,12,South East,Terraced,273764.0,790,242206.0,2939.0
624,2016-12,2016,12,South East,Flat,239487.0,615,223118.0,2403.0
625,2017-01,2017,1,South East,Detached,510274.0,500,456375.0,5552.0
626,2017-01,2017,1,South East,Semi-Detached,320277.0,800,296568.0,2941.0
627,2017-01,2017,1,South East,Terraced,270776.0,655,239715.0,2500.0
628,2017-01,2017,1,South East,Flat,243216.0,690,224229.0,2512.0
629,2017-02,2017,2,South East,Detached,519269.0,965,457506.0,4774.0
630,2017-02,2017,2,South East,Semi-Detached,335024.0,741,311393.0,3477.0
631,2017-02,2017,2,South East,Terraced,276609.0,616,254988.0,2627.0
632,2017-02,2017,2,South East,Flat,250300.0,868,223815.0,2619.0
633,2017-03,2017,3,South East,Detached,551256.0,754,507599.0,6574.0
634,2017-03,2017,3,South East,Semi-Detached,338374.0,1188,307221.0,3241.0
635,2017-03,2017,3,South East,Terraced,287537.0,912,272697.0,3660.0
636,2017-03,2017,3,South East,Flat,250062.0,795,221676.0,2471.0
637,2017-04,2017,4,South East,Detached,540949.0,965,485831.0,5997.0
638,2017-04,2017,4,South East,Semi-Detached,347651.0,1399,321452.0,4165.0
639,2017-04,2017,4,South East,Terraced,285774.0,852,255468.0,2703.0
640,2017-04,2017,4,South East,Flat,251084.0,661,225713.0,3001.0
641,2017-05,2017,5,South East,Detached,541610.0,936,502127.0,6958.0
642,2017-05,2017,5,South East,Semi-Detached,349813.0,1169,330675.0,3719.0
643,2017-05,2017,5,South East,Terraced,292912.0,896,272995.0,2905.0
644,2017-05,2017,5,South East,Flat,251871.0,647,228189.0,2349.0
645,2017-06,2017,6,South East,Detached,559966.0,1272,503309.0,6371.0
646,2017-06,2017,6,South East,Semi-Detached,346005.0,1227,323555.0,3806.0
647,2017-06,2017,6,South East,Terraced,286891.0,938,266632.0,3189.0
648,2017-06,2017,6,South East,Flat,266047.0,646,251558.0,3444.0
649,2017-07,2017,7,South East,Detached,556271.0,722,501241.0,6008.0
650,2017-07,2017,7,South East,Semi-Detached,343010.0,1036,324109.0,4359.0
651,2017-07,2017,7,South East,Terraced,288739.0,701,267332.0,3433.0
652,2017-07,2017,7,South East,Flat,263007.0,744,232744.0,3227.0
653,2017-08,2017,8,South East,Detached,556036.0,868,520999.0,5618.0
654,2017-08,2017,8,South East,Semi-Detached,341744.0,880,308146.0,4081.0
655,2017-08,2017,8,South East,Terraced,304847.0,1048,275881.0,3489.0
656,2017-08,2017,8,South East,Flat,259450.0,909,233906.0,2425.0
657,2017-09,2017,9,South East,Detached,550872.0,817,521057.0,5213.0
658,2017-09,2017,9,South East,Semi-Detached,331204.0,980,304289.0,3576.0
659,2017-09,2017,9,South East,Terraced,287499.0,873,266623.0,2756.0
660,2017-09,2017,9,South East,Flat,255749.0,884,232922.0,2654.0
661,2017-10,2017,10,South East,Detached,553471.0,614,493999.0,5574.0
662,2017-10,2017,10,South East,Semi-Detached,341329.0,963,304318.0,4547.0
663,2017-10,2017,10,South East,Terraced,296231.0,983,271361.0,3673.0
664,2017-10,2017,10,South East,Flat,254867.0,548,226163.0,3079.0
665,2017-11,2017,11,South East,Detached,560842.0,524,502160.0,5165.0
666,2017-11,2017,11,South East,Semi-Detached,345314.0,1305,313927.0,3836.0
667,2017-11,2017,11,South East,Terraced,305298.0,1174,283668.0,3769.0
668,2017-11,2017,11,South East,Flat,262725.0,272,247208.0,2706.0
669,2017-12,2017,12,South East,Detached,538231.0,817,496462.0,6804.0
670,2017-12,2017,12,South East,Semi-Detached,337002.0,933,312888.0,4099.0
671,2017-12,2017,12,South East,Terraced,294090.0,753,263005.0,3170.0
672,2017-12,2017,12,South East,Flat,255041.0,789,238589.0,3294.0
673,2018-01,2018,1,South East,Detached,552881.0,1092,496338.0,7338.0
674,2018-01,2018,1,South East,Semi-Detached,356667.0,1112,334742.0,3438.0
675,2018-01,2018,1,South East,Terraced,306580.0,789,276950.0,2985.0
676,2018-01,2018,1,South East,Flat,268396.0,536,252252.0,2535.0
677,2018-02,2018,2,South East,Detached,547113.0,787,496312.0,5305.0
678,2018-02,2018,2,South East,Semi-Detached,345877.0,1055,305993.0,3272.0
679,2018-02,2018,2,South East,Terraced,297928.0,350,282366.0,3853.0
680,2018-02,2018,2,South East,Flat,257212.0,842,233107.0,2494.0
681,2018-03,2018,3,South East,Detached,556907.0,672,504601.0,7195.0
682,2018-03,2018,3,South East,Semi-Detached,338707.0,882,315198.0,3457.0
683,2018-03,2018,3,South East,Terraced,283434.0,930,259025.0,3770.0
684,2018-03,2018,3,South East,Flat,254232.0,919,233484.0,3288.0
685,2018-04,2018,4,South East,Detached,574505.0,1091,537011.0,5671.0
686,2018-04,2018,4,South East,Semi-Detached,357068.0,1406,317727.0,3625.0
687,2018-04,2018,4,South East,Terraced,309508.0,939,276047.0,3783.0
688,2018-04,2018,4,South East,Flat,268655.0,892,253496.0,2645.0
689,2018-05,2018,5,South East,Detached,590315.0,838,545608.0,7335.0
690,2018-05,2018,5,South East,Semi-Detached,368237.0,1510,331033.0,4486.0
691,2018-05,2018,5,South East,Terraced,307634.0,582,275346.0,3423.0
692,2018-05,2018,5,South East,Flat,269127.0,803,240372.0,3464.0
693,2018-06,2018,6,South East,Detached,572349.0,1103,536593.0,5835.0
694,2018-06,2018,6,South East,Semi-Detached,359078.0,1262,333391.0,4262.0
695,2018-06,2018,6,South East,Terraced,309052.0,910,278986.0,3660.0
696,2018-06,2018,6,South East,Flat,274429.0,610,245699.0,2864.0
697,2018-07,2018,7,South East,Detached,570216.0,910,532159.0,6990.0
698,2018-07,2018,7,South East,Semi-Detached,366505.0,1107,331975.0,4066.0
699,2018-07,2018,7,South East,Terraced,306138.0,869,270237.0,3113.0
700,2018-07,2018,7,South East,Flat,265931.0,935,250552.0,3078.0
701,2018-08,2018,8,South East,Detached,577023.0,863,517838.0,6062.0
702,2018-08,2018,8,South East,Semi-Detached,362909.0,1199,341157.0,3302.0
703,2018-08,2018,8,South East,Terraced,300359.0,751,264787.0,3428.0
704,2018-08,2018,8,South East,Flat,270475.0,1086,243939.0,2763.0
705,2018-09,2018,9,South East,Detached,588088.0,877,540710.0,6071.0
706,2018-09,2018,9,South East,Semi-Detached,366269.0,1104,337211.0,3340.0
707,2018-09,2018,9,South East,Terraced,311118.0,729,289189.0,3511.0
708,2018-09,2018,9,South East,Flat,276617.0,899,261395.0,2573.0
709,2018-10,2018,10,South East,Detached,567381.0,379,507701.0,5165.0
710,2018-10,2018,10,South East,Semi-Detached,355977.0,1270,328040.0,4631.0
711,2018-10,2018,10,South East,Terraced,308555.0,698,286162.0,3504.0
712,2018-10,2018,10,South East,Flat,272288.0,800,252901.0,2787.0
713,2018-11,2018,11,South East,Detached,562363.0,1046,501940.0,5642.0
714,2018-11,2018,11,South East,Semi-Detached,363003.0,1556,340720.0,4485.0
715,2018-11,2018,11,South East,Terraced,298549.0,1110,280239.0,2896.0
716,2018-11,2018,11,South East,Flat,268942.0,808,245865.0,3020.0
717,2018-12,2018,12,South East,Detached,575988.0,569,518038.0,5371.0
718,2018-12,2018,12,South East,Semi-Detached,368139.0,1448,333109.0,4792.0
719,2018-12,2018,12,South East,Terraced,304552.0,709,269808.0,3165.0
720,2018-12,2018,12,South East,Flat,264458.0,924,248699.0,2495.0
721,2019-01,2019,1,South East,Detached,570585.0,979,541946.0,7503.0
722,2019-01,2019,1,South East,Semi-Detached,357551.0,1105,339007.0,3917.0
723,2019-01,2019,1,South East,Terraced,310601.0,696,294535.0,2998.0
724,2019-01,2019,1,South East,Flat,269930.0,758,238881.0,3277.0
725,2019-02,2019,2,South East,Detached,574393.0,490,516264.0,7314.0
726,2019-02,2019,2,South East,Semi-Detached,358567.0,977,339963.0,3530.0
727,2019-02,2019,2,South East,Terraced,305674.0,895,274949.0,2969.0
728,2019-02,2019,2,South East,Flat,265090.0,591,237594.0,3333.0
729,2019-03,2019,3,South East,Detached,570964.0,708,510861.0,5526.0
730,2019-03,2019,3,South East,Semi-Detached,364918.0,932,343215.0,4538.0
731,2019-03,2019,3,South East,Terraced,305039.0,793,274891.0,3220.0
732,2019-03,2019,3,South East,Flat,269472.0,728,248089.0,2907.0
733,2019-04,2019,4,South East,Detached,597482.0,599,537229.0,6489.0
734,2019-04,2019,4,South East,Semi-Detached,371028.0,823,334464.0,3575.0
735,2019-04,2019,4,South East,Terraced,315202.0,672,287493.0,3140.0
736,2019-04,2019,4,South East,Flat,286266.0,962,267485.0,2722.0
737,2019-05,2019,5,South East,Detached,582926.0,744,520939.0,6327.0
738,2019-05,2019,5,South East,Semi-Detached,379933.0,1026,347192.0,3641.0
739,2019-05,2019,5,South East,Terraced,327052.0,990,297119.0,3781.0
740,2019-05,2019,5,South East,Flat,279836.0,1112,248724.0,3418.0
741,2019-06,2019,6,South East,Detached,617311.0,1125,564391.0,6327.0
742,2019-06,2019,6,South East,Semi-Detached,376769.0,645,341372.0,3838.0
743,2019-06,2019,6,South East,Terraced,319877.0,580,285640.0,3774.0
744,2019-06,2019,6,South East,Flat,278764.0,692,261425.0,3280.0
745,2019-07,2019,7,South East,Detached,598775.0,1043,542321.0,7672.0
746,2019-07,2019,7,South East,Semi-Detached,370129.0,1346,346335.0,4562.0
747,2019-07,2019,7,South East,Terraced,317974.0,579,284674.0,3011.0
748,2019-07,2019,7,South East,Flat,282610.0,632,248709.0,2679.0
749,2019-08,2019,8,South East,Detached,601684.0,1045,561082.0,7491.0
750,2019-08,2019,8,South East,Semi-Detached,361381.0,887,320388.0,3927.0
751,2019-08,2019,8,South East,Terraced,312646.0,666,280341.0,2928.0
752,2019-08,2019,8,South East,Flat,270401.0,375,252349.0,3363.0
753,2019-09,2019,9,South East,Detached,580488.0,694,544456.0,7169.0
754,2019-09,2019,9,South East,Semi-Detached,373158.0,1076,344446.0,3492.0
755,2019-09,2019,9,South East,Terraced,300783.0,901,265747.0,3946.0
756,2019-09,2019,9,South East,Flat,290305.0,383,272522.0,3601.0
757,2019-10,2019,10,South East,Detached,605566.0,715,542964.0,7891.0
758,2019-10,2019,10,South East,Semi-Detached,375500.0,1125,346429.0,4426.0
759,2019-10,2019,10,South East,Terraced,319917.0,573,299474.0,3606.0
760,2019-10,2019,10,South East,Flat,281772.0,871,263201.0,3383.0
761,2019-11,2019,11,South East,Detached,616045.0,764,544973.0,8141.0
762,2019-11,2019,11,South East,Semi-Detached,378397.0,1065,353524.0,4548.0
763,2019-11,2019,11,South East,Terraced,324634.0,761,307527.0,3300.0
764,2019-11,2019,11,South East,Flat,280709.0,776,259039.0,2843.0
765,2019-12,2019,12,South East,Detached,605738.0,708,573211.0,5716.0
766,2019-12,2019,12,South East,Semi-Detached,368729.0,1288,331751.0,3392.0
767,2019-12,2019,12,South East,Terraced,321831.0,1094,305517.0,3746.0
768,2019-12,2019,12,South East,Flat,277746.0,754,253026.0,3301.0
769,2020-01,2020,1,South East,Detached,601234.0,928,531687.0,7685.0
770,2020-01,2020,1,South East,Semi-Detached,377338.0,1124,336032.0,3466.0
771,2020-01,2020,1,South East,Terraced,316119.0,817,283643.0,3455.0
772,2020-01,2020,1,South East,Flat,271081.0,1041,252856.0,2847.0
773,2020-02,2020,2,South East,Detached,601233.0,1149,546021.0,5674.0
774,2020-02,2020,2,South East,Semi-Detached,387690.0,752,348539.0,4747.0
775,2020-02,2020,2,South East,Terraced,321446.0,588,292547.0,3088.0
776,2020-02,2020,2,South East,Flat,287409.0,685,263612.0,3378.0
777,2020-03,2020,3,South East,Detached,583692.0,526,520366.0,7381.0
778,2020-03,2020,3,South East,Semi-Detached,376069.0,1276,339995.0,3736.0
779,2020-03,2020,3,South East,Terraced,310898.0,908,291457.0,3278.0
780,2020-03,2020,3,South East,Flat,274708.0,946,249426.0,3178.0
781,2020-04,2020,4,South East,Detached,601302.0,818,553427.0,6590.0
782,2020-04,2020,4,South East,Semi-Detached,385071.0,1196,339737.0,3927.0
783,2020-04,2020,4,South East,Terraced,315461.0,815,281416.0,3325.0
784,2020-04,2020,4,South East,Flat,283796.0,768,266005.0,2594.0
785,2020-05,2020,5,South East,Detached,588570.0,717,527274.0,6100.0
786,2020-05,2020,5,South East,Semi-Detached,383218.0,1166,346868.0,3691.0
787,2020-05,2020,5,South East,Terraced,309414.0,781,279883.0,3529.0
788,2020-05,2020,5,South East,Flat,285058.0,683,255022.0,3656.0
789,2020-06,2020,6,South East,Detached,601340.0,233,564576.0,7268.0
790,2020-06,2020,6,South East,Semi-Detached,391527.0,919,367117.0,4426.0
791,2020-06,2020,6,South East,Terraced,317744.0,722,300356.0,4014.0
792,2020-06,2020,6,South East,Flat,289276.0,889,265327.0,3799.0
793,2020-07,2020,7,South East,Detached,609951.0,890,578222.0,6442.0
794,2020-07,2020,7,South East,Semi-Detached,379348.0,950,344917.0,4797.0
795,2020-07,2020,7,South East,Terraced,328105.0,922,303931.0,4223.0
796,2020-07,2020,7,South East,Flat,289446.0,942,262882.0,2778.0
797,2020-08,2020,8,South East,Detached,626434.0,1039,567638.0,7463.0
798,2020-08,2020,8,South East,Semi-Detached,387354.0,836,352075.0,3926.0
799,2020-08,2020,8,South East,Terraced,327927.0,840,297649.0,4030.0
800,2020-08,2020,8,South East,Flat,293168.0,733,258848.0,3269.0
801,2020-09,2020,9,South East,Detached,631195.0,1150,597785.0,7631.0
802,2020-09,2020,9,South East,Semi-Detached,392711.0,1098,362900.0,4407.0
803,2020-09,2020,9,South East,Terraced,337180.0,840,312708.0,3747.0
804,2020-09,2020,9,South East,Flat,301660.0,955,268553.0,2896.0
805,2020-10,2020,10,South East,Detached,653797.0,828,595080.0,7407.0
806,2020-10,2020,10,South East,Semi-Detached,400276.0,1120,375897.0,4354.0
807,2020-10,2020,10,South East,Terraced,331200.0,828,304742.0,3834.0
808,2020-10,2020,10,South East,Flat,300619.0,883,279873.0,3451.0
809,2020-11,2020,11,South East,Detached,654628.0,774,611967.0,7765.0
810,2020-11,2020,11,South East,Semi-Detached,409120.0,1468,379730.0,5165.0
811,2020-11,2020,11,South East,Terraced,350290.0,541,315788.0,3721.0
812,2020-11,2020,11,South East,Flat,306806.0,567,273660.0,3423.0
813,2020-12,2020,12,South East,Detached,651294.0,850,576975.0,7338.0
814,2020-12,2020,12,South East,Semi-Detached,411064.0,1470,366427.0,4942.0
815,2020-12,2020,12,South East,Terraced,346528.0,728,327418.0,3864.0
816,2020-12,2020,12,South East,Flat,294830.0,1063,260042.0,3090.0
817,2021-01,2021,1,South East,Detached,657140.0,453,623078.0,6987.0
818,2021-01,2021,1,South East,Semi-Detached,420159.0,1287,377725.0,3940.0
819,2021-01,2021,1,South East,Terraced,343952.0,969,303896.0,3825.0
820,2021-01,2021,1,South East,Flat,298374.0,886,267254.0,3599.0
821,2021-02,2021,2,South East,Detached,670987.0,620,606318.0,6362.0
822,2021-02,2021,2,South East,Semi-Detached,401747.0,942,362942.0,4524.0
823,2021-02,2021,2,South East,Terraced,350427.0,821,322407.0,3396.0
824,2021-02,2021,2,South East,Flat,312182.0,891,277982.0,3699.0
825,2021-03,2021,3,South East,Detached,657049.0,722,579798.0,7406.0
826,2021-03,2021,3,South East,Semi-Detached,422738.0,794,390992.0,5027.0
827,2021-03,2021,3,South East,Terraced,361748.0,599,328753.0,4337.0
828,2021-03,2021,3,South East,Flat,312734.0,995,289940.0,3011.0
829,2021-04,2021,4,South East,Detached,686236.0,733,639336.0,7832.0
830,2021-04,2021,4,South East,Semi-Detached,428288.0,1272,379329.0,3903.0
831,2021-04,2021,4,South East,Terraced,375665.0,1165,353361.0,4413.0
832,2021-04,2021,4,South East,Flat,338283.0,676,307426.0,3760.0
833,2021-05,2021,5,South East,Detached,690563.0,725,652865.0,6967.0
834,2021-05,2021,5,South East,Semi-Detached,447061.0,1097,417808.0,5916.0
835,2021-05,2021,5,South East,Terraced,384768.0,609,359210.0,4588.0
836,2021-05,2021,5,South East,Flat,329728.0,980,297647.0,3341.0
837,2021-06,2021,6,South East,Detached,736458.0,1104,683269.0,7741.0
838,2021-06,2021,6,South East,Semi-Detached,437898.0,903,408909.0,5281.0
839,2021-06,2021,6,South East,Terraced,375685.0,951,347048.0,3714.0
840,2021-06,2021,6,South East,Flat,338226.0,602,317750.0,4417.0
841,2021-07,2021,7,South East,Detached,730222.0,955,659564.0,7999.0
842,2021-07,2021,7,South East,Semi-Detached,447729.0,761,411181.0,5520.0
843,2021-07,2021,7,South East,Terraced,391710.0,1001,371173.0,5103.0
844,2021-07,2021,7,South East,Flat,329669.0,836,303122.0,3564.0
845,2021-08,2021,8,South East,Detached,713926.0,1011,674095.0,8001.0
846,2021-08,2021,8,South East,Semi-Detached,460688.0,849,414865.0,4933.0
847,2021-08,2021,8,South East,Terraced,392530.0,859,367193.0,3978.0
848,2021-08,2021,8,South East,Flat,345137.0,829,310867.0,4599.0
849,2021-09,2021,9,South East,Detached,715598.0,1037,659454.0,9470.0
850,2021-09,2021,9,South East,Semi-Detached,461819.0,804,427900.0,4888.0
851,2021-09,2021,9,South East,Terraced,391027.0,624,346688.0,3756.0
852,2021-09,2021,9,South East,Flat,337136.0,846,299121.0,3785.0
853,2021-10,2021,10,South East,Detached,745213.0,944,661955.0,9936.0
854,2021-10,2021,10,South East,Semi-Detached,453363.0,1392,407035.0,6009.0
855,2021-10,2021,10,South East,Terraced,397587.0,826,376529.0,4194.0
856,2021-10,2021,10,South East,Flat,340304.0,806,312543.0,3854.0
857,2021-11,2021,11,South East,Detached,741668.0,733,669017.0,9462.0
858,2021-11,2021,11,South East,Semi-Detached,451880.0,1408,425288.0,4114.0
859,2021-11,2021,11,South East,Terraced,370942.0,1055,334919.0,4328.0
860,2021-11,2021,11,South East,Flat,341713.0,1135,317026.0,3972.0
861,2021-12,2021,12,South East,Detached,739371.0,612,657288.0,7763.0
862,2021-12,2021,12,South East,Semi-Detached,467364.0,1315,435930.0,4428.0
863,2021-12,2021,12,South East,Terraced,401130.0,799,370380.0,4920.0
864,2021-12,2021,12,South East,Flat,355619.0,597,334103.0,4344.0
865,2022-01,2022,1,South East,Detached,740014.0,1024,655669.0,9611.0
866,2022-01,2022,1,South East,Semi-Detached,485762.0,1090,445980.0,5840.0
867,2022-01,2022,1,South East,Terraced,393601.0,1020,347514.0,4258.0
868,2022-01,2022,1,South East,Flat,354578.0,581,319668.0,3675.0
869,2022-02,2022,2,South East,Detached,787789.0,914,713373.0,8085.0
870,2022-02,2022,2,South East,Semi-Detached,471047.0,1001,437660.0,4986.0
871,2022-02,2022,2,South East,Terraced,413094.0,751,364128.0,4801.0
872,2022-02,2022,2,South East,Flat,355122.0,1046,329303.0,3997.0
873,2022-03,2022,3,South East,Detached,794024.0,935,712686.0,10024.0
874,2022-03,2022,3,South East,Semi-Detached,483705.0,1151,438454.0,6268.0
875,2022-03,2022,3,South East,Terraced,412473.0,815,367651.0,4207.0
876,2022-03,2022,3,South East,Flat,351918.0,569,312524.0,3323.0
877,2022-04,2022,4,South East,Detached,759078.0,528,703041.0,8390.0
878,2022-04,2022,4,South East,Semi-Detached,483697.0,1086,453205.0,4482.0
879,2022-04,2022,4,South East,Terraced,416901.0,826,371292.0,4546.0
880,2022-04,2022,4,South East,Flat,373615.0,1161,339281.0,4303.0
881,2022-05,2022,5,South East,Detached,790879.0,901,707535.0,10265.0
882,2022-05,2022,5,South East,Semi-Detached,496077.0,1602,466825.0,5211.0
883,2022-05,2022,5,South East,Terraced,433936.0,1021,398275.0,5579.0
884,2022-05,2022,5,South East,Flat,372985.0,972,338574.0,4369.0
885,2022-06,2022,6,South East,Detached,810201.0,784,737521.0,8453.0
886,2022-06,2022,6,South East,Semi-Detached,510783.0,1427,479110.0,6565.0
887,2022-06,2022,6,South East,Terraced,445579.0,719,417956.0,4350.0
888,2022-06,2022,6,South East,Flat,381319.0,780,338879.0,3610.0
889,2022-07,2022,7,South East,Detached,783638.0,936,726477.0,8532.0
890,2022-07,2022,7,South East,Semi-Detached,510075.0,864,464571.0,5229.0
891,2022-07,2022,7,South East,Terraced,430128.0,689,396562.0,4036.0
892,2022-07,2022,7,South East,Flat,380992.0,541,347076.0,4968.0
893,2022-08,2022,8,South East,Detached,811429.0,883,747456.0,9288.0
894,2022-08,2022,8,South East,Semi-Detached,505833.0,1399,474378.0,5209.0
895,2022-08,2022,8,South East,Terraced,431333.0,1069,392077.0,3974.0
896,2022-08,2022,8,South East,Flat,390826.0,977,349959.0,4033.0
897,2022-09,2022,9,South East,Detached,801381.0,829,748056.0,8588.0
898,2022-09,2022,9,South East,Semi-Detached,494080.0,1220,437561.0,5462.0
899,2022-09,2022,9,South East,Terraced,416618.0,722,372524.0,4706.0
900,2022-09,2022,9,South East,Flat,371685.0,774,340396.0,4044.0
901,2022-10,2022,10,South East,Detached,688972.0,724,613304.0,7432.0
902,2022-10,2022,10,South East,Semi-Detached,434465.0,1533,409032.0,4596.0
903,2022-10,2022,10,South East,Terraced,361082.0,532,334069.0,4714.0
904,2022-10,2022,10,South East,Flat,315599.0,756,281481.0,3973.0
905,2022-11,2022,11,South East,Detached,665993.0,656,632204.0,6731.0
906,2022-11,2022,11,South East,Semi-Detached,414824.0,1294,367274.0,5520.0
907,2022-11,2022,11,South East,Terraced,348173.0,1030,316404.0,3779.0
908,2022-11,2022,11,South East,Flat,323828.0,727,292571.0,3988.0
909,2022-12,2022,12,South East,Detached,689235.0,932,621742.0,7765.0
910,2022-12,2022,12,South East,Semi-Detached,419040.0,984,374007.0,4072.0
911,2022-12,2022,12,South East,Terraced,360686.0,1187,329399.0,3362.0
912,2022-12,2022,12,South East,Flat,314962.0,728,284882.0,3076.0
913,2023-01,2023,1,South East,Detached,675252.0,699,613586.0,6181.0
914,2023-01,2023,1,South East,Semi-Detached,413027.0,1170,373126.0,4106.0
915,2023-01,2023,1,South East,Terraced,355583.0,1142,333638.0,3447.0
916,2023-01,2023,1,South East,Flat,307990.0,640,279996.0,3270.0
917,2023-02,2023,2,South East,Detached,684779.0,301,650374.0,8588.0
918,2023-02,2023,2,South East,Semi-Detached,418631.0,1463,372293.0,5197.0
919,2023-02,2023,2,South East,Terraced,357915.0,565,331732.0,3893.0
920,2023-02,2023,2,South East,Flat,309835.0,589,285533.0,3256.0
921,2023-03,2023,3,South East,Detached,668230.0,1219,597870.0,6617.0
922,2023-03,2023,3,South East,Semi-Detached,435730.0,1027,407240.0,4599.0
923,2023-03,2023,3,South East,Terraced,360850.0,975,331880.0,3508.0
924,2023-03,2023,3,South East,Flat,314007.0,937,287056.0,3942.0
925,2023-04,2023,4,South East,Detached,688745.0,486,634989.0,7407.0
926,2023-04,2023,4,South East,Semi-Detached,421948.0,1031,393012.0,5564.0
927,2023-04,2023,4,South East,Terraced,372380.0,824,332240.0,4069.0
928,2023-04,2023,4,South East,Flat,326580.0,648,299976.0,3659.0
929,2023-05,2023,5,South East,Detached,694493.0,845,654453.0,7242.0
930,2023-05,2023,5,South East,Semi-Detached,440711.0,962,410959.0,4120.0
931,2023-05,2023,5,South East,Terraced,375919.0,545,337882.0,4587.0
932,2023-05,2023,5,South East,Flat,326692.0,636,300184.0,3418.0
933,2023-06,2023,6,South East,Detached,701599.0,555,621413.0,8986.0
934,2023-06,2023,6,South East,Semi-Detached,426677.0,703,381867.0,5025.0
935,2023-06,2023,6,South East,Terraced,369025.0,720,325100.0,3776.0
936,2023-06,2023,6,South East,Flat,324789.0,920,307021.0,4290.0
937,2023-07,2023,7,South East,Detached,684243.0,1051,646761.0,6226.0
938,2023-07,2023,7,South East,Semi-Detached,444878.0,786,418890.0,5799.0
939,2023-07,2023,7,South East,Terraced,377370.0,867,338853.0,4562.0
940,2023-07,2023,7,South East,Flat,326899.0,1209,293142.0,3220.0
941,2023-08,2023,8,South East,Detached,673066.0,1016,611647.0,8174.0
942,2023-08,2023,8,South East,Semi-Detached,425862.0,1068,402618.0,4974.0
943,2023-08,2023,8,South East,Terraced,365559.0,946,339390.0,3360.0
944,2023-08,2023,8,South East,Flat,314513.0,743,291560.0,3129.0
945,2023-09,2023,9,South East,Detached,670159.0,404,609793.0,6868.0
946,2023-09,2023,9,South East,Semi-Detached,416946.0,823,378743.0,4939.0
947,2023-09,2023,9,South East,Terraced,358214.0,919,338028.0,4073.0
948,2023-09,2023,9,South East,Flat,309517.0,884,290707.0,3802.0
949,2023-10,2023,10,South East,Detached,668908.0,891,604524.0,8666.0
950,2023-10,2023,10,South East,Semi-Detached,412625.0,1030,370289.0,4793.0
951,2023-10,2023,10,South East,Terraced,357400.0,842,322079.0,3402.0
952,2023-10,2023,10,South East,Flat,316056.0,910,281375.0,3187.0
953,2023-11,2023,11,South East,Detached,668162.0,801,618184.0,7195.0
954,2023-11,2023,11,South East,Semi-Detached,402334.0,946,376652.0,3826.0
955,2023-11,2023,11,South East,Terraced,349177.0,1038,325652.0,3376.0
956,2023-11,2023,11,South East,Flat,305622.0,771,287314.0,3839.0
957,2023-12,2023,12,South East,Detached,673388.0,974,624528.0,8033.0
958,2023-12,2023,12,South East,Semi-Detached,414065.0,1058,365932.0,4136.0
959,2023-12,2023,12,South East,Terraced,358595.0,783,325187.0,4433.0
960,2023-12,2023,12,South East,Flat,311684.0,1045,278410.0,3110.0
961,2024-01,2024,1,South East,Detached,678337.0,1055,636327.0,6795.0
962,2024-01,2024,1,South East,Semi-Detached,421323.0,1356,381469.0,3983.0
963,2024-01,2024,1,South East,Terraced,364634.0,685,331286.0,3439.0
964,2024-01,2024,1,South East,Flat,318293.0,1013,286126.0,3802.0
965,2024-02,2024,2,South East,Detached,671657.0,861,627519.0,7567.0
966,2024-02,2024,2,South East,Semi-Detached,423347.0,1050,383485.0,4838.0
967,2024-02,2024,2,South East,Terraced,359078.0,373,327065.0,3394.0
968,2024-02,2024,2,South East,Flat,330852.0,1261,294354.0,3024.0
969,2024-03,2024,3,South East,Detached,669972.0,999,609045.0,7463.0
970,2024-03,2024,3,South East,Semi-Detached,430116.0,878,403199.0,4402.0
971,2024-03,2024,3,South East,Terraced,359608.0,560,322915.0,3549.0
972,2024-03,2024,3,South East,Flat,303623.0,396,279857.0,2764.0
973,2024-04,2024,4,South East,Detached,688598.0,775,622597.0,8953.0
974,2024-04,2024,4,South East,Semi-Detached,422949.0,689,378698.0,5639.0
975,2024-04,2024,4,South East,Terraced,357641.0,904,317737.0,4623.0
976,2024-04,2024,4,South East,Flat,320524.0,833,291721.0,4049.0
977,2024-05,2024,5,South East,Detached,674590.0,1085,627578.0,8553.0
978,2024-05,2024,5,South East,Semi-Detached,411195.0,1365,371674.0,4541.0
979,2024-05,2024,5,South East,Terraced,355016.0,820,333822.0,3371.0
980,2024-05,2024,5,South East,Flat,325030.0,855,297021.0,2967.0
981,2024-06,2024,6,South East,Detached,681196.0,964,625125.0,6208.0
982,2024-06,2024,6,South East,Semi-Detached,424698.0,1378,373942.0,4765.0
983,2024-06,2024,6,South East,Terraced,370006.0,689,334342.0,3559.0
984,2024-06,2024,6,South East,Flat,319461.0,648,282650.0,3917.0
985,2024-07,2024,7,South East,Detached,744574.0,433,700878.0,6979.0
986,2024-07,2024,7,South East,Semi-Detached,453576.0,500,402538.0,4185.0
987,2024-07,2024,7,South East,Terraced,392270.0,769,353382.0,4550.0
988,2024-07,2024,7,South East,Flat,344870.0,892,306442.0,3547.0
989,2024-08,2024,8,South East,Detached,748072.0,1060,662380.0,6898.0
990,2024-08,2024,8,South East,Semi-Detached,470378.0,932,419491.0,4485.0
991,2024-08,2024,8,South East,Terraced,396384.0,734,370167.0,3680.0
992,2024-08,2024,8,South East,Flat,348847.0,842,313925.0,4099.0
993,2024-09,2024,9,South East,Detached,720029.0,556,668465.0,8904.0
994,2024-09,2024,9,South East,Semi-Detached,462189.0,1049,432493.0,4582.0
995,2024-09,2024,9,South East,Terraced,380350.0,601,349273.0,4873.0
996,2024-09,2024,9,South East,Flat,347994.0,547,307204.0,4114.0
997,2024-10,2024,10,South East,Detached,728057.0,775,649817.0,8206.0
998,2024-10,2024,10,South East,Semi-Detached,454918.0,1110,431575.0,5149.0
999,2024-10,2024,10,South East,Terraced,385104.0,1034,355811.0,4712.0
1000,2024-10,2024,10,South East,Flat,349333.0,896,309101.0,4028.0
1001,2024-11,2024,11,South East,Detached,733276.0,605,675899.0,7085.0
1002,2024-11,2024,11,South East,Semi-Detached,465500.0,788,416049.0,5587.0
1003,2024-11,2024,11,South East,Terraced,396196.0,995,365319.0,3987.0
1004,2024-11,2024,11,South East,Flat,343993.0,1018,307628.0,3763.0
1005,2024-12,2024,12,South East,Detached,734906.0,898,652369.0,6938.0
1006,2024-12,2024,12,South East,Semi-Detached,471960.0,752,416162.0,4760.0
1007,2024-12,2024,12,South East,Terraced,391358.0,769,361101.0,4691.0
1008,2024-12,2024,12,South East,Flat,343449.0,760,305773.0,4020.0
1009,2025-01,2025,1,South East,Detached,745539.0,725,704403.0,9243.0
1010,2025-01,2025,1,South East,Semi-Detached,462366.0,1123,435509.0,4898.0
1011,2025-01,2025,1,South East,Terraced,407209.0,521,363082.0,3803.0
1012,2025-01,2025,1,South East,Flat,351435.0,580,327955.0,4046.0
1013,2025-02,2025,2,South East,Detached,755792.0,848,667722.0,8998.0
1014,2025-02,2025,2,South East,Semi-Detached,455026.0,988,424117.0,4246.0
1015,2025-02,2025,2,South East,Terraced,384925.0,621,364642.0,4250.0
1016,2025-02,2025,2,South East,Flat,337793.0,767,318765.0,3559.0
1017,2025-03,2025,3,South East,Detached,774769.0,640,727813.0,8833.0
1018,2025-03,2025,3,South East,Semi-Detached,466297.0,1402,436621.0,4459.0
1019,2025-03,2025,3,South East,Terraced,412379.0,688,374495.0,4183.0
1020,2025-03,2025,3,South East,Flat,359325.0,1122,325185.0,3696.0
1021,2025-04,2025,4,South East,Detached,776572.0,652,713047.0,9454.0
1022,2025-04,2025,4,South East,Semi-Detached,488414.0,820,446304.0,5916.0
1023,2025-04,2025,4,South East,Terraced,408423.0,909,372995.0,3838.0
1024,2025-04,2025,4,South East,Flat,370890.0,844,332930.0,4092.0
1025,2025-05,2025,5,South East,Detached,773328.0,992,710338.0,9623.0
1026,2025-05,2025,5,South East,Semi-Detached,489151.0,1214,455492.0,4798.0
1027,2025-05,2025,5,South East,Terraced,422378.0,812,381794.0,4323.0
1028,2025-05,2025,5,South East,Flat,366458.0,730,343409.0,3821.0
1029,2025-06,2025,6,South East,Detached,771190.0,321,724779.0,8874.0
1030,2025-06,2025,6,South East,Semi-Detached,490271.0,1151,437678.0,5444.0
1031,2025-06,2025,6,South East,Terraced,416592.0,633,382213.0,4284.0
1032,2025-06,2025,6,South East,Flat,361585.0,677,319245.0,4191.0
1033,2025-07,2025,7,South East,Detached,794662.0,653,752321.0,7933.0
1034,2025-07,2025,7,South East,Semi-Detached,509323.0,1052,457435.0,6628.0
1035,2025-07,2025,7,South East,Terraced,425842.0,678,383766.0,4548.0
1036,2025-07,2025,7,South East,Flat,373482.0,1203,333011.0,4230.0
1037,2025-08,2025,8,South East,Detached,796369.0,817,741367.0,7423.0
1038,2025-08,2025,8,South East,Semi-Detached,498909.0,1416,445746.0,5074.0
1039,2025-08,2025,8,South East,Terraced,429479.0,1128,392666.0,4593.0
1040,2025-08,2025,8,South East,Flat,372715.0,383,333143.0,3612.0
1041,2025-09,2025,9,South East,Detached,784331.0,462,720857.0,9000.0
1042,2025-09,2025,9,South East,Semi-Detached,492464.0,503,458779.0,6456.0
1043,2025-09,2025,9,South East,Terraced,421754.0,384,398321.0,5592.0
1044,2025-09,2025,9,South East,Flat,370190.0,1128,338336.0,4747.0
1045,2025-10,2025,10,South East,Detached,780075.0,894,720003.0,9367.0
1046,2025-10,2025,10,South East,Semi-Detached,467642.0,876,413977.0,5941.0
1047,2025-10,2025,10,South East,Terraced,411268.0,926,367529.0,4438.0
1048,2025-10,2025,10,South East,Flat,360160.0,839,317860.0,4687.0
1049,2025-11,2025,11,South East,Detached,768678.0,703,699128.0,10062.0
1050,2025-11,2025,11,South East,Semi-Detached,489695.0,1604,450501.0,5652.0
1051,2025-11,2025,11,South East,Terraced,403142.0,664,365116.0,5137.0
1052,2025-11,2025,11,South East,Flat,361740.0,1119,325553.0,3726.0
1053,2025-12,2025,12,South East,Detached,769157.0,232,717658.0,9063.0
1054,2025-12,2025,12,South East,Semi-Detached,492963.0,982,435748.0,5358.0
1055,2025-12,2025,12,South East,Terraced,417071.0,953,382975.0,4980.0
1056,2025-12,2025,12,South East,Flat,372009.0,716,341930.0,3999.0
1057,2015-01,2015,1,South West,Detached,388886.0,652,360815.0,3613.0
1058,2015-01,2015,1,South West,Semi-Detached,242285.0,774,223077.0,2379.0
1059,2015-01,2015,1,South West,Terraced,206020.0,992,190652.0,1935.0
1060,2015-01,2015,1,South West,Flat,180577.0,609,162822.0,2200.0
1061,2015-02,2015,2,South West,Detached,392690.0,859,364161.0,4591.0
1062,2015-02,2015,2,South West,Semi-Detached,246836.0,856,225409.0,2977.0
1063,2015-02,2015,2,South West,Terraced,206634.0,822,186556.0,2261.0
1064,2015-02,2015,2,South West,Flat,182483.0,738,163185.0,1791.0
1065,2015-03,2015,3,South West,Detached,388701.0,1062,366144.0,4981.0
1066,2015-03,2015,3,South West,Semi-Detached,249269.0,1263,226126.0,2396.0
1067,2015-03,2015,3,South West,Terraced,212848.0,580,201285.0,2515.0
1068,2015-03,2015,3,South West,Flat,191580.0,1046,178853.0,1782.0
1069,2015-04,2015,4,South West,Detached,400236.0,682,372899.0,5182.0
1070,2015-04,2015,4,South West,Semi-Detached,242354.0,837,218437.0,2215.0
1071,2015-04,2015,4,South West,Terraced,215014.0,977,203911.0,2438.0
1072,2015-04,2015,4,South West,Flat,185129.0,1071,174182.0,2276.0
1073,2015-05,2015,5,South West,Detached,402325.0,1111,366567.0,3984.0
1074,2015-05,2015,5,South West,Semi-Detached,248579.0,976,221674.0,2844.0
1075,2015-05,2015,5,South West,Terraced,210126.0,678,193491.0,1983.0
1076,2015-05,2015,5,South West,Flat,190422.0,861,176432.0,2123.0
1077,2015-06,2015,6,South West,Detached,398274.0,1131,364550.0,5292.0
1078,2015-06,2015,6,South West,Semi-Detached,255738.0,1370,225737.0,2910.0
1079,2015-06,2015,6,South West,Terraced,213763.0,867,195622.0,2001.0
1080,2015-06,2015,6,South West,Flat,190525.0,1127,178302.0,1810.0
1081,2015-07,2015,7,South West,Detached,386389.0,877,358879.0,4959.0
1082,2015-07,2015,7,South West,Semi-Detached,251057.0,1024,222138.0,2664.0
1083,2015-07,2015,7,South West,Terraced,217317.0,998,194343.0,2091.0
1084,2015-07,2015,7,South West,Flat,187947.0,670,178179.0,2022.0
1085,2015-08,2015,8,South West,Detached,404960.0,432,380683.0,4727.0
1086,2015-08,2015,8,South West,Semi-Detached,252990.0,975,227906.0,2473.0
1087,2015-08,2015,8,South West,Terraced,211007.0,767,188140.0,2435.0
1088,2015-08,2015,8,South West,Flat,190092.0,898,180429.0,2067.0
1089,2015-09,2015,9,South West,Detached,408357.0,855,367410.0,5014.0
1090,2015-09,2015,9,South West,Semi-Detached,254583.0,915,232368.0,2646.0
1091,2015-09,2015,9,South West,Terraced,219237.0,716,204952.0,2909.0
1092,2015-09,2015,9,South West,Flat,192225.0,879,174982.0,2051.0
1093,2015-10,2015,10,South West,Detached,389880.0,700,367314.0,3668.0
1094,2015-10,2015,10,South West,Semi-Detached,256884.0,632,242725.0,2364.0
1095,2015-10,2015,10,South West,Terraced,205124.0,914,184511.0,1889.0
1096,2015-10,2015,10,South West,Flat,190236.0,581,171170.0,2244.0
1097,2015-11,2015,11,South West,Detached,399508.0,898,358805.0,4641.0
1098,2015-11,2015,11,South West,Semi-Detached,241268.0,973,228639.0,2233.0
1099,2015-11,2015,11,South West,Terraced,212522.0,959,200551.0,2825.0
1100,2015-11,2015,11,South West,Flat,183773.0,809,161903.0,2187.0
1101,2015-12,2015,12,South West,Detached,416764.0,703,388141.0,3794.0
1102,2015-12,2015,12,South West,Semi-Detached,254653.0,570,233602.0,2855.0
1103,2015-12,2015,12,South West,Terraced,215389.0,1035,198638.0,2596.0
1104,2015-12,2015,12,South West,Flat,195393.0,883,178992.0,1782.0
1105,2016-01,2016,1,South West,Detached,409630.0,677,371500.0,4701.0
1106,2016-01,2016,1,South West,Semi-Detached,252816.0,1413,231046.0,2460.0
1107,2016-01,2016,1,South West,Terraced,212168.0,431,198738.0,2546.0
1108,2016-01,2016,1,South West,Flat,190706.0,805,171303.0,2532.0
1109,2016-02,2016,2,South West,Detached,406429.0,1239,370333.0,3734.0
1110,2016-02,2016,2,South West,Semi-Detached,257481.0,1094,229097.0,2713.0
1111,2016-02,2016,2,South West,Terraced,216140.0,1007,201067.0,2456.0
1112,2016-02,2016,2,South West,Flat,189784.0,622,172251.0,1802.0
1113,2016-03,2016,3,South West,Detached,415498.0,788,374974.0,4448.0
1114,2016-03,2016,3,South West,Semi-Detached,262759.0,748,244774.0,3421.0
1115,2016-03,2016,3,South West,Terraced,224794.0,773,203381.0,2612.0
1116,2016-03,2016,3,South West,Flat,194084.0,395,173406.0,2261.0
1117,2016-04,2016,4,South West,Detached,419029.0,872,381790.0,4403.0
1118,2016-04,2016,4,South West,Semi-Detached,266720.0,1293,246053.0,3415.0
1119,2016-04,2016,4,South West,Terraced,221307.0,837,203985.0,2194.0
1120,2016-04,2016,4,South West,Flat,198121.0,713,174767.0,1895.0
1121,2016-05,2016,5,South West,Detached,417756.0,1041,383557.0,5262.0
1122,2016-05,2016,5,South West,Semi-Detached,255917.0,783,229032.0,2863.0
1123,2016-05,2016,5,South West,Terraced,219982.0,605,199231.0,2481.0
1124,2016-05,2016,5,South West,Flat,198510.0,673,175634.0,2306.0
1125,2016-06,2016,6,South West,Detached,422545.0,450,394843.0,4023.0
1126,2016-06,2016,6,South West,Semi-Detached,262295.0,1301,243437.0,3052.0
1127,2016-06,2016,6,South West,Terraced,224848.0,732,198021.0,2517.0
1128,2016-06,2016,6,South West,Flat,201559.0,584,188183.0,2353.0
1129,2016-07,2016,7,South West,Detached,424614.0,1139,394256.0,3876.0
1130,2016-07,2016,7,South West,Semi-Detached,260269.0,1217,240144.0,2432.0
1131,2016-07,2016,7,South West,Terraced,218718.0,894,201172.0,2585.0
1132,2016-07,2016,7,South West,Flat,194483.0,387,179032.0,1833.0
1133,2016-08,2016,8,South West,Detached,431512.0,1005,395399.0,5619.0
1134,2016-08,2016,8,South West,Semi-Detached,261851.0,628,236115.0,3218.0
1135,2016-08,2016,8,South West,Terraced,215928.0,809,193918.0,2367.0
1136,2016-08,2016,8,South West,Flat,197719.0,943,175463.0,1935.0
1137,2016-09,2016,9,South West,Detached,424980.0,861,398803.0,4464.0
1138,2016-09,2016,9,South West,Semi-Detached,259678.0,884,238127.0,3408.0
1139,2016-09,2016,9,South West,Terraced,230523.0,665,209880.0,2704.0
1140,2016-09,2016,9,South West,Flat,197858.0,581,183694.0,1924.0
1141,2016-10,2016,10,South West,Detached,402943.0,1208,357599.0,4123.0
1142,2016-10,2016,10,South West,Semi-Detached,261744.0,1085,241806.0,3371.0
1143,2016-10,2016,10,South West,Terraced,219937.0,719,197548.0,2486.0
1144,2016-10,2016,10,South West,Flat,196275.0,917,184194.0,1965.0
1145,2016-11,2016,11,South West,Detached,414440.0,967,374599.0,3770.0
1146,2016-11,2016,11,South West,Semi-Detached,255794.0,805,241763.0,3372.0
1147,2016-11,2016,11,South West,Terraced,218735.0,1016,205293.0,2005.0
1148,2016-11,2016,11,South West,Flat,198603.0,897,183770.0,2498.0
1149,2016-12,2016,12,South West,Detached,420177.0,969,370931.0,4792.0
1150,2016-12,2016,12,South West,Semi-Detached,265240.0,1267,241939.0,3448.0
1151,2016-12,2016,12,South West,Terraced,220089.0,300,207983.0,2259.0
1152,2016-12,2016,12,South West,Flat,198104.0,410,175248.0,1817.0
1153,2017-01,2017,1,South West,Detached,411287.0,1073,380998.0,4111.0
1154,2017-01,2017,1,South West,Semi-Detached,261570.0,805,232475.0,2671.0
1155,2017-01,2017,1,South West,Terraced,222176.0,820,209041.0,2092.0
1156,2017-01,2017,1,South West,Flat,197982.0,443,175291.0,2010.0
1157,2017-02,2017,2,South West,Detached,419968.0,939,381957.0,4024.0
1158,2017-02,2017,2,South West,Semi-Detached,263324.0,1170,241873.0,3222.0
1159,2017-02,2017,2,South West,Terraced,226837.0,936,200391.0,2170.0
1160,2017-02,2017,2,South West,Flat,192740.0,647,176984.0,2465.0
1161,2017-03,2017,3,South West,Detached,447097.0,701,399212.0,5807.0
1162,2017-03,2017,3,South West,Semi-Detached,271260.0,1338,239041.0,3536.0
1163,2017-03,2017,3,South West,Terraced,233338.0,1053,210675.0,2675.0
1164,2017-03,2017,3,South West,Flat,205863.0,489,181543.0,2044.0
1165,2017-04,2017,4,South West,Detached,450851.0,1169,420156.0,4571.0
1166,2017-04,2017,4,South West,Semi-Detached,274437.0,739,243927.0,3450.0
1167,2017-04,2017,4,South West,Terraced,238320.0,883,225782.0,2457.0
1168,2017-04,2017,4,South West,Flat,208641.0,1056,192634.0,2038.0
1169,2017-05,2017,5,South West,Detached,451248.0,707,417328.0,5247.0
1170,2017-05,2017,5,South West,Semi-Detached,283048.0,729,263194.0,3488.0
1171,2017-05,2017,5,South West,Terraced,238911.0,793,225541.0,2899.0
1172,2017-05,2017,5,South West,Flat,204883.0,884,187477.0,1916.0
1173,2017-06,2017,6,South West,Detached,448375.0,608,401879.0,5571.0
1174,2017-06,2017,6,South West,Semi-Detached,282162.0,1476,263211.0,3287.0
1175,2017-06,2017,6,South West,Terraced,229088.0,561,217379.0,2688.0
1176,2017-06,2017,6,South West,Flat,205932.0,529,189359.0,2457.0
1177,2017-07,2017,7,South West,Detached,450434.0,938,401703.0,4137.0
1178,2017-07,2017,7,South West,Semi-Detached,281044.0,1211,260634.0,3285.0
1179,2017-07,2017,7,South West,Terraced,237691.0,682,210716.0,2970.0
1180,2017-07,2017,7,South West,Flat,207000.0,764,193688.0,2589.0
1181,2017-08,2017,8,South West,Detached,447250.0,620,399753.0,5704.0
1182,2017-08,2017,8,South West,Semi-Detached,276044.0,1319,255591.0,2943.0
1183,2017-08,2017,8,South West,Terraced,240550.0,1028,222271.0,2853.0
1184,2017-08,2017,8,South West,Flat,208392.0,689,196382.0,2195.0
1185,2017-09,2017,9,South West,Detached,442240.0,948,392485.0,4322.0
1186,2017-09,2017,9,South West,Semi-Detached,277412.0,983,256369.0,3080.0
1187,2017-09,2017,9,South West,Terraced,240814.0,435,224763.0,2235.0
1188,2017-09,2017,9,South West,Flat,208185.0,874,186887.0,2691.0
1189,2017-10,2017,10,South West,Detached,449627.0,753,415600.0,4486.0
1190,2017-10,2017,10,South West,Semi-Detached,282954.0,788,249556.0,3210.0
1191,2017-10,2017,10,South West,Terraced,233821.0,872,219233.0,2809.0
1192,2017-10,2017,10,South West,Flat,206110.0,1143,189976.0,2617.0
1193,2017-11,2017,11,South West,Detached,443080.0,970,419854.0,4139.0
1194,2017-11,2017,11,South West,Semi-Detached,274166.0,1417,243871.0,2510.0
1195,2017-11,2017,11,South West,Terraced,237469.0,680,213489.0,2293.0
1196,2017-11,2017,11,South West,Flat,208547.0,650,188517.0,1907.0
1197,2017-12,2017,12,South West,Detached,436583.0,1164,389282.0,3986.0
1198,2017-12,2017,12,South West,Semi-Detached,275408.0,1256,243710.0,3578.0
1199,2017-12,2017,12,South West,Terraced,236845.0,603,223821.0,2564.0
1200,2017-12,2017,12,South West,Flat,207738.0,1038,193113.0,2065.0
1201,2018-01,2018,1,South West,Detached,439120.0,677,397539.0,4686.0
1202,2018-01,2018,1,South West,Semi-Detached,279790.0,1037,262198.0,3105.0
1203,2018-01,2018,1,South West,Terraced,237686.0,884,223915.0,2659.0
1204,2018-01,2018,1,South West,Flat,213338.0,1127,193971.0,2665.0
1205,2018-02,2018,2,South West,Detached,454305.0,897,406515.0,4509.0
1206,2018-02,2018,2,South West,Semi-Detached,285709.0,514,254674.0,2631.0
1207,2018-02,2018,2,South West,Terraced,247853.0,697,220607.0,3291.0
1208,2018-02,2018,2,South West,Flat,214243.0,738,195364.0,2300.0
1209,2018-03,2018,3,South West,Detached,456711.0,709,425315.0,5492.0
1210,2018-03,2018,3,South West,Semi-Detached,293301.0,1132,262432.0,3522.0
1211,2018-03,2018,3,South West,Terraced,247612.0,1019,225103.0,2946.0
1212,2018-03,2018,3,South West,Flat,215792.0,877,196665.0,2344.0
1213,2018-04,2018,4,South West,Detached,469366.0,555,424829.0,4273.0
1214,2018-04,2018,4,South West,Semi-Detached,282262.0,303,259571.0,2636.0
1215,2018-04,2018,4,South West,Terraced,246572.0,1077,229388.0,2581.0
1216,2018-04,2018,4,South West,Flat,213742.0,793,195034.0,2557.0
1217,2018-05,2018,5,South West,Detached,470733.0,809,435055.0,5008.0
1218,2018-05,2018,5,South West,Semi-Detached,294194.0,958,260933.0,3039.0
1219,2018-05,2018,5,South West,Terraced,244251.0,1096,218711.0,3024.0
1220,2018-05,2018,5,South West,Flat,217673.0,943,202377.0,2428.0
1221,2018-06,2018,6,South West,Detached,463470.0,807,439796.0,4714.0
1222,2018-06,2018,6,South West,Semi-Detached,296308.0,615,263022.0,2723.0
1223,2018-06,2018,6,South West,Terraced,251218.0,588,225388.0,2509.0
1224,2018-06,2018,6,South West,Flat,222365.0,1021,205246.0,2093.0
1225,2018-07,2018,7,South West,Detached,466153.0,1094,432558.0,5656.0
1226,2018-07,2018,7,South West,Semi-Detached,290803.0,833,264276.0,3495.0
1227,2018-07,2018,7,South West,Terraced,246244.0,783,222529.0,3272.0
1228,2018-07,2018,7,South West,Flat,221219.0,990,196943.0,2745.0
1229,2018-08,2018,8,South West,Detached,475864.0,1054,420255.0,4917.0
1230,2018-08,2018,8,South West,Semi-Detached,290761.0,664,271536.0,2812.0
1231,2018-08,2018,8,South West,Terraced,253056.0,774,229889.0,2481.0
1232,2018-08,2018,8,South West,Flat,224539.0,792,211863.0,2877.0
1233,2018-09,2018,9,South West,Detached,470801.0,881,423834.0,4346.0
1234,2018-09,2018,9,South West,Semi-Detached,293220.0,1660,271275.0,3879.0
1235,2018-09,2018,9,South West,Terraced,252313.0,944,233798.0,2431.0
1236,2018-09,2018,9,South West,Flat,219110.0,805,199866.0,2370.0
1237,2018-10,2018,10,South West,Detached,467580.0,702,427942.0,4594.0
1238,2018-10,2018,10,South West,Semi-Detached,286122.0,1027,264771.0,3531.0
1239,2018-10,2018,10,South West,Terraced,248701.0,991,221593.0,2288.0
1240,2018-10,2018,10,South West,Flat,215896.0,806,199462.0,2574.0
1241,2018-11,2018,11,South West,Detached,471778.0,800,430189.0,4654.0
1242,2018-11,2018,11,South West,Semi-Detached,294506.0,1076,270426.0,3769.0
1243,2018-11,2018,11,South West,Terraced,244729.0,1020,230028.0,3119.0
1244,2018-11,2018,11,South West,Flat,218670.0,752,205819.0,2750.0
1245,2018-12,2018,12,South West,Detached,462263.0,858,426955.0,5285.0
1246,2018-12,2018,12,South West,Semi-Detached,288343.0,1227,266644.0,3464.0
1247,2018-12,2018,12,South West,Terraced,250058.0,876,222271.0,2374.0
1248,2018-12,2018,12,South West,Flat,215179.0,849,195798.0,2669.0
1249,2019-01,2019,1,South West,Detached,479583.0,803,449381.0,4450.0
1250,2019-01,2019,1,South West,Semi-Detached,291869.0,1207,267789.0,3287.0
1251,2019-01,2019,1,South West,Terraced,251843.0,795,229941.0,2733.0
1252,2019-01,2019,1,South West,Flat,226157.0,855,205406.0,2610.0
1253,2019-02,2019,2,South West,Detached,495537.0,738,444340.0,4821.0
1254,2019-02,2019,2,South West,Semi-Detached,288093.0,995,255676.0,3456.0
1255,2019-02,2019,2,South West,Terraced,252371.0,852,225070.0,2770.0
1256,2019-02,2019,2,South West,Flat,224691.0,410,206405.0,2568.0
1257,2019-03,2019,3,South West,Detached,481780.0,520,432178.0,5293.0
1258,2019-03,2019,3,South West,Semi-Detached,298172.0,847,277196.0,3937.0
1259,2019-03,2019,3,South West,Terraced,258673.0,1085,233766.0,2731.0
1260,2019-03,2019,3,South West,Flat,224607.0,931,198476.0,2142.0
1261,2019-04,2019,4,South West,Detached,485240.0,750,438986.0,4838.0
1262,2019-04,2019,4,South West,Semi-Detached,304725.0,967,270860.0,3751.0
1263,2019-04,2019,4,South West,Terraced,253346.0,797,226420.0,2345.0
1264,2019-04,2019,4,South West,Flat,226200.0,848,213675.0,2405.0
1265,2019-05,2019,5,South West,Detached,486195.0,973,429622.0,6156.0
1266,2019-05,2019,5,South West,Semi-Detached,303244.0,1192,277674.0,3547.0
1267,2019-05,2019,5,South West,Terraced,264866.0,706,240053.0,2610.0
1268,2019-05,2019,5,South West,Flat,228918.0,638,201736.0,2913.0
1269,2019-06,2019,6,South West,Detached,498917.0,771,461307.0,4841.0
1270,2019-06,2019,6,South West,Semi-Detached,298564.0,902,265002.0,2826.0
1271,2019-06,2019,6,South West,Terraced,260141.0,895,238252.0,2826.0
1272,2019-06,2019,6,South West,Flat,233331.0,829,214800.0,2485.0
1273,2019-07,2019,7,South West,Detached,504903.0,826,449785.0,5902.0
1274,2019-07,2019,7,South West,Semi-Detached,310475.0,861,278753.0,3371.0
1275,2019-07,2019,7,South West,Terraced,259108.0,838,229029.0,3240.0
1276,2019-07,2019,7,South West,Flat,233225.0,829,206128.0,2237.0
1277,2019-08,2019,8,South West,Detached,514683.0,1072,473154.0,6356.0
1278,2019-08,2019,8,South West,Semi-Detached,304681.0,776,280777.0,3700.0
1279,2019-08,2019,8,South West,Terraced,258691.0,993,230104.0,3230.0
1280,2019-08,2019,8,South West,Flat,234052.0,1074,218790.0,2171.0
1281,2019-09,2019,9,South West,Detached,492572.0,926,440680.0,6353.0
1282,2019-09,2019,9,South West,Semi-Detached,303504.0,839,286630.0,3105.0
1283,2019-09,2019,9,South West,Terraced,266099.0,635,241660.0,3465.0
1284,2019-09,2019,9,South West,Flat,225066.0,587,204375.0,2579.0
1285,2019-10,2019,10,South West,Detached,495430.0,920,441299.0,5641.0
1286,2019-10,2019,10,South West,Semi-Detached,301834.0,942,282484.0,3026.0
1287,2019-10,2019,10,South West,Terraced,258634.0,569,229514.0,2667.0
1288,2019-10,2019,10,South West,Flat,228132.0,1065,209995.0,2134.0
1289,2019-11,2019,11,South West,Detached,486670.0,1012,450216.0,4977.0
1290,2019-11,2019,11,South West,Semi-Detached,301499.0,1472,281294.0,3133.0
1291,2019-11,2019,11,South West,Terraced,258906.0,889,240888.0,3319.0
1292,2019-11,2019,11,South West,Flat,225696.0,541,203944.0,2984.0
1293,2019-12,2019,12,South West,Detached,498335.0,361,460148.0,5074.0
1294,2019-12,2019,12,South West,Semi-Detached,304306.0,1181,270356.0,2904.0
1295,2019-12,2019,12,South West,Terraced,260469.0,1045,247107.0,3322.0
1296,2019-12,2019,12,South West,Flat,233202.0,519,210931.0,2169.0
1297,2020-01,2020,1,South West,Detached,488713.0,1149,438814.0,5569.0
1298,2020-01,2020,1,South West,Semi-Detached,313637.0,939,294154.0,3312.0
1299,2020-01,2020,1,South West,Terraced,264207.0,957,236340.0,2784.0
1300,2020-01,2020,1,South West,Flat,234983.0,760,222684.0,2587.0
1301,2020-02,2020,2,South West,Detached,500134.0,594,473437.0,5803.0
1302,2020-02,2020,2,South West,Semi-Detached,310997.0,978,289450.0,3620.0
1303,2020-02,2020,2,South West,Terraced,265794.0,1090,242927.0,2600.0
1304,2020-02,2020,2,South West,Flat,232001.0,382,210270.0,2641.0
1305,2020-03,2020,3,South West,Detached,495173.0,877,459001.0,5865.0
1306,2020-03,2020,3,South West,Semi-Detached,298656.0,1114,277944.0,3137.0
1307,2020-03,2020,3,South West,Terraced,262024.0,755,241919.0,2823.0
1308,2020-03,2020,3,South West,Flat,231951.0,380,205439.0,2837.0
1309,2020-04,2020,4,South West,Detached,496613.0,913,453242.0,6463.0
1310,2020-04,2020,4,South West,Semi-Detached,314236.0,1849,281876.0,3109.0
1311,2020-04,2020,4,South West,Terraced,262601.0,709,239558.0,3089.0
1312,2020-04,2020,4,South West,Flat,235752.0,545,218205.0,2270.0
1313,2020-05,2020,5,South West,Detached,495851.0,1119,436605.0,5324.0
1314,2020-05,2020,5,South West,Semi-Detached,313984.0,1059,296543.0,2883.0
1315,2020-05,2020,5,South West,Terraced,261955.0,379,247849.0,2657.0
1316,2020-05,2020,5,South West,Flat,240060.0,788,215290.0,2625.0
1317,2020-06,2020,6,South West,Detached,516993.0,553,467865.0,6402.0
1318,2020-06,2020,6,South West,Semi-Detached,318485.0,1043,295070.0,3667.0
1319,2020-06,2020,6,South West,Terraced,268493.0,907,254465.0,2530.0
1320,2020-06,2020,6,South West,Flat,236852.0,1278,208891.0,2832.0
1321,2020-07,2020,7,South West,Detached,522391.0,1124,469934.0,5512.0
1322,2020-07,2020,7,South West,Semi-Detached,331788.0,995,309396.0,3342.0
1323,2020-07,2020,7,South West,Terraced,276990.0,385,252294.0,2638.0
1324,2020-07,2020,7,South West,Flat,247337.0,945,221180.0,2343.0
1325,2020-08,2020,8,South West,Detached,514704.0,575,471389.0,4769.0
1326,2020-08,2020,8,South West,Semi-Detached,326989.0,929,307356.0,3680.0
1327,2020-08,2020,8,South West,Terraced,277118.0,531,251343.0,2589.0
1328,2020-08,2020,8,South West,Flat,245868.0,1121,233374.0,2693.0
1329,2020-09,2020,9,South West,Detached,519027.0,921,482955.0,4808.0
1330,2020-09,2020,9,South West,Semi-Detached,317871.0,1050,296963.0,3357.0
1331,2020-09,2020,9,South West,Terraced,280949.0,601,249715.0,3004.0
1332,2020-09,2020,9,South West,Flat,244596.0,991,231832.0,2660.0
1333,2020-10,2020,10,South West,Detached,537574.0,657,504716.0,4892.0
1334,2020-10,2020,10,South West,Semi-Detached,326394.0,856,307941.0,3995.0
1335,2020-10,2020,10,South West,Terraced,279269.0,1140,246560.0,3204.0
1336,2020-10,2020,10,South West,Flat,255025.0,575,241360.0,3022.0
1337,2020-11,2020,11,South West,Detached,528647.0,1005,489171.0,4854.0
1338,2020-11,2020,11,South West,Semi-Detached,332551.0,1144,304683.0,4204.0
1339,2020-11,2020,11,South West,Terraced,281406.0,585,259309.0,3063.0
1340,2020-11,2020,11,South West,Flat,247852.0,792,234600.0,2803.0
1341,2020-12,2020,12,South West,Detached,544036.0,682,501746.0,6366.0
1342,2020-12,2020,12,South West,Semi-Detached,324828.0,926,307814.0,4082.0
1343,2020-12,2020,12,South West,Terraced,280853.0,786,251511.0,2745.0
1344,2020-12,2020,12,South West,Flat,247751.0,797,219491.0,2399.0
1345,2021-01,2021,1,South West,Detached,545344.0,887,481900.0,5326.0
1346,2021-01,2021,1,South West,Semi-Detached,344648.0,1142,315558.0,4145.0
1347,2021-01,2021,1,South West,Terraced,291257.0,895,276302.0,3620.0
1348,2021-01,2021,1,South West,Flat,258046.0,661,241396.0,3165.0
1349,2021-02,2021,2,South West,Detached,559322.0,718,513918.0,5249.0
1350,2021-02,2021,2,South West,Semi-Detached,343596.0,985,318462.0,3239.0
1351,2021-02,2021,2,South West,Terraced,302591.0,629,270272.0,2933.0
1352,2021-02,2021,2,South West,Flat,254812.0,797,234207.0,2752.0
1353,2021-03,2021,3,South West,Detached,553599.0,854,509863.0,7352.0
1354,2021-03,2021,3,South West,Semi-Detached,341013.0,1246,308835.0,4437.0
1355,2021-03,2021,3,South West,Terraced,303541.0,646,271021.0,3189.0
1356,2021-03,2021,3,South West,Flat,259508.0,717,241029.0,2743.0
1357,2021-04,2021,4,South West,Detached,559467.0,429,514345.0,7439.0
1358,2021-04,2021,4,South West,Semi-Detached,357799.0,923,337907.0,4236.0
1359,2021-04,2021,4,South West,Terraced,307866.0,408,289923.0,2851.0
1360,2021-04,2021,4,South West,Flat,265992.0,842,246532.0,2977.0
1361,2021-05,2021,5,South West,Detached,581566.0,911,530259.0,6797.0
1362,2021-05,2021,5,South West,Semi-Detached,360478.0,1307,336121.0,4264.0
1363,2021-05,2021,5,South West,Terraced,307586.0,733,290501.0,3226.0
1364,2021-05,2021,5,South West,Flat,270691.0,1276,245143.0,2622.0
1365,2021-06,2021,6,South West,Detached,587258.0,812,522093.0,6261.0
1366,2021-06,2021,6,South West,Semi-Detached,371792.0,1143,349807.0,3654.0
1367,2021-06,2021,6,South West,Terraced,318239.0,698,284499.0,3617.0
1368,2021-06,2021,6,South West,Flat,287064.0,802,254892.0,3217.0
1369,2021-07,2021,7,South West,Detached,601686.0,714,563508.0,6062.0
1370,2021-07,2021,7,South West,Semi-Detached,384591.0,1509,349532.0,4817.0
1371,2021-07,2021,7,South West,Terraced,327343.0,861,302712.0,3770.0
1372,2021-07,2021,7,South West,Flat,295548.0,835,261849.0,3257.0
1373,2021-08,2021,8,South West,Detached,612647.0,930,560340.0,5762.0
1374,2021-08,2021,8,South West,Semi-Detached,375233.0,634,353808.0,3528.0
1375,2021-08,2021,8,South West,Terraced,325799.0,884,288728.0,3095.0
1376,2021-08,2021,8,South West,Flat,279866.0,692,250971.0,3122.0
1377,2021-09,2021,9,South West,Detached,590554.0,717,543345.0,6528.0
1378,2021-09,2021,9,South West,Semi-Detached,371322.0,1365,349988.0,3659.0
1379,2021-09,2021,9,South West,Terraced,315431.0,1038,280935.0,3965.0
1380,2021-09,2021,9,South West,Flat,278154.0,1018,249572.0,3602.0
1381,2021-10,2021,10,South West,Detached,592116.0,944,544078.0,6335.0
1382,2021-10,2021,10,South West,Semi-Detached,370843.0,1221,348781.0,4321.0
1383,2021-10,2021,10,South West,Terraced,313913.0,547,288186.0,4048.0
1384,2021-10,2021,10,South West,Flat,280506.0,931,260139.0,2720.0
1385,2021-11,2021,11,South West,Detached,621544.0,556,582151.0,7285.0
1386,2021-11,2021,11,South West,Semi-Detached,393952.0,1449,357128.0,4602.0
1387,2021-11,2021,11,South West,Terraced,330397.0,1064,312256.0,3512.0
1388,2021-11,2021,11,South West,Flat,288808.0,939,256144.0,3474.0
1389,2021-12,2021,12,South West,Detached,625079.0,910,587569.0,6982.0
1390,2021-12,2021,12,South West,Semi-Detached,384964.0,818,344986.0,4519.0
1391,2021-12,2021,12,South West,Terraced,326515.0,1046,300957.0,4179.0
1392,2021-12,2021,12,South West,Flat,286434.0,747,271341.0,2774.0
1393,2022-01,2022,1,South West,Detached,615011.0,761,548140.0,6494.0
1394,2022-01,2022,1,South West,Semi-Detached,388783.0,1321,355114.0,3541.0
1395,2022-01,2022,1,South West,Terraced,328843.0,696,312236.0,3683.0
1396,2022-01,2022,1,South West,Flat,290188.0,895,261547.0,3719.0
1397,2022-02,2022,2,South West,Detached,628785.0,1038,597311.0,7394.0
1398,2022-02,2022,2,South West,Semi-Detached,386954.0,910,344964.0,4553.0
1399,2022-02,2022,2,South West,Terraced,331030.0,954,293921.0,3139.0
1400,2022-02,2022,2,South West,Flat,288973.0,885,262991.0,3398.0
1401,2022-03,2022,3,South West,Detached,660846.0,745,604819.0,7679.0
1402,2022-03,2022,3,South West,Semi-Detached,389603.0,1199,368452.0,3776.0
1403,2022-03,2022,3,South West,Terraced,344399.0,833,322982.0,4022.0
1404,2022-03,2022,3,South West,Flat,307448.0,473,280613.0,3617.0
1405,2022-04,2022,4,South West,Detached,653475.0,822,579543.0,6994.0
1406,2022-04,2022,4,South West,Semi-Detached,407539.0,650,370994.0,3957.0
1407,2022-04,2022,4,South West,Terraced,344852.0,1117,311525.0,4006.0
1408,2022-04,2022,4,South West,Flat,301489.0,786,270281.0,2801.0
1409,2022-05,2022,5,South West,Detached,678841.0,1314,643722.0,6239.0
1410,2022-05,2022,5,South West,Semi-Detached,405461.0,1198,362404.0,4916.0
1411,2022-05,2022,5,South West,Terraced,353696.0,618,334316.0,4528.0
1412,2022-05,2022,5,South West,Flat,322667.0,968,304368.0,4009.0
1413,2022-06,2022,6,South West,Detached,687981.0,497,613100.0,6319.0
1414,2022-06,2022,6,South West,Semi-Detached,413035.0,473,380790.0,5329.0
1415,2022-06,2022,6,South West,Terraced,358783.0,829,316216.0,4150.0
1416,2022-06,2022,6,South West,Flat,309396.0,960,291968.0,3184.0
1417,2022-07,2022,7,South West,Detached,669127.0,562,615908.0,6165.0
1418,2022-07,2022,7,South West,Semi-Detached,413778.0,818,382083.0,4761.0
1419,2022-07,2022,7,South West,Terraced,353854.0,758,316168.0,4332.0
1420,2022-07,2022,7,South West,Flat,317432.0,647,296389.0,3861.0
1421,2022-08,2022,8,South West,Detached,675219.0,404,638773.0,6275.0
1422,2022-08,2022,8,South West,Semi-Detached,420816.0,733,374719.0,4532.0
1423,2022-08,2022,8,South West,Terraced,365791.0,781,345709.0,4137.0
1424,2022-08,2022,8,South West,Flat,322938.0,795,302421.0,4299.0
1425,2022-09,2022,9,South West,Detached,650710.0,662,574345.0,6673.0
1426,2022-09,2022,9,South West,Semi-Detached,413943.0,1218,388943.0,4504.0
1427,2022-09,2022,9,South West,Terraced,351874.0,868,314589.0,4263.0
1428,2022-09,2022,9,South West,Flat,313076.0,629,283821.0,2929.0
1429,2022-10,2022,10,South West,Detached,554096.0,1153,523847.0,7225.0
1430,2022-10,2022,10,South West,Semi-Detached,355163.0,674,327847.0,4650.0
1431,2022-10,2022,10,South West,Terraced,308128.0,578,286210.0,3166.0
1432,2022-10,2022,10,South West,Flat,262600.0,744,238939.0,3303.0
1433,2022-11,2022,11,South West,Detached,569505.0,1018,521015.0,6634.0
1434,2022-11,2022,11,South West,Semi-Detached,348498.0,1116,323096.0,4547.0
1435,2022-11,2022,11,South West,Terraced,300706.0,1103,267495.0,3623.0
1436,2022-11,2022,11,South West,Flat,265854.0,766,242265.0,3533.0
1437,2022-12,2022,12,South West,Detached,565169.0,1019,518742.0,5726.0
1438,2022-12,2022,12,South West,Semi-Detached,356247.0,1049,326747.0,4003.0
1439,2022-12,2022,12,South West,Terraced,303043.0,885,273002.0,3815.0
1440,2022-12,2022,12,South West,Flat,265208.0,1004,245645.0,2899.0
1441,2023-01,2023,1,South West,Detached,553887.0,774,508614.0,6136.0
1442,2023-01,2023,1,South West,Semi-Detached,349483.0,1222,326413.0,4577.0
1443,2023-01,2023,1,South West,Terraced,302392.0,833,285893.0,2901.0
1444,2023-01,2023,1,South West,Flat,259212.0,703,235899.0,2834.0
1445,2023-02,2023,2,South West,Detached,566960.0,771,535775.0,5950.0
1446,2023-02,2023,2,South West,Semi-Detached,358962.0,1107,324571.0,3710.0
1447,2023-02,2023,2,South West,Terraced,304515.0,925,275447.0,3453.0
1448,2023-02,2023,2,South West,Flat,263687.0,667,236668.0,2555.0
1449,2023-03,2023,3,South West,Detached,560352.0,1023,502577.0,7207.0
1450,2023-03,2023,3,South West,Semi-Detached,353532.0,1375,324736.0,3413.0
1451,2023-03,2023,3,South West,Terraced,297067.0,767,262253.0,2714.0
1452,2023-03,2023,3,South West,Flat,275042.0,588,254873.0,3238.0
1453,2023-04,2023,4,South West,Detached,585705.0,1133,533695.0,5618.0
1454,2023-04,2023,4,South West,Semi-Detached,355063.0,605,325820.0,3615.0
1455,2023-04,2023,4,South West,Terraced,301227.0,1065,278702.0,3753.0
1456,2023-04,2023,4,South West,Flat,267071.0,927,248661.0,3527.0
1457,2023-05,2023,5,South West,Detached,562448.0,815,531565.0,6118.0
1458,2023-05,2023,5,South West,Semi-Detached,365005.0,768,341712.0,4364.0
1459,2023-05,2023,5,South West,Terraced,305328.0,806,283160.0,2986.0
1460,2023-05,2023,5,South West,Flat,272303.0,854,240281.0,2947.0
1461,2023-06,2023,6,South West,Detached,568368.0,725,514687.0,6306.0
1462,2023-06,2023,6,South West,Semi-Detached,353494.0,1090,323539.0,4343.0
1463,2023-06,2023,6,South West,Terraced,312163.0,1004,286868.0,3096.0
1464,2023-06,2023,6,South West,Flat,272495.0,655,248050.0,2964.0
1465,2023-07,2023,7,South West,Detached,592302.0,689,524996.0,5519.0
1466,2023-07,2023,7,South West,Semi-Detached,360450.0,843,326197.0,3765.0
1467,2023-07,2023,7,South West,Terraced,309320.0,881,272400.0,3770.0
1468,2023-07,2023,7,South West,Flat,270245.0,822,242766.0,3494.0
1469,2023-08,2023,8,South West,Detached,570061.0,994,530398.0,5321.0
1470,2023-08,2023,8,South West,Semi-Detached,350621.0,941,321238.0,3283.0
1471,2023-08,2023,8,South West,Terraced,306825.0,1153,289497.0,3870.0
1472,2023-08,2023,8,South West,Flat,272253.0,818,247396.0,2963.0
1473,2023-09,2023,9,South West,Detached,561432.0,878,505169.0,6161.0
1474,2023-09,2023,9,South West,Semi-Detached,351806.0,795,321568.0,3488.0
1475,2023-09,2023,9,South West,Terraced,301870.0,865,279783.0,3801.0
1476,2023-09,2023,9,South West,Flat,268243.0,651,253584.0,2677.0
1477,2023-10,2023,10,South West,Detached,556987.0,941,507422.0,5765.0
1478,2023-10,2023,10,South West,Semi-Detached,350457.0,1100,332011.0,3301.0
1479,2023-10,2023,10,South West,Terraced,302946.0,688,277584.0,3323.0
1480,2023-10,2023,10,South West,Flat,267203.0,451,248790.0,2989.0
1481,2023-11,2023,11,South West,Detached,570018.0,764,535921.0,6261.0
1482,2023-11,2023,11,South West,Semi-Detached,351752.0,812,321435.0,3317.0
1483,2023-11,2023,11,South West,Terraced,295008.0,1075,261607.0,3218.0
1484,2023-11,2023,11,South West,Flat,260832.0,801,233798.0,2920.0
1485,2023-12,2023,12,South West,Detached,553771.0,943,496161.0,5162.0
1486,2023-12,2023,12,South West,Semi-Detached,333651.0,1386,305336.0,3469.0
1487,2023-12,2023,12,South West,Terraced,288360.0,1364,263949.0,3552.0
1488,2023-12,2023,12,South West,Flat,257598.0,1069,229050.0,2530.0
1489,2024-01,2024,1,South West,Detached,547726.0,598,517808.0,6727.0
1490,2024-01,2024,1,South West,Semi-Detached,344340.0,893,312255.0,3349.0
1491,2024-01,2024,1,South West,Terraced,285924.0,546,256961.0,3080.0
1492,2024-01,2024,1,South West,Flat,257418.0,866,236722.0,2574.0
1493,2024-02,2024,2,South West,Detached,549840.0,650,518310.0,5043.0
1494,2024-02,2024,2,South West,Semi-Detached,345180.0,1199,303983.0,3815.0
1495,2024-02,2024,2,South West,Terraced,294123.0,679,265798.0,3212.0
1496,2024-02,2024,2,South West,Flat,263080.0,859,243700.0,2917.0
1497,2024-03,2024,3,South West,Detached,555635.0,971,495295.0,5372.0
1498,2024-03,2024,3,South West,Semi-Detached,354861.0,1157,320243.0,3762.0
1499,2024-03,2024,3,South West,Terraced,298664.0,713,268182.0,3657.0
1500,2024-03,2024,3,South West,Flat,271400.0,710,248044.0,3104.0
1501,2024-04,2024,4,South West,Detached,566538.0,789,523997.0,7472.0
1502,2024-04,2024,4,South West,Semi-Detached,358788.0,990,323304.0,4582.0
1503,2024-04,2024,4,South West,Terraced,302971.0,1082,278710.0,3941.0
1504,2024-04,2024,4,South West,Flat,266370.0,601,238280.0,2875.0
1505,2024-05,2024,5,South West,Detached,571515.0,723,507179.0,6195.0
1506,2024-05,2024,5,South West,Semi-Detached,356321.0,1028,322644.0,3659.0
1507,2024-05,2024,5,South West,Terraced,296371.0,760,266506.0,2794.0
1508,2024-05,2024,5,South West,Flat,262267.0,696,245285.0,3447.0
1509,2024-06,2024,6,South West,Detached,583491.0,903,525860.0,6654.0
1510,2024-06,2024,6,South West,Semi-Detached,365107.0,957,332610.0,3374.0
1511,2024-06,2024,6,South West,Terraced,310796.0,475,283995.0,3120.0
1512,2024-06,2024,6,South West,Flat,276252.0,632,246759.0,2906.0
1513,2024-07,2024,7,South West,Detached,629991.0,805,569929.0,7573.0
1514,2024-07,2024,7,South West,Semi-Detached,400003.0,1158,378436.0,4501.0
1515,2024-07,2024,7,South West,Terraced,347070.0,778,317874.0,4114.0
1516,2024-07,2024,7,South West,Flat,305543.0,474,283992.0,2831.0
1517,2024-08,2024,8,South West,Detached,615876.0,778,563367.0,6548.0
1518,2024-08,2024,8,South West,Semi-Detached,389532.0,871,369645.0,3603.0
1519,2024-08,2024,8,South West,Terraced,330043.0,752,306714.0,3631.0
1520,2024-08,2024,8,South West,Flat,295050.0,827,269561.0,3350.0
1521,2024-09,2024,9,South West,Detached,638744.0,1020,566544.0,6643.0
1522,2024-09,2024,9,South West,Semi-Detached,409266.0,406,377023.0,5239.0
1523,2024-09,2024,9,South West,Terraced,344005.0,550,326495.0,3635.0
1524,2024-09,2024,9,South West,Flat,299256.0,577,265329.0,2742.0
1525,2024-10,2024,10,South West,Detached,626019.0,465,579375.0,8252.0
1526,2024-10,2024,10,South West,Semi-Detached,395748.0,1394,355965.0,5129.0
1527,2024-10,2024,10,South West,Terraced,330024.0,964,291937.0,3328.0
1528,2024-10,2024,10,South West,Flat,287638.0,1088,260443.0,3483.0
1529,2024-11,2024,11,South West,Detached,615558.0,501,552642.0,5926.0
1530,2024-11,2024,11,South West,Semi-Detached,379274.0,1801,341852.0,4661.0
1531,2024-11,2024,11,South West,Terraced,328025.0,848,293168.0,3308.0
1532,2024-11,2024,11,South West,Flat,291744.0,523,266316.0,3320.0
1533,2024-12,2024,12,South West,Detached,615159.0,673,569921.0,6258.0
1534,2024-12,2024,12,South West,Semi-Detached,384278.0,573,343369.0,4666.0
1535,2024-12,2024,12,South West,Terraced,325049.0,660,292405.0,4091.0
1536,2024-12,2024,12,South West,Flat,286902.0,841,255169.0,2941.0
1537,2025-01,2025,1,South West,Detached,626887.0,476,580220.0,7928.0
1538,2025-01,2025,1,South West,Semi-Detached,399921.0,415,359430.0,4160.0
1539,2025-01,2025,1,South West,Terraced,345062.0,504,309095.0,4108.0
1540,2025-01,2025,1,South West,Flat,305718.0,346,288588.0,3478.0
1541,2025-02,2025,2,South West,Detached,621327.0,495,583155.0,6354.0
1542,2025-02,2025,2,South West,Semi-Detached,387305.0,1321,363003.0,5073.0
1543,2025-02,2025,2,South West,Terraced,337345.0,1018,306268.0,3651.0
1544,2025-02,2025,2,South West,Flat,296812.0,1012,268320.0,3718.0
1545,2025-03,2025,3,South West,Detached,614929.0,1134,559255.0,5660.0
1546,2025-03,2025,3,South West,Semi-Detached,396373.0,1366,351843.0,4458.0
1547,2025-03,2025,3,South West,Terraced,343615.0,959,323094.0,4420.0
1548,2025-03,2025,3,South West,Flat,292886.0,929,268870.0,2812.0
1549,2025-04,2025,4,South West,Detached,652083.0,816,592776.0,7544.0
1550,2025-04,2025,4,South West,Semi-Detached,407723.0,1083,382683.0,3712.0
1551,2025-04,2025,4,South West,Terraced,349182.0,880,314252.0,4188.0
1552,2025-04,2025,4,South West,Flat,303206.0,337,278714.0,3017.0
1553,2025-05,2025,5,South West,Detached,647747.0,1048,599058.0,7704.0
1554,2025-05,2025,5,South West,Semi-Detached,428553.0,1040,402339.0,4305.0
1555,2025-05,2025,5,South West,Terraced,344307.0,679,312743.0,3878.0
1556,2025-05,2025,5,South West,Flat,316444.0,827,282166.0,4129.0
1557,2025-06,2025,6,South West,Detached,654430.0,961,613905.0,6568.0
1558,2025-06,2025,6,South West,Semi-Detached,412699.0,1196,382299.0,4522.0
1559,2025-06,2025,6,South West,Terraced,347160.0,1221,310085.0,3742.0
1560,2025-06,2025,6,South West,Flat,316461.0,825,294779.0,3222.0
1561,2025-07,2025,7,South West,Detached,658572.0,995,621949.0,8561.0
1562,2025-07,2025,7,South West,Semi-Detached,415301.0,1218,369771.0,4107.0
1563,2025-07,2025,7,South West,Terraced,341598.0,1130,322525.0,3427.0
1564,2025-07,2025,7,South West,Flat,314384.0,600,276686.0,3969.0
1565,2025-08,2025,8,South West,Detached,689958.0,878,627324.0,6860.0
1566,2025-08,2025,8,South West,Semi-Detached,413710.0,1050,369625.0,3963.0
1567,2025-08,2025,8,South West,Terraced,358780.0,861,318679.0,3272.0
1568,2025-08,2025,8,South West,Flat,309335.0,903,284778.0,2901.0
1569,2025-09,2025,9,South West,Detached,653190.0,893,590191.0,7928.0
1570,2025-09,2025,9,South West,Semi-Detached,408538.0,795,385306.0,4595.0
1571,2025-09,2025,9,South West,Terraced,350556.0,735,316355.0,3469.0
1572,2025-09,2025,9,South West,Flat,304460.0,788,286276.0,3211.0
1573,2025-10,2025,10,South West,Detached,664298.0,627,608457.0,6794.0
1574,2025-10,2025,10,South West,Semi-Detached,411313.0,1290,387902.0,4061.0
1575,2025-10,2025,10,South West,Terraced,363489.0,744,328155.0,3322.0
1576,2025-10,2025,10,South West,Flat,307695.0,823,277806.0,3178.0
1577,2025-11,2025,11,South West,Detached,641013.0,473,571482.0,6467.0
1578,2025-11,2025,11,South West,Semi-Detached,401617.0,669,362408.0,4196.0
1579,2025-11,2025,11,South West,Terraced,343921.0,964,319896.0,3494.0
1580,2025-11,2025,11,South West,Flat,306861.0,1240,270862.0,3172.0
1581,2025-12,2025,12,South West,Detached,655980.0,1106,593678.0,7744.0
1582,2025-12,2025,12,South West,Semi-Detached,418444.0,1305,393742.0,4811.0
1583,2025-12,2025,12,South West,Terraced,350262.0,1100,329877.0,3747.0
1584,2025-12,2025,12,South West,Flat,319667.0,919,298074.0,2939.0
1585,2015-01,2015,1,East of England,Detached,431195.0,726,382278.0,4232.0
1586,2015-01,2015,1,East of England,Semi-Detached,276157.0,822,248938.0,2647.0
1587,2015-01,2015,1,East of England,Terraced,230346.0,915,217797.0,2333.0
1588,2015-01,2015,1,East of England,Flat,195431.0,1141,176685.0,2307.0
1589,2015-02,2015,2,East of England,Detached,418964.0,1067,370130.0,5506.0
1590,2015-02,2015,2,East of England,Semi-Detached,273417.0,1123,250892.0,2618.0
1591,2015-02,2015,2,East of England,Terraced,226804.0,733,203351.0,2502.0
1592,2015-02,2015,2,East of England,Flat,201202.0,791,184861.0,1870.0
1593,2015-03,2015,3,East of England,Detached,429087.0,814,393440.0,5368.0
1594,2015-03,2015,3,East of England,Semi-Detached,274740.0,1100,259361.0,3338.0
1595,2015-03,2015,3,East of England,Terraced,228483.0,682,210722.0,2830.0
1596,2015-03,2015,3,East of England,Flat,204503.0,620,186596.0,2131.0
1597,2015-04,2015,4,East of England,Detached,448028.0,654,403756.0,4563.0
1598,2015-04,2015,4,East of England,Semi-Detached,279794.0,813,248730.0,3113.0
1599,2015-04,2015,4,East of England,Terraced,239036.0,632,214736.0,2258.0
1600,2015-04,2015,4,East of England,Flat,207986.0,829,191965.0,2664.0
1601,2015-05,2015,5,East of England,Detached,445199.0,1034,400580.0,5046.0
1602,2015-05,2015,5,East of England,Semi-Detached,287862.0,1118,263472.0,2884.0
1603,2015-05,2015,5,East of England,Terraced,237340.0,639,214412.0,3127.0
1604,2015-05,2015,5,East of England,Flat,207518.0,1017,195650.0,2228.0
1605,2015-06,2015,6,East of England,Detached,441663.0,790,415846.0,5853.0
1606,2015-06,2015,6,East of England,Semi-Detached,277990.0,1217,251285.0,2590.0
1607,2015-06,2015,6,East of England,Terraced,236576.0,725,217278.0,2861.0
1608,2015-06,2015,6,East of England,Flat,214464.0,623,199644.0,2859.0
1609,2015-07,2015,7,East of England,Detached,439150.0,944,394350.0,5799.0
1610,2015-07,2015,7,East of England,Semi-Detached,279972.0,998,250881.0,3009.0
1611,2015-07,2015,7,East of England,Terraced,233131.0,828,210939.0,2639.0
1612,2015-07,2015,7,East of England,Flat,211302.0,1115,192626.0,2013.0
1613,2015-08,2015,8,East of England,Detached,443832.0,887,407992.0,5666.0
1614,2015-08,2015,8,East of England,Semi-Detached,276480.0,696,247293.0,2616.0
1615,2015-08,2015,8,East of England,Terraced,235803.0,557,217505.0,2377.0
1616,2015-08,2015,8,East of England,Flat,211569.0,738,194598.0,2341.0
1617,2015-09,2015,9,East of England,Detached,440474.0,883,413275.0,4773.0
1618,2015-09,2015,9,East of England,Semi-Detached,283298.0,1321,264973.0,3319.0
1619,2015-09,2015,9,East of England,Terraced,232839.0,257,211589.0,2802.0
1620,2015-09,2015,9,East of England,Flat,208349.0,740,184154.0,2543.0
1621,2015-10,2015,10,East of England,Detached,439045.0,580,397357.0,5831.0
1622,2015-10,2015,10,East of England,Semi-Detached,286208.0,1525,264961.0,3232.0
1623,2015-10,2015,10,East of England,Terraced,233782.0,825,206612.0,2569.0
1624,2015-10,2015,10,East of England,Flat,210584.0,825,186857.0,2029.0
1625,2015-11,2015,11,East of England,Detached,432888.0,621,385502.0,4674.0
1626,2015-11,2015,11,East of England,Semi-Detached,269161.0,970,246105.0,2571.0
1627,2015-11,2015,11,East of England,Terraced,239382.0,782,214975.0,2259.0
1628,2015-11,2015,11,East of England,Flat,212802.0,514,191275.0,2064.0
1629,2015-12,2015,12,East of England,Detached,447684.0,727,406333.0,4854.0
1630,2015-12,2015,12,East of England,Semi-Detached,277659.0,1292,254787.0,3619.0
1631,2015-12,2015,12,East of England,Terraced,234113.0,872,207883.0,2619.0
1632,2015-12,2015,12,East of England,Flat,213116.0,985,190204.0,2740.0
1633,2016-01,2016,1,East of England,Detached,447809.0,907,412777.0,5159.0
1634,2016-01,2016,1,East of England,Semi-Detached,280483.0,891,256833.0,2937.0
1635,2016-01,2016,1,East of England,Terraced,234868.0,722,212660.0,2411.0
1636,2016-01,2016,1,East of England,Flat,201462.0,599,186100.0,2004.0
1637,2016-02,2016,2,East of England,Detached,448727.0,861,424726.0,5811.0
1638,2016-02,2016,2,East of England,Semi-Detached,278588.0,1076,262587.0,2978.0
1639,2016-02,2016,2,East of England,Terraced,242418.0,898,215879.0,3175.0
1640,2016-02,2016,2,East of England,Flat,209694.0,948,186424.0,2294.0
1641,2016-03,2016,3,East of England,Detached,455254.0,982,431938.0,4679.0
1642,2016-03,2016,3,East of England,Semi-Detached,283391.0,725,267669.0,2792.0
1643,2016-03,2016,3,East of England,Terraced,241753.0,983,216133.0,2934.0
1644,2016-03,2016,3,East of England,Flat,216387.0,591,197066.0,2114.0
1645,2016-04,2016,4,East of England,Detached,462650.0,1093,432787.0,4434.0
1646,2016-04,2016,4,East of England,Semi-Detached,285023.0,1216,256287.0,3313.0
1647,2016-04,2016,4,East of England,Terraced,245393.0,682,219545.0,2699.0
1648,2016-04,2016,4,East of England,Flat,220786.0,1025,195771.0,2058.0
1649,2016-05,2016,5,East of England,Detached,464624.0,637,431424.0,6082.0
1650,2016-05,2016,5,East of England,Semi-Detached,289868.0,991,268003.0,3503.0
1651,2016-05,2016,5,East of England,Terraced,247684.0,1020,226166.0,2563.0
1652,2016-05,2016,5,East of England,Flat,216948.0,991,198475.0,2077.0
1653,2016-06,2016,6,East of England,Detached,458452.0,1061,410821.0,5139.0
1654,2016-06,2016,6,East of England,Semi-Detached,285975.0,1200,262156.0,2771.0
1655,2016-06,2016,6,East of England,Terraced,249822.0,528,224139.0,3169.0
1656,2016-06,2016,6,East of England,Flat,215785.0,816,193990.0,2056.0
1657,2016-07,2016,7,East of England,Detached,462702.0,614,430094.0,6081.0
1658,2016-07,2016,7,East of England,Semi-Detached,288891.0,1002,273643.0,2910.0
1659,2016-07,2016,7,East of England,Terraced,245368.0,713,221700.0,2949.0
1660,2016-07,2016,7,East of England,Flat,221182.0,1355,204422.0,2633.0
1661,2016-08,2016,8,East of England,Detached,443297.0,752,404038.0,4668.0
1662,2016-08,2016,8,East of England,Semi-Detached,277469.0,650,258404.0,2803.0
1663,2016-08,2016,8,East of England,Terraced,241206.0,936,222553.0,2526.0
1664,2016-08,2016,8,East of England,Flat,213685.0,339,192737.0,2672.0
1665,2016-09,2016,9,East of England,Detached,457767.0,1023,433296.0,4553.0
1666,2016-09,2016,9,East of England,Semi-Detached,292398.0,995,269301.0,2679.0
1667,2016-09,2016,9,East of England,Terraced,247895.0,981,219588.0,3035.0
1668,2016-09,2016,9,East of England,Flat,215418.0,1211,201876.0,1966.0
1669,2016-10,2016,10,East of England,Detached,449172.0,774,420462.0,4671.0
1670,2016-10,2016,10,East of England,Semi-Detached,282815.0,670,263573.0,2774.0
1671,2016-10,2016,10,East of England,Terraced,233476.0,799,221373.0,2377.0
1672,2016-10,2016,10,East of England,Flat,207128.0,667,192873.0,2481.0
1673,2016-11,2016,11,East of England,Detached,449322.0,976,399113.0,4589.0
1674,2016-11,2016,11,East of England,Semi-Detached,280189.0,944,261833.0,2910.0
1675,2016-11,2016,11,East of England,Terraced,245237.0,783,227507.0,3176.0
1676,2016-11,2016,11,East of England,Flat,215748.0,887,197998.0,2536.0
1677,2016-12,2016,12,East of England,Detached,460656.0,663,426171.0,5230.0
1678,2016-12,2016,12,East of England,Semi-Detached,288455.0,980,260321.0,3441.0
1679,2016-12,2016,12,East of England,Terraced,248148.0,827,220162.0,2298.0
1680,2016-12,2016,12,East of England,Flat,212984.0,901,198042.0,2407.0
1681,2017-01,2017,1,East of England,Detached,470531.0,674,426462.0,5365.0
1682,2017-01,2017,1,East of England,Semi-Detached,284524.0,1075,259069.0,3478.0
1683,2017-01,2017,1,East of England,Terraced,250499.0,901,228968.0,2932.0
1684,2017-01,2017,1,East of England,Flat,223874.0,523,200708.0,2226.0
1685,2017-02,2017,2,East of England,Detached,471007.0,707,422432.0,4371.0
1686,2017-02,2017,2,East of England,Semi-Detached,287738.0,1127,270801.0,3239.0
1687,2017-02,2017,2,East of England,Terraced,248961.0,676,225669.0,2892.0
1688,2017-02,2017,2,East of England,Flat,219391.0,999,201928.0,2838.0
1689,2017-03,2017,3,East of England,Detached,467521.0,766,433151.0,5570.0
1690,2017-03,2017,3,East of England,Semi-Detached,300549.0,819,268144.0,2957.0
1691,2017-03,2017,3,East of England,Terraced,251357.0,807,227871.0,2711.0
1692,2017-03,2017,3,East of England,Flat,222350.0,434,200261.0,2209.0
1693,2017-04,2017,4,East of England,Detached,484489.0,858,429661.0,4552.0
1694,2017-04,2017,4,East of England,Semi-Detached,307078.0,512,277957.0,3867.0
1695,2017-04,2017,4,East of England,Terraced,261055.0,1299,233438.0,2875.0
1696,2017-04,2017,4,East of England,Flat,229314.0,1064,203352.0,2435.0
1697,2017-05,2017,5,East of England,Detached,497193.0,594,462247.0,5037.0
1698,2017-05,2017,5,East of England,Semi-Detached,309444.0,1022,279523.0,3144.0
1699,2017-05,2017,5,East of England,Terraced,260126.0,887,245539.0,2527.0
1700,2017-05,2017,5,East of England,Flat,226020.0,1013,202882.0,2067.0
1701,2017-06,2017,6,East of England,Detached,499299.0,898,442375.0,6132.0
1702,2017-06,2017,6,East of England,Semi-Detached,300616.0,1410,277410.0,3025.0
1703,2017-06,2017,6,East of England,Terraced,257326.0,738,227701.0,2691.0
1704,2017-06,2017,6,East of England,Flat,235506.0,828,215649.0,2623.0
1705,2017-07,2017,7,East of England,Detached,489981.0,726,451343.0,4682.0
1706,2017-07,2017,7,East of England,Semi-Detached,310294.0,951,274677.0,3341.0
1707,2017-07,2017,7,East of England,Terraced,260433.0,915,240442.0,2670.0
1708,2017-07,2017,7,East of England,Flat,231524.0,662,215226.0,2806.0
1709,2017-08,2017,8,East of England,Detached,490972.0,595,446436.0,5291.0
1710,2017-08,2017,8,East of England,Semi-Detached,301131.0,993,265610.0,3131.0
1711,2017-08,2017,8,East of England,Terraced,256638.0,636,241416.0,2538.0
1712,2017-08,2017,8,East of England,Flat,231884.0,1031,206183.0,2334.0
1713,2017-09,2017,9,East of England,Detached,478054.0,778,445597.0,4945.0
1714,2017-09,2017,9,East of England,Semi-Detached,310297.0,961,290130.0,3403.0
1715,2017-09,2017,9,East of England,Terraced,264663.0,795,241474.0,2583.0
1716,2017-09,2017,9,East of England,Flat,231333.0,843,206485.0,2532.0
1717,2017-10,2017,10,East of England,Detached,509119.0,706,477605.0,6636.0
1718,2017-10,2017,10,East of England,Semi-Detached,309023.0,1340,276209.0,3589.0
1719,2017-10,2017,10,East of England,Terraced,263043.0,441,232430.0,3266.0
1720,2017-10,2017,10,East of England,Flat,230218.0,849,206353.0,2534.0
1721,2017-11,2017,11,East of England,Detached,494522.0,1086,456584.0,6263.0
1722,2017-11,2017,11,East of England,Semi-Detached,307393.0,983,279046.0,3043.0
1723,2017-11,2017,11,East of England,Terraced,257673.0,431,229833.0,3107.0
1724,2017-11,2017,11,East of England,Flat,236059.0,446,216240.0,2915.0
1725,2017-12,2017,12,East of England,Detached,502086.0,884,450901.0,5445.0
1726,2017-12,2017,12,East of England,Semi-Detached,305806.0,1088,282082.0,3914.0
1727,2017-12,2017,12,East of England,Terraced,265822.0,992,244896.0,2929.0
1728,2017-12,2017,12,East of England,Flat,234847.0,799,216255.0,2503.0
1729,2018-01,2018,1,East of England,Detached,482967.0,324,440173.0,4418.0
1730,2018-01,2018,1,East of England,Semi-Detached,303753.0,869,270141.0,3961.0
1731,2018-01,2018,1,East of England,Terraced,249531.0,874,232875.0,3110.0
1732,2018-01,2018,1,East of England,Flat,232117.0,486,207969.0,3078.0
1733,2018-02,2018,2,East of England,Detached,494491.0,647,439198.0,4516.0
1734,2018-02,2018,2,East of England,Semi-Detached,307346.0,937,274747.0,3216.0
1735,2018-02,2018,2,East of England,Terraced,262684.0,791,242943.0,2935.0
1736,2018-02,2018,2,East of England,Flat,230184.0,666,213100.0,2570.0
1737,2018-03,2018,3,East of England,Detached,496492.0,1021,440996.0,4844.0
1738,2018-03,2018,3,East of England,Semi-Detached,315677.0,845,293149.0,3490.0
1739,2018-03,2018,3,East of England,Terraced,268875.0,546,254619.0,3107.0
1740,2018-03,2018,3,East of England,Flat,241486.0,966,229337.0,2880.0
1741,2018-04,2018,4,East of England,Detached,510617.0,258,459885.0,6760.0
1742,2018-04,2018,4,East of England,Semi-Detached,311649.0,799,283928.0,3848.0
1743,2018-04,2018,4,East of England,Terraced,269343.0,940,238628.0,2755.0
1744,2018-04,2018,4,East of England,Flat,237596.0,824,209135.0,2839.0
1745,2018-05,2018,5,East of England,Detached,521837.0,806,467676.0,6415.0
1746,2018-05,2018,5,East of England,Semi-Detached,318052.0,958,290319.0,2949.0
1747,2018-05,2018,5,East of England,Terraced,275134.0,803,245395.0,3197.0
1748,2018-05,2018,5,East of England,Flat,242313.0,448,217995.0,2222.0
1749,2018-06,2018,6,East of England,Detached,515157.0,659,453353.0,5374.0
1750,2018-06,2018,6,East of England,Semi-Detached,318563.0,1161,284473.0,3257.0
1751,2018-06,2018,6,East of England,Terraced,275812.0,1025,248880.0,3290.0
1752,2018-06,2018,6,East of England,Flat,244062.0,770,222502.0,2716.0
1753,2018-07,2018,7,East of England,Detached,505547.0,717,460598.0,4940.0
1754,2018-07,2018,7,East of England,Semi-Detached,321733.0,1318,303610.0,4254.0
1755,2018-07,2018,7,East of England,Terraced,279198.0,1086,256274.0,3234.0
1756,2018-07,2018,7,East of England,Flat,242213.0,1009,223080.0,2457.0
1757,2018-08,2018,8,East of England,Detached,518881.0,1017,471074.0,5581.0
1758,2018-08,2018,8,East of England,Semi-Detached,319152.0,1351,289525.0,4073.0
1759,2018-08,2018,8,East of England,Terraced,269042.0,1156,244396.0,2724.0
1760,2018-08,2018,8,East of England,Flat,241703.0,663,225761.0,2324.0
1761,2018-09,2018,9,East of England,Detached,519245.0,1387,490340.0,4876.0
1762,2018-09,2018,9,East of England,Semi-Detached,317941.0,595,288539.0,3590.0
1763,2018-09,2018,9,East of England,Terraced,272864.0,599,256567.0,3523.0
1764,2018-09,2018,9,East of England,Flat,238840.0,609,215939.0,3096.0
1765,2018-10,2018,10,East of England,Detached,520380.0,646,490172.0,6288.0
1766,2018-10,2018,10,East of England,Semi-Detached,311586.0,419,293249.0,3064.0
1767,2018-10,2018,10,East of England,Terraced,281239.0,831,264172.0,3733.0
1768,2018-10,2018,10,East of England,Flat,243659.0,760,227047.0,2592.0
1769,2018-11,2018,11,East of England,Detached,503959.0,1227,458243.0,5040.0
1770,2018-11,2018,11,East of England,Semi-Detached,314357.0,1031,286570.0,3521.0
1771,2018-11,2018,11,East of England,Terraced,266211.0,580,246197.0,2518.0
1772,2018-11,2018,11,East of England,Flat,237669.0,964,225672.0,3019.0
1773,2018-12,2018,12,East of England,Detached,519762.0,801,458133.0,5405.0
1774,2018-12,2018,12,East of England,Semi-Detached,322374.0,930,290086.0,3255.0
1775,2018-12,2018,12,East of England,Terraced,266762.0,937,235401.0,2986.0
1776,2018-12,2018,12,East of England,Flat,242519.0,678,227004.0,2665.0
1777,2019-01,2019,1,East of England,Detached,533561.0,743,479822.0,6331.0
1778,2019-01,2019,1,East of England,Semi-Detached,331806.0,428,302212.0,4244.0
1779,2019-01,2019,1,East of England,Terraced,283872.0,617,253721.0,3174.0
1780,2019-01,2019,1,East of England,Flat,246892.0,888,223684.0,2722.0
1781,2019-02,2019,2,East of England,Detached,501761.0,835,447020.0,4742.0
1782,2019-02,2019,2,East of England,Semi-Detached,311002.0,654,274457.0,3365.0
1783,2019-02,2019,2,East of England,Terraced,280517.0,1166,260738.0,3454.0
1784,2019-02,2019,2,East of England,Flat,243035.0,680,229984.0,3047.0
1785,2019-03,2019,3,East of England,Detached,518229.0,765,461254.0,5190.0
1786,2019-03,2019,3,East of England,Semi-Detached,321835.0,740,283423.0,3116.0
1787,2019-03,2019,3,East of England,Terraced,275810.0,877,249218.0,2888.0
1788,2019-03,2019,3,East of England,Flat,238676.0,684,213760.0,2926.0
1789,2019-04,2019,4,East of England,Detached,544884.0,629,489560.0,7224.0
1790,2019-04,2019,4,East of England,Semi-Detached,343385.0,1153,325323.0,3591.0
1791,2019-04,2019,4,East of England,Terraced,292252.0,601,276164.0,2810.0
1792,2019-04,2019,4,East of England,Flat,244266.0,649,219445.0,2636.0
1793,2019-05,2019,5,East of England,Detached,549922.0,830,514957.0,6460.0
1794,2019-05,2019,5,East of England,Semi-Detached,333715.0,825,314439.0,3191.0
1795,2019-05,2019,5,East of England,Terraced,292799.0,1186,275768.0,3171.0
1796,2019-05,2019,5,East of England,Flat,252358.0,1018,225962.0,2848.0
1797,2019-06,2019,6,East of England,Detached,538842.0,933,489413.0,6530.0
1798,2019-06,2019,6,East of England,Semi-Detached,327958.0,806,292646.0,3247.0
1799,2019-06,2019,6,East of England,Terraced,283230.0,474,256893.0,2590.0
1800,2019-06,2019,6,East of England,Flat,248297.0,762,220063.0,2595.0
1801,2019-07,2019,7,East of England,Detached,547866.0,673,501932.0,5912.0
1802,2019-07,2019,7,East of England,Semi-Detached,332903.0,716,298814.0,4106.0
1803,2019-07,2019,7,East of England,Terraced,285291.0,655,255248.0,3094.0
1804,2019-07,2019,7,East of England,Flat,245818.0,989,219149.0,2383.0
1805,2019-08,2019,8,East of England,Detached,536861.0,857,487415.0,6632.0
1806,2019-08,2019,8,East of England,Semi-Detached,333046.0,808,306048.0,3725.0
1807,2019-08,2019,8,East of England,Terraced,283834.0,1032,252616.0,2703.0
1808,2019-08,2019,8,East of England,Flat,257104.0,542,236446.0,2810.0
1809,2019-09,2019,9,East of England,Detached,545633.0,851,514372.0,7084.0
1810,2019-09,2019,9,East of England,Semi-Detached,337954.0,1152,307744.0,3792.0
1811,2019-09,2019,9,East of England,Terraced,286885.0,804,255000.0,3129.0
1812,2019-09,2019,9,East of England,Flat,251545.0,643,229826.0,2293.0
1813,2019-10,2019,10,East of England,Detached,546826.0,896,497086.0,5368.0
1814,2019-10,2019,10,East of England,Semi-Detached,335145.0,701,314769.0,3847.0
1815,2019-10,2019,10,East of England,Terraced,292312.0,992,269229.0,3341.0
1816,2019-10,2019,10,East of England,Flat,246012.0,979,217935.0,2242.0
1817,2019-11,2019,11,East of England,Detached,538730.0,533,488844.0,6400.0
1818,2019-11,2019,11,East of England,Semi-Detached,339048.0,780,315460.0,3649.0
1819,2019-11,2019,11,East of England,Terraced,275763.0,1333,260434.0,3594.0
1820,2019-11,2019,11,East of England,Flat,250260.0,1023,224467.0,2368.0
1821,2019-12,2019,12,East of England,Detached,538492.0,907,490422.0,7033.0
1822,2019-12,2019,12,East of England,Semi-Detached,335282.0,1254,295728.0,3382.0
1823,2019-12,2019,12,East of England,Terraced,280678.0,789,251207.0,3633.0
1824,2019-12,2019,12,East of England,Flat,258900.0,1032,236998.0,2499.0
1825,2020-01,2020,1,East of England,Detached,548669.0,1112,507757.0,6288.0
1826,2020-01,2020,1,East of England,Semi-Detached,327949.0,968,297171.0,3975.0
1827,2020-01,2020,1,East of England,Terraced,284270.0,519,250837.0,3298.0
1828,2020-01,2020,1,East of England,Flat,261327.0,917,243228.0,2628.0
1829,2020-02,2020,2,East of England,Detached,543538.0,740,488680.0,5221.0
1830,2020-02,2020,2,East of England,Semi-Detached,342930.0,1143,302012.0,4292.0
1831,2020-02,2020,2,East of England,Terraced,294946.0,444,261103.0,2731.0
1832,2020-02,2020,2,East of England,Flat,259975.0,753,242982.0,2563.0
1833,2020-03,2020,3,East of England,Detached,552398.0,1069,507521.0,5044.0
1834,2020-03,2020,3,East of England,Semi-Detached,345706.0,1266,325335.0,4188.0
1835,2020-03,2020,3,East of England,Terraced,290780.0,792,266351.0,2795.0
1836,2020-03,2020,3,East of England,Flat,250533.0,1209,229713.0,3282.0
1837,2020-04,2020,4,East of England,Detached,541406.0,879,482406.0,5651.0
1838,2020-04,2020,4,East of England,Semi-Detached,326929.0,1123,290523.0,2991.0
1839,2020-04,2020,4,East of England,Terraced,277011.0,693,247091.0,2816.0
1840,2020-04,2020,4,East of England,Flat,255535.0,1044,226445.0,2405.0
1841,2020-05,2020,5,East of England,Detached,530060.0,342,498495.0,4930.0
1842,2020-05,2020,5,East of England,Semi-Detached,332042.0,1239,310362.0,3087.0
1843,2020-05,2020,5,East of England,Terraced,283815.0,892,255212.0,2733.0
1844,2020-05,2020,5,East of England,Flat,246235.0,802,222534.0,2853.0
1845,2020-06,2020,6,East of England,Detached,555799.0,879,512805.0,5300.0
1846,2020-06,2020,6,East of England,Semi-Detached,343138.0,591,312783.0,4550.0
1847,2020-06,2020,6,East of England,Terraced,299570.0,937,276034.0,2973.0
1848,2020-06,2020,6,East of England,Flat,254063.0,823,225646.0,2650.0
1849,2020-07,2020,7,East of England,Detached,562692.0,1121,508117.0,5615.0
1850,2020-07,2020,7,East of England,Semi-Detached,341761.0,683,318808.0,3498.0
1851,2020-07,2020,7,East of England,Terraced,305163.0,960,268786.0,3071.0
1852,2020-07,2020,7,East of England,Flat,272753.0,911,255640.0,2854.0
1853,2020-08,2020,8,East of England,Detached,562712.0,669,508594.0,6138.0
1854,2020-08,2020,8,East of England,Semi-Detached,356592.0,549,317929.0,3265.0
1855,2020-08,2020,8,East of England,Terraced,302717.0,973,281752.0,3354.0
1856,2020-08,2020,8,East of England,Flat,261044.0,1038,235222.0,2741.0
1857,2020-09,2020,9,East of England,Detached,585803.0,624,518947.0,7625.0
1858,2020-09,2020,9,East of England,Semi-Detached,358742.0,982,318299.0,3468.0
1859,2020-09,2020,9,East of England,Terraced,310910.0,820,279533.0,2947.0
1860,2020-09,2020,9,East of England,Flat,273630.0,413,250709.0,3096.0
1861,2020-10,2020,10,East of England,Detached,566008.0,832,537589.0,6296.0
1862,2020-10,2020,10,East of England,Semi-Detached,366106.0,793,331499.0,3515.0
1863,2020-10,2020,10,East of England,Terraced,313200.0,726,277972.0,2994.0
1864,2020-10,2020,10,East of England,Flat,265877.0,937,236676.0,3089.0
1865,2020-11,2020,11,East of England,Detached,576083.0,1068,545389.0,6189.0
1866,2020-11,2020,11,East of England,Semi-Detached,349840.0,1090,308858.0,4067.0
1867,2020-11,2020,11,East of England,Terraced,312266.0,918,293574.0,3763.0
1868,2020-11,2020,11,East of England,Flat,270622.0,669,255623.0,2581.0
1869,2020-12,2020,12,East of England,Detached,576735.0,1070,527889.0,6320.0
1870,2020-12,2020,12,East of England,Semi-Detached,363524.0,602,320677.0,4566.0
1871,2020-12,2020,12,East of England,Terraced,310271.0,895,282223.0,3333.0
1872,2020-12,2020,12,East of England,Flat,278088.0,652,259982.0,2734.0
1873,2021-01,2021,1,East of England,Detached,593899.0,722,536384.0,5856.0
1874,2021-01,2021,1,East of England,Semi-Detached,356126.0,817,323338.0,3258.0
1875,2021-01,2021,1,East of England,Terraced,310525.0,909,282674.0,4008.0
1876,2021-01,2021,1,East of England,Flat,270121.0,1179,247410.0,2560.0
1877,2021-02,2021,2,East of England,Detached,597992.0,750,565438.0,6777.0
1878,2021-02,2021,2,East of England,Semi-Detached,384239.0,1133,346853.0,3840.0
1879,2021-02,2021,2,East of England,Terraced,318015.0,655,283074.0,3076.0
1880,2021-02,2021,2,East of England,Flat,285448.0,613,270043.0,3054.0
1881,2021-03,2021,3,East of England,Detached,622299.0,743,573882.0,5683.0
1882,2021-03,2021,3,East of England,Semi-Detached,365491.0,1018,338452.0,3437.0
1883,2021-03,2021,3,East of England,Terraced,325163.0,890,295607.0,3386.0
1884,2021-03,2021,3,East of England,Flat,282263.0,827,253225.0,2792.0
1885,2021-04,2021,4,East of England,Detached,610029.0,831,569988.0,6467.0
1886,2021-04,2021,4,East of England,Semi-Detached,384048.0,1340,350900.0,3975.0
1887,2021-04,2021,4,East of England,Terraced,326338.0,718,309145.0,3513.0
1888,2021-04,2021,4,East of England,Flat,291026.0,1111,263338.0,3261.0
1889,2021-05,2021,5,East of England,Detached,620876.0,759,552229.0,6722.0
1890,2021-05,2021,5,East of England,Semi-Detached,420544.0,1025,397534.0,4373.0
1891,2021-05,2021,5,East of England,Terraced,341232.0,592,321996.0,3506.0
1892,2021-05,2021,5,East of England,Flat,308944.0,674,292632.0,2979.0
1893,2021-06,2021,6,East of England,Detached,650048.0,855,584372.0,7648.0
1894,2021-06,2021,6,East of England,Semi-Detached,412063.0,924,363535.0,5306.0
1895,2021-06,2021,6,East of England,Terraced,342235.0,671,306721.0,3325.0
1896,2021-06,2021,6,East of England,Flat,305350.0,803,277884.0,3420.0
1897,2021-07,2021,7,East of England,Detached,645987.0,1011,601410.0,8613.0
1898,2021-07,2021,7,East of England,Semi-Detached,414176.0,1226,391891.0,4576.0
1899,2021-07,2021,7,East of England,Terraced,356490.0,683,336989.0,4590.0
1900,2021-07,2021,7,East of England,Flat,317455.0,1196,296958.0,3327.0
1901,2021-08,2021,8,East of England,Detached,653819.0,668,576434.0,7556.0
1902,2021-08,2021,8,East of England,Semi-Detached,414910.0,1060,389708.0,5221.0
1903,2021-08,2021,8,East of England,Terraced,349065.0,633,320179.0,4140.0
1904,2021-08,2021,8,East of England,Flat,311325.0,754,282333.0,3089.0
1905,2021-09,2021,9,East of England,Detached,651020.0,783,606369.0,7410.0
1906,2021-09,2021,9,East of England,Semi-Detached,412002.0,1551,372216.0,4147.0
1907,2021-09,2021,9,East of England,Terraced,346000.0,1015,316409.0,3233.0
1908,2021-09,2021,9,East of England,Flat,310272.0,209,277370.0,3618.0
1909,2021-10,2021,10,East of England,Detached,657573.0,716,590105.0,7678.0
1910,2021-10,2021,10,East of England,Semi-Detached,405828.0,1331,364009.0,5015.0
1911,2021-10,2021,10,East of England,Terraced,346308.0,867,315751.0,3734.0
1912,2021-10,2021,10,East of England,Flat,312388.0,1087,292630.0,4080.0
1913,2021-11,2021,11,East of England,Detached,648157.0,709,584433.0,6950.0
1914,2021-11,2021,11,East of England,Semi-Detached,406432.0,749,378129.0,4684.0
1915,2021-11,2021,11,East of England,Terraced,357497.0,871,315191.0,4596.0
1916,2021-11,2021,11,East of England,Flat,299953.0,927,279108.0,3841.0
1917,2021-12,2021,12,East of England,Detached,673874.0,941,621829.0,6498.0
1918,2021-12,2021,12,East of England,Semi-Detached,409565.0,916,375097.0,4347.0
1919,2021-12,2021,12,East of England,Terraced,368098.0,1079,348371.0,3454.0
1920,2021-12,2021,12,East of England,Flat,314783.0,860,297798.0,4013.0
1921,2022-01,2022,1,East of England,Detached,660785.0,803,616091.0,8274.0
1922,2022-01,2022,1,East of England,Semi-Detached,431745.0,1261,384914.0,4946.0
1923,2022-01,2022,1,East of England,Terraced,355519.0,635,330485.0,4046.0
1924,2022-01,2022,1,East of England,Flat,311891.0,616,292039.0,3546.0
1925,2022-02,2022,2,East of England,Detached,704426.0,972,630233.0,6648.0
1926,2022-02,2022,2,East of England,Semi-Detached,424055.0,1545,378581.0,3927.0
1927,2022-02,2022,2,East of England,Terraced,362826.0,932,327864.0,3511.0
1928,2022-02,2022,2,East of England,Flat,328873.0,952,299565.0,3286.0
1929,2022-03,2022,3,East of England,Detached,689355.0,841,621620.0,7564.0
1930,2022-03,2022,3,East of England,Semi-Detached,434517.0,1162,408029.0,4274.0
1931,2022-03,2022,3,East of England,Terraced,379935.0,914,351662.0,3619.0
1932,2022-03,2022,3,East of England,Flat,327543.0,737,308332.0,3992.0
1933,2022-04,2022,4,East of England,Detached,707266.0,862,664692.0,7141.0
1934,2022-04,2022,4,East of England,Semi-Detached,452694.0,1060,411656.0,5535.0
1935,2022-04,2022,4,East of England,Terraced,377775.0,432,346492.0,3661.0
1936,2022-04,2022,4,East of England,Flat,335016.0,1073,313124.0,4100.0
1937,2022-05,2022,5,East of England,Detached,724568.0,645,682067.0,8481.0
1938,2022-05,2022,5,East of England,Semi-Detached,465455.0,552,427027.0,4404.0
1939,2022-05,2022,5,East of England,Terraced,392825.0,754,358394.0,4169.0
1940,2022-05,2022,5,East of England,Flat,342625.0,956,310577.0,4551.0
1941,2022-06,2022,6,East of England,Detached,726502.0,750,664156.0,9586.0
1942,2022-06,2022,6,East of England,Semi-Detached,446472.0,1307,410394.0,5220.0
1943,2022-06,2022,6,East of England,Terraced,384179.0,565,344323.0,4099.0
1944,2022-06,2022,6,East of England,Flat,340852.0,515,303705.0,3461.0
1945,2022-07,2022,7,East of England,Detached,734301.0,645,676932.0,8715.0
1946,2022-07,2022,7,East of England,Semi-Detached,456526.0,1498,431283.0,4845.0
1947,2022-07,2022,7,East of England,Terraced,404652.0,443,382977.0,3959.0
1948,2022-07,2022,7,East of England,Flat,350417.0,955,318974.0,3369.0
1949,2022-08,2022,8,East of England,Detached,724737.0,895,673338.0,8509.0
1950,2022-08,2022,8,East of England,Semi-Detached,448870.0,766,417803.0,5405.0
1951,2022-08,2022,8,East of England,Terraced,384093.0,530,350797.0,5017.0
1952,2022-08,2022,8,East of England,Flat,336011.0,569,306240.0,3467.0
1953,2022-09,2022,9,East of England,Detached,724170.0,715,656543.0,6865.0
1954,2022-09,2022,9,East of England,Semi-Detached,459355.0,718,426217.0,6069.0
1955,2022-09,2022,9,East of England,Terraced,394242.0,780,369374.0,3637.0
1956,2022-09,2022,9,East of England,Flat,350194.0,350,319571.0,3532.0
1957,2022-10,2022,10,East of England,Detached,615580.0,859,581276.0,5946.0
1958,2022-10,2022,10,East of England,Semi-Detached,382808.0,958,339878.0,4493.0
1959,2022-10,2022,10,East of England,Terraced,334185.0,892,315119.0,3451.0
1960,2022-10,2022,10,East of England,Flat,288384.0,645,263899.0,3769.0
1961,2022-11,2022,11,East of England,Detached,602195.0,696,550811.0,6693.0
1962,2022-11,2022,11,East of England,Semi-Detached,391303.0,1488,359599.0,3639.0
1963,2022-11,2022,11,East of England,Terraced,322924.0,666,286174.0,3353.0
1964,2022-11,2022,11,East of England,Flat,274849.0,639,252343.0,2935.0
1965,2022-12,2022,12,East of England,Detached,609801.0,707,563251.0,7472.0
1966,2022-12,2022,12,East of England,Semi-Detached,390047.0,975,357697.0,4390.0
1967,2022-12,2022,12,East of England,Terraced,327677.0,482,309897.0,3326.0
1968,2022-12,2022,12,East of England,Flat,284603.0,641,268198.0,3634.0
1969,2023-01,2023,1,East of England,Detached,612622.0,502,566306.0,6000.0
1970,2023-01,2023,1,East of England,Semi-Detached,373377.0,1062,333452.0,4286.0
1971,2023-01,2023,1,East of England,Terraced,325274.0,713,293849.0,4130.0
1972,2023-01,2023,1,East of England,Flat,279727.0,921,248425.0,2587.0
1973,2023-02,2023,2,East of England,Detached,620586.0,1069,574147.0,5971.0
1974,2023-02,2023,2,East of England,Semi-Detached,383364.0,784,356067.0,4013.0
1975,2023-02,2023,2,East of England,Terraced,327473.0,1183,296868.0,3768.0
1976,2023-02,2023,2,East of England,Flat,291160.0,852,266333.0,2803.0
1977,2023-03,2023,3,East of England,Detached,610933.0,493,568323.0,6049.0
1978,2023-03,2023,3,East of England,Semi-Detached,376575.0,1134,335196.0,4726.0
1979,2023-03,2023,3,East of England,Terraced,317195.0,728,287028.0,3089.0
1980,2023-03,2023,3,East of England,Flat,282016.0,582,262763.0,3173.0
1981,2023-04,2023,4,East of England,Detached,614655.0,520,562313.0,7064.0
1982,2023-04,2023,4,East of England,Semi-Detached,385167.0,668,339464.0,3775.0
1983,2023-04,2023,4,East of England,Terraced,336065.0,933,314882.0,3642.0
1984,2023-04,2023,4,East of England,Flat,294226.0,635,273330.0,3519.0
1985,2023-05,2023,5,East of England,Detached,627699.0,630,571803.0,8099.0
1986,2023-05,2023,5,East of England,Semi-Detached,394884.0,1416,358180.0,4562.0
1987,2023-05,2023,5,East of England,Terraced,329321.0,998,290900.0,3722.0
1988,2023-05,2023,5,East of England,Flat,294608.0,897,261436.0,2998.0
1989,2023-06,2023,6,East of England,Detached,611284.0,672,577996.0,8081.0
1990,2023-06,2023,6,East of England,Semi-Detached,385086.0,1027,351911.0,4161.0
1991,2023-06,2023,6,East of England,Terraced,325189.0,721,294734.0,3300.0
1992,2023-06,2023,6,East of England,Flat,291159.0,1099,268242.0,3550.0
1993,2023-07,2023,7,East of England,Detached,613164.0,639,561880.0,6475.0
1994,2023-07,2023,7,East of England,Semi-Detached,381911.0,1326,351059.0,4551.0
1995,2023-07,2023,7,East of England,Terraced,330650.0,1014,292072.0,3999.0
1996,2023-07,2023,7,East of England,Flat,285905.0,993,260709.0,2875.0
1997,2023-08,2023,8,East of England,Detached,611468.0,727,555134.0,6416.0
1998,2023-08,2023,8,East of England,Semi-Detached,376509.0,1063,344725.0,4965.0
1999,2023-08,2023,8,East of England,Terraced,334963.0,689,307756.0,3690.0
2000,2023-08,2023,8,East of England,Flat,287064.0,588,260315.0,2754.0
2001,2023-09,2023,9,East of England,Detached,616438.0,1016,560887.0,6536.0
2002,2023-09,2023,9,East of England,Semi-Detached,380591.0,1237,349093.0,3684.0
2003,2023-09,2023,9,East of England,Terraced,321034.0,665,298592.0,3117.0
2004,2023-09,2023,9,East of England,Flat,289730.0,594,255016.0,3192.0
2005,2023-10,2023,10,East of England,Detached,611128.0,397,545836.0,5815.0
2006,2023-10,2023,10,East of England,Semi-Detached,372956.0,846,340752.0,4034.0
2007,2023-10,2023,10,East of England,Terraced,317674.0,624,283327.0,3172.0
2008,2023-10,2023,10,East of England,Flat,282366.0,1108,262597.0,2802.0
2009,2023-11,2023,11,East of England,Detached,604825.0,753,538104.0,5977.0
2010,2023-11,2023,11,East of England,Semi-Detached,373858.0,1428,348525.0,3888.0
2011,2023-11,2023,11,East of England,Terraced,317951.0,1006,280005.0,4175.0
2012,2023-11,2023,11,East of England,Flat,275278.0,888,247358.0,2778.0
2013,2023-12,2023,12,East of England,Detached,598977.0,998,528610.0,5564.0
2014,2023-12,2023,12,East of England,Semi-Detached,373766.0,962,341783.0,3668.0
2015,2023-12,2023,12,East of England,Terraced,317870.0,624,285126.0,2897.0
2016,2023-12,2023,12,East of England,Flat,284980.0,533,269240.0,3556.0
2017,2024-01,2024,1,East of England,Detached,602386.0,1059,571677.0,7408.0
2018,2024-01,2024,1,East of England,Semi-Detached,378370.0,854,337617.0,4216.0
2019,2024-01,2024,1,East of England,Terraced,324054.0,765,297361.0,2950.0
2020,2024-01,2024,1,East of England,Flat,287025.0,1127,259920.0,3234.0
2021,2024-02,2024,2,East of England,Detached,599650.0,833,550458.0,5885.0
2022,2024-02,2024,2,East of England,Semi-Detached,370438.0,1040,332542.0,3979.0
2023,2024-02,2024,2,East of England,Terraced,329672.0,903,311475.0,3378.0
2024,2024-02,2024,2,East of England,Flat,282498.0,771,264119.0,3445.0
2025,2024-03,2024,3,East of England,Detached,605441.0,1083,564099.0,6249.0
2026,2024-03,2024,3,East of England,Semi-Detached,384739.0,1045,341617.0,3700.0
2027,2024-03,2024,3,East of England,Terraced,327144.0,962,309804.0,3292.0
2028,2024-03,2024,3,East of England,Flat,284167.0,608,257315.0,3253.0
2029,2024-04,2024,4,East of England,Detached,642770.0,942,596167.0,7844.0
2030,2024-04,2024,4,East of England,Semi-Detached,402639.0,1032,367730.0,4293.0
2031,2024-04,2024,4,East of England,Terraced,338355.0,1033,307448.0,3182.0
2032,2024-04,2024,4,East of England,Flat,294186.0,888,273911.0,2846.0
2033,2024-05,2024,5,East of England,Detached,619671.0,754,582093.0,7052.0
2034,2024-05,2024,5,East of England,Semi-Detached,387760.0,1068,358762.0,3556.0
2035,2024-05,2024,5,East of England,Terraced,347382.0,821,326682.0,3782.0
2036,2024-05,2024,5,East of England,Flat,292157.0,822,263889.0,3633.0
2037,2024-06,2024,6,East of England,Detached,623632.0,1038,589537.0,6042.0
2038,2024-06,2024,6,East of England,Semi-Detached,381510.0,956,360052.0,4704.0
2039,2024-06,2024,6,East of England,Terraced,331654.0,433,297970.0,4028.0
2040,2024-06,2024,6,East of England,Flat,288517.0,838,255070.0,3278.0
2041,2024-07,2024,7,East of England,Detached,703439.0,1127,637022.0,6528.0
2042,2024-07,2024,7,East of England,Semi-Detached,416212.0,1080,392234.0,4036.0
2043,2024-07,2024,7,East of England,Terraced,362110.0,684,336833.0,4645.0
2044,2024-07,2024,7,East of England,Flat,317108.0,919,295250.0,4039.0
2045,2024-08,2024,8,East of England,Detached,697130.0,1033,654023.0,9118.0
2046,2024-08,2024,8,East of England,Semi-Detached,429126.0,982,382101.0,4539.0
2047,2024-08,2024,8,East of England,Terraced,364019.0,948,341867.0,4853.0
2048,2024-08,2024,8,East of England,Flat,325231.0,745,288410.0,3380.0
2049,2024-09,2024,9,East of England,Detached,683073.0,744,602517.0,7574.0
2050,2024-09,2024,9,East of England,Semi-Detached,425101.0,1211,392090.0,4405.0
2051,2024-09,2024,9,East of England,Terraced,361153.0,621,329065.0,3284.0
2052,2024-09,2024,9,East of England,Flat,320900.0,669,293012.0,3251.0
2053,2024-10,2024,10,East of England,Detached,678944.0,908,642078.0,8830.0
2054,2024-10,2024,10,East of England,Semi-Detached,415725.0,817,375467.0,4923.0
2055,2024-10,2024,10,East of England,Terraced,343414.0,908,314522.0,3485.0
2056,2024-10,2024,10,East of England,Flat,309820.0,671,276246.0,3552.0
2057,2024-11,2024,11,East of England,Detached,689489.0,568,635134.0,7260.0
2058,2024-11,2024,11,East of England,Semi-Detached,430387.0,1784,393557.0,4540.0
2059,2024-11,2024,11,East of England,Terraced,356996.0,681,332890.0,4476.0
2060,2024-11,2024,11,East of England,Flat,320884.0,535,293279.0,3084.0
2061,2024-12,2024,12,East of England,Detached,677406.0,895,612899.0,7048.0
2062,2024-12,2024,12,East of England,Semi-Detached,426186.0,970,401010.0,4508.0
2063,2024-12,2024,12,East of England,Terraced,352677.0,597,311181.0,3406.0
2064,2024-12,2024,12,East of England,Flat,307662.0,690,280889.0,2968.0
2065,2025-01,2025,1,East of England,Detached,668528.0,502,596548.0,6945.0
2066,2025-01,2025,1,East of England,Semi-Detached,413793.0,1329,365068.0,4242.0
2067,2025-01,2025,1,East of England,Terraced,357380.0,954,336661.0,3555.0
2068,2025-01,2025,1,East of England,Flat,319381.0,757,292305.0,4231.0
2069,2025-02,2025,2,East of England,Detached,688314.0,708,614247.0,9057.0
2070,2025-02,2025,2,East of England,Semi-Detached,427511.0,1161,403508.0,4024.0
2071,2025-02,2025,2,East of England,Terraced,374398.0,1034,329610.0,3420.0
2072,2025-02,2025,2,East of England,Flat,317875.0,1057,299615.0,3731.0
2073,2025-03,2025,3,East of England,Detached,691762.0,862,645750.0,7155.0
2074,2025-03,2025,3,East of England,Semi-Detached,421825.0,994,397892.0,4721.0
2075,2025-03,2025,3,East of England,Terraced,374199.0,356,341021.0,3664.0
2076,2025-03,2025,3,East of England,Flat,335314.0,405,301136.0,4393.0
2077,2025-04,2025,4,East of England,Detached,690264.0,888,614590.0,7052.0
2078,2025-04,2025,4,East of England,Semi-Detached,448381.0,1249,410381.0,4218.0
2079,2025-04,2025,4,East of England,Terraced,366863.0,995,348081.0,4337.0
2080,2025-04,2025,4,East of England,Flat,329383.0,522,291168.0,3015.0
2081,2025-05,2025,5,East of England,Detached,741416.0,791,654110.0,7689.0
2082,2025-05,2025,5,East of England,Semi-Detached,463788.0,876,432719.0,5592.0
2083,2025-05,2025,5,East of England,Terraced,391229.0,688,354469.0,3739.0
2084,2025-05,2025,5,East of England,Flat,334602.0,719,308248.0,3338.0
2085,2025-06,2025,6,East of England,Detached,714568.0,697,677444.0,7396.0
2086,2025-06,2025,6,East of England,Semi-Detached,444351.0,1227,399154.0,4782.0
2087,2025-06,2025,6,East of England,Terraced,378038.0,699,339630.0,4958.0
2088,2025-06,2025,6,East of England,Flat,337906.0,1177,299587.0,4171.0
2089,2025-07,2025,7,East of England,Detached,708394.0,844,624404.0,8461.0
2090,2025-07,2025,7,East of England,Semi-Detached,446033.0,1124,394787.0,4300.0
2091,2025-07,2025,7,East of England,Terraced,384460.0,1041,354492.0,3889.0
2092,2025-07,2025,7,East of England,Flat,336178.0,658,296765.0,4452.0
2093,2025-08,2025,8,East of England,Detached,732254.0,632,673455.0,7759.0
2094,2025-08,2025,8,East of England,Semi-Detached,455199.0,909,430037.0,5119.0
2095,2025-08,2025,8,East of England,Terraced,394531.0,914,368837.0,4234.0
2096,2025-08,2025,8,East of England,Flat,339966.0,1006,320319.0,4076.0
2097,2025-09,2025,9,East of England,Detached,711009.0,724,637091.0,8555.0
2098,2025-09,2025,9,East of England,Semi-Detached,453725.0,1591,414343.0,5115.0
2099,2025-09,2025,9,East of England,Terraced,383585.0,437,350931.0,4214.0
2100,2025-09,2025,9,East of England,Flat,328808.0,571,301162.0,3939.0
2101,2025-10,2025,10,East of England,Detached,705690.0,1100,651963.0,7024.0
2102,2025-10,2025,10,East of England,Semi-Detached,441644.0,1556,400639.0,5010.0
2103,2025-10,2025,10,East of England,Terraced,376772.0,1250,353954.0,3567.0
2104,2025-10,2025,10,East of England,Flat,331854.0,763,306675.0,3879.0
2105,2025-11,2025,11,East of England,Detached,722941.0,674,662568.0,8923.0
2106,2025-11,2025,11,East of England,Semi-Detached,441819.0,759,393738.0,5376.0
2107,2025-11,2025,11,East of England,Terraced,372866.0,692,328865.0,3843.0
2108,2025-11,2025,11,East of England,Flat,337258.0,836,318184.0,3292.0
2109,2025-12,2025,12,East of England,Detached,687875.0,999,631422.0,8797.0
2110,2025-12,2025,12,East of England,Semi-Detached,447521.0,1280,424049.0,5320.0
2111,2025-12,2025,12,East of England,Terraced,374055.0,727,347675.0,3643.0
2112,2025-12,2025,12,East of England,Flat,326819.0,641,299327.0,3775.0
2113,2015-01,2015,1,East Midlands,Detached,264858.0,871,247408.0,3057.0
2114,2015-01,2015,1,East Midlands,Semi-Detached,166020.0,902,152444.0,2013.0
2115,2015-01,2015,1,East Midlands,Terraced,139962.0,403,125779.0,1286.0
2116,2015-01,2015,1,East Midlands,Flat,121583.0,888,115369.0,1606.0
2117,2015-02,2015,2,East Midlands,Detached,258100.0,969,227859.0,2897.0
2118,2015-02,2015,2,East Midlands,Semi-Detached,163998.0,1725,154344.0,2104.0
2119,2015-02,2015,2,East Midlands,Terraced,141721.0,1032,131352.0,1312.0
2120,2015-02,2015,2,East Midlands,Flat,118503.0,664,106856.0,1305.0
2121,2015-03,2015,3,East Midlands,Detached,256358.0,792,236788.0,2464.0
2122,2015-03,2015,3,East Midlands,Semi-Detached,167158.0,789,151891.0,1897.0
2123,2015-03,2015,3,East Midlands,Terraced,136293.0,622,125844.0,1703.0
2124,2015-03,2015,3,East Midlands,Flat,123551.0,753,111463.0,1252.0
2125,2015-04,2015,4,East Midlands,Detached,271277.0,797,255323.0,3098.0
2126,2015-04,2015,4,East Midlands,Semi-Detached,170712.0,793,161077.0,2051.0
2127,2015-04,2015,4,East Midlands,Terraced,142630.0,917,135263.0,1681.0
2128,2015-04,2015,4,East Midlands,Flat,126901.0,1166,115917.0,1532.0
2129,2015-05,2015,5,East Midlands,Detached,272965.0,476,258469.0,3592.0
2130,2015-05,2015,5,East Midlands,Semi-Detached,169949.0,876,154481.0,2044.0
2131,2015-05,2015,5,East Midlands,Terraced,142128.0,1016,132157.0,1491.0
2132,2015-05,2015,5,East Midlands,Flat,126755.0,852,113021.0,1236.0
2133,2015-06,2015,6,East Midlands,Detached,270868.0,496,245009.0,2578.0
2134,2015-06,2015,6,East Midlands,Semi-Detached,171049.0,770,152224.0,1716.0
2135,2015-06,2015,6,East Midlands,Terraced,144688.0,975,132269.0,1346.0
2136,2015-06,2015,6,East Midlands,Flat,124544.0,1398,114641.0,1256.0
2137,2015-07,2015,7,East Midlands,Detached,272772.0,691,241955.0,2807.0
2138,2015-07,2015,7,East Midlands,Semi-Detached,174011.0,917,160457.0,1808.0
2139,2015-07,2015,7,East Midlands,Terraced,147598.0,951,135086.0,1617.0
2140,2015-07,2015,7,East Midlands,Flat,127595.0,799,113877.0,1373.0
2141,2015-08,2015,8,East Midlands,Detached,276984.0,926,259035.0,2776.0
2142,2015-08,2015,8,East Midlands,Semi-Detached,173235.0,933,163281.0,2118.0
2143,2015-08,2015,8,East Midlands,Terraced,146163.0,999,135237.0,1553.0
2144,2015-08,2015,8,East Midlands,Flat,133021.0,815,121739.0,1443.0
2145,2015-09,2015,9,East Midlands,Detached,269282.0,720,255308.0,3351.0
2146,2015-09,2015,9,East Midlands,Semi-Detached,169208.0,1199,156130.0,2105.0
2147,2015-09,2015,9,East Midlands,Terraced,141410.0,924,126790.0,1662.0
2148,2015-09,2015,9,East Midlands,Flat,128991.0,698,117289.0,1364.0
2149,2015-10,2015,10,East Midlands,Detached,272309.0,533,251089.0,3150.0
2150,2015-10,2015,10,East Midlands,Semi-Detached,172154.0,1156,155395.0,1650.0
2151,2015-10,2015,10,East Midlands,Terraced,144203.0,1237,136063.0,1644.0
2152,2015-10,2015,10,East Midlands,Flat,128081.0,430,116799.0,1471.0
2153,2015-11,2015,11,East Midlands,Detached,277719.0,982,252058.0,2814.0
2154,2015-11,2015,11,East Midlands,Semi-Detached,169006.0,1095,157349.0,1560.0
2155,2015-11,2015,11,East Midlands,Terraced,145792.0,765,130866.0,1657.0
2156,2015-11,2015,11,East Midlands,Flat,131243.0,803,120134.0,1405.0
2157,2015-12,2015,12,East Midlands,Detached,270684.0,588,246235.0,3089.0
2158,2015-12,2015,12,East Midlands,Semi-Detached,170516.0,1411,156883.0,1626.0
2159,2015-12,2015,12,East Midlands,Terraced,143988.0,853,133905.0,1596.0
2160,2015-12,2015,12,East Midlands,Flat,127305.0,782,116370.0,1456.0
2161,2016-01,2016,1,East Midlands,Detached,272083.0,649,240375.0,2599.0
2162,2016-01,2016,1,East Midlands,Semi-Detached,174875.0,656,156907.0,2322.0
2163,2016-01,2016,1,East Midlands,Terraced,149228.0,693,137715.0,1846.0
2164,2016-01,2016,1,East Midlands,Flat,128859.0,1291,116085.0,1690.0
2165,2016-02,2016,2,East Midlands,Detached,275567.0,1027,257859.0,3058.0
2166,2016-02,2016,2,East Midlands,Semi-Detached,176603.0,274,164225.0,2088.0
2167,2016-02,2016,2,East Midlands,Terraced,148655.0,595,134219.0,1643.0
2168,2016-02,2016,2,East Midlands,Flat,130695.0,1242,120686.0,1390.0
2169,2016-03,2016,3,East Midlands,Detached,287110.0,1194,270213.0,3186.0
2170,2016-03,2016,3,East Midlands,Semi-Detached,177720.0,1417,163641.0,2294.0
2171,2016-03,2016,3,East Midlands,Terraced,149131.0,966,141185.0,1939.0
2172,2016-03,2016,3,East Midlands,Flat,134127.0,515,121136.0,1716.0
2173,2016-04,2016,4,East Midlands,Detached,284294.0,1339,252259.0,2948.0
2174,2016-04,2016,4,East Midlands,Semi-Detached,182456.0,1239,172125.0,2042.0
2175,2016-04,2016,4,East Midlands,Terraced,151209.0,701,137672.0,1698.0
2176,2016-04,2016,4,East Midlands,Flat,138755.0,1128,129389.0,1494.0
2177,2016-05,2016,5,East Midlands,Detached,285849.0,811,268561.0,3169.0
2178,2016-05,2016,5,East Midlands,Semi-Detached,178974.0,1079,165390.0,1711.0
2179,2016-05,2016,5,East Midlands,Terraced,154043.0,605,145327.0,1446.0
2180,2016-05,2016,5,East Midlands,Flat,131754.0,829,119723.0,1201.0
2181,2016-06,2016,6,East Midlands,Detached,295419.0,533,270924.0,3425.0
2182,2016-06,2016,6,East Midlands,Semi-Detached,176745.0,1122,165146.0,1824.0
2183,2016-06,2016,6,East Midlands,Terraced,147671.0,688,138837.0,1484.0
2184,2016-06,2016,6,East Midlands,Flat,137698.0,991,122052.0,1503.0
2185,2016-07,2016,7,East Midlands,Detached,281791.0,931,255940.0,3425.0
2186,2016-07,2016,7,East Midlands,Semi-Detached,178384.0,1268,166322.0,1692.0
2187,2016-07,2016,7,East Midlands,Terraced,151841.0,1125,135109.0,1742.0
2188,2016-07,2016,7,East Midlands,Flat,133746.0,849,126395.0,1267.0
2189,2016-08,2016,8,East Midlands,Detached,279522.0,758,252977.0,3282.0
2190,2016-08,2016,8,East Midlands,Semi-Detached,177313.0,1099,167979.0,1812.0
2191,2016-08,2016,8,East Midlands,Terraced,149114.0,1048,133395.0,1597.0
2192,2016-08,2016,8,East Midlands,Flat,134602.0,874,120521.0,1531.0
2193,2016-09,2016,9,East Midlands,Detached,284598.0,1114,265404.0,3376.0
2194,2016-09,2016,9,East Midlands,Semi-Detached,177263.0,1280,161887.0,1640.0
2195,2016-09,2016,9,East Midlands,Terraced,151842.0,846,137685.0,1410.0
2196,2016-09,2016,9,East Midlands,Flat,135976.0,1070,123905.0,1435.0
2197,2016-10,2016,10,East Midlands,Detached,276127.0,791,260041.0,3049.0
2198,2016-10,2016,10,East Midlands,Semi-Detached,171454.0,1107,150920.0,2051.0
2199,2016-10,2016,10,East Midlands,Terraced,146801.0,859,138525.0,1779.0
2200,2016-10,2016,10,East Midlands,Flat,129586.0,697,114162.0,1270.0
2201,2016-11,2016,11,East Midlands,Detached,287719.0,680,262778.0,2654.0
2202,2016-11,2016,11,East Midlands,Semi-Detached,175004.0,1255,159386.0,2049.0
2203,2016-11,2016,11,East Midlands,Terraced,148669.0,646,139141.0,1780.0
2204,2016-11,2016,11,East Midlands,Flat,132828.0,742,125770.0,1625.0
2205,2016-12,2016,12,East Midlands,Detached,284791.0,838,269911.0,3105.0
2206,2016-12,2016,12,East Midlands,Semi-Detached,175455.0,1403,156665.0,1939.0
2207,2016-12,2016,12,East Midlands,Terraced,151364.0,629,139838.0,1613.0
2208,2016-12,2016,12,East Midlands,Flat,131610.0,866,120930.0,1547.0
2209,2017-01,2017,1,East Midlands,Detached,285522.0,579,261433.0,2692.0
2210,2017-01,2017,1,East Midlands,Semi-Detached,182118.0,815,165012.0,2002.0
2211,2017-01,2017,1,East Midlands,Terraced,156769.0,891,141953.0,1495.0
2212,2017-01,2017,1,East Midlands,Flat,132866.0,920,120309.0,1613.0
2213,2017-02,2017,2,East Midlands,Detached,295477.0,1107,264668.0,3611.0
2214,2017-02,2017,2,East Midlands,Semi-Detached,186209.0,889,166849.0,1993.0
2215,2017-02,2017,2,East Midlands,Terraced,162370.0,530,152856.0,1541.0
2216,2017-02,2017,2,East Midlands,Flat,137993.0,793,125553.0,1434.0
2217,2017-03,2017,3,East Midlands,Detached,304003.0,883,271410.0,3002.0
2218,2017-03,2017,3,East Midlands,Semi-Detached,185094.0,1369,163502.0,2073.0
2219,2017-03,2017,3,East Midlands,Terraced,157362.0,602,147239.0,1621.0
2220,2017-03,2017,3,East Midlands,Flat,142468.0,444,130183.0,1485.0
2221,2017-04,2017,4,East Midlands,Detached,310859.0,747,282993.0,3787.0
2222,2017-04,2017,4,East Midlands,Semi-Detached,191887.0,822,179528.0,2338.0
2223,2017-04,2017,4,East Midlands,Terraced,160587.0,916,151624.0,1610.0
2224,2017-04,2017,4,East Midlands,Flat,140769.0,846,126044.0,1869.0
2225,2017-05,2017,5,East Midlands,Detached,306867.0,673,287643.0,3856.0
2226,2017-05,2017,5,East Midlands,Semi-Detached,191341.0,911,173852.0,2194.0
2227,2017-05,2017,5,East Midlands,Terraced,157495.0,735,142467.0,1510.0
2228,2017-05,2017,5,East Midlands,Flat,141565.0,623,132271.0,1477.0
2229,2017-06,2017,6,East Midlands,Detached,307629.0,941,273254.0,2953.0
2230,2017-06,2017,6,East Midlands,Semi-Detached,190491.0,1481,179496.0,1914.0
2231,2017-06,2017,6,East Midlands,Terraced,159610.0,527,145976.0,2075.0
2232,2017-06,2017,6,East Midlands,Flat,141642.0,1185,124899.0,1319.0
2233,2017-07,2017,7,East Midlands,Detached,311315.0,712,281876.0,3709.0
2234,2017-07,2017,7,East Midlands,Semi-Detached,190297.0,1177,175120.0,1793.0
2235,2017-07,2017,7,East Midlands,Terraced,162531.0,729,152750.0,1776.0
2236,2017-07,2017,7,East Midlands,Flat,148014.0,719,131587.0,1411.0
2237,2017-08,2017,8,East Midlands,Detached,311224.0,841,294309.0,4048.0
2238,2017-08,2017,8,East Midlands,Semi-Detached,185069.0,1044,170969.0,1801.0
2239,2017-08,2017,8,East Midlands,Terraced,164159.0,455,152604.0,2060.0
2240,2017-08,2017,8,East Midlands,Flat,144769.0,1042,137019.0,1666.0
2241,2017-09,2017,9,East Midlands,Detached,300043.0,348,265420.0,3100.0
2242,2017-09,2017,9,East Midlands,Semi-Detached,191575.0,619,180792.0,2237.0
2243,2017-09,2017,9,East Midlands,Terraced,163321.0,1172,144868.0,1517.0
2244,2017-09,2017,9,East Midlands,Flat,138173.0,660,125338.0,1439.0
2245,2017-10,2017,10,East Midlands,Detached,311941.0,827,275720.0,3672.0
2246,2017-10,2017,10,East Midlands,Semi-Detached,188222.0,1312,173702.0,2342.0
2247,2017-10,2017,10,East Midlands,Terraced,160115.0,647,146666.0,1675.0
2248,2017-10,2017,10,East Midlands,Flat,143404.0,1027,132306.0,1604.0
2249,2017-11,2017,11,East Midlands,Detached,294493.0,708,259272.0,3011.0
2250,2017-11,2017,11,East Midlands,Semi-Detached,187830.0,1096,176585.0,2418.0
2251,2017-11,2017,11,East Midlands,Terraced,157879.0,797,145666.0,1866.0
2252,2017-11,2017,11,East Midlands,Flat,137605.0,938,124221.0,1813.0
2253,2017-12,2017,12,East Midlands,Detached,303720.0,938,285015.0,3386.0
2254,2017-12,2017,12,East Midlands,Semi-Detached,195046.0,1094,183432.0,2216.0
2255,2017-12,2017,12,East Midlands,Terraced,164871.0,663,150084.0,2017.0
2256,2017-12,2017,12,East Midlands,Flat,147351.0,1029,132877.0,1709.0
2257,2018-01,2018,1,East Midlands,Detached,303444.0,901,271776.0,3899.0
2258,2018-01,2018,1,East Midlands,Semi-Detached,191156.0,1460,175672.0,1823.0
2259,2018-01,2018,1,East Midlands,Terraced,162103.0,850,148158.0,1855.0
2260,2018-01,2018,1,East Midlands,Flat,140428.0,849,130040.0,1716.0
2261,2018-02,2018,2,East Midlands,Detached,309205.0,772,277438.0,3143.0
2262,2018-02,2018,2,East Midlands,Semi-Detached,190612.0,1468,180248.0,1891.0
2263,2018-02,2018,2,East Midlands,Terraced,168524.0,520,156472.0,1760.0
2264,2018-02,2018,2,East Midlands,Flat,143026.0,971,128865.0,1734.0
2265,2018-03,2018,3,East Midlands,Detached,317378.0,1024,298159.0,3457.0
2266,2018-03,2018,3,East Midlands,Semi-Detached,200628.0,951,189568.0,2017.0
2267,2018-03,2018,3,East Midlands,Terraced,168866.0,884,154903.0,2115.0
2268,2018-03,2018,3,East Midlands,Flat,143471.0,462,126781.0,1326.0
2269,2018-04,2018,4,East Midlands,Detached,322537.0,865,299097.0,3686.0
2270,2018-04,2018,4,East Midlands,Semi-Detached,205065.0,1078,194241.0,2445.0
2271,2018-04,2018,4,East Midlands,Terraced,170432.0,840,154727.0,1573.0
2272,2018-04,2018,4,East Midlands,Flat,149161.0,981,136068.0,1573.0
2273,2018-05,2018,5,East Midlands,Detached,313793.0,1118,293683.0,2903.0
2274,2018-05,2018,5,East Midlands,Semi-Detached,197896.0,664,186950.0,1938.0
2275,2018-05,2018,5,East Midlands,Terraced,171332.0,1148,161858.0,1714.0
2276,2018-05,2018,5,East Midlands,Flat,151232.0,1082,133511.0,1708.0
2277,2018-06,2018,6,East Midlands,Detached,314177.0,734,276984.0,3944.0
2278,2018-06,2018,6,East Midlands,Semi-Detached,203183.0,1187,192856.0,2332.0
2279,2018-06,2018,6,East Midlands,Terraced,171525.0,829,152947.0,1713.0
2280,2018-06,2018,6,East Midlands,Flat,149201.0,838,140291.0,1442.0
2281,2018-07,2018,7,East Midlands,Detached,320410.0,1431,287964.0,2997.0
2282,2018-07,2018,7,East Midlands,Semi-Detached,204136.0,922,183930.0,2181.0
2283,2018-07,2018,7,East Midlands,Terraced,170851.0,486,151920.0,1648.0
2284,2018-07,2018,7,East Midlands,Flat,149604.0,1095,139176.0,1686.0
2285,2018-08,2018,8,East Midlands,Detached,319517.0,976,291248.0,3273.0
2286,2018-08,2018,8,East Midlands,Semi-Detached,199009.0,969,181683.0,2314.0
2287,2018-08,2018,8,East Midlands,Terraced,171649.0,908,159838.0,1566.0
2288,2018-08,2018,8,East Midlands,Flat,150868.0,724,140860.0,1721.0
2289,2018-09,2018,9,East Midlands,Detached,321558.0,832,289551.0,3283.0
2290,2018-09,2018,9,East Midlands,Semi-Detached,204479.0,731,180376.0,2268.0
2291,2018-09,2018,9,East Midlands,Terraced,171555.0,1003,162115.0,1835.0
2292,2018-09,2018,9,East Midlands,Flat,150491.0,724,140291.0,1831.0
2293,2018-10,2018,10,East Midlands,Detached,330762.0,524,291491.0,3298.0
2294,2018-10,2018,10,East Midlands,Semi-Detached,201331.0,1336,183484.0,1921.0
2295,2018-10,2018,10,East Midlands,Terraced,170122.0,991,153565.0,1723.0
2296,2018-10,2018,10,East Midlands,Flat,149039.0,845,134388.0,1399.0
2297,2018-11,2018,11,East Midlands,Detached,318031.0,377,299066.0,3032.0
2298,2018-11,2018,11,East Midlands,Semi-Detached,199632.0,1056,180816.0,2229.0
2299,2018-11,2018,11,East Midlands,Terraced,170066.0,697,160885.0,2092.0
2300,2018-11,2018,11,East Midlands,Flat,152711.0,1051,137081.0,1768.0
2301,2018-12,2018,12,East Midlands,Detached,325785.0,927,294196.0,3477.0
2302,2018-12,2018,12,East Midlands,Semi-Detached,199482.0,1032,187320.0,1992.0
2303,2018-12,2018,12,East Midlands,Terraced,172165.0,866,162839.0,1824.0
2304,2018-12,2018,12,East Midlands,Flat,152294.0,813,140864.0,2002.0
2305,2019-01,2019,1,East Midlands,Detached,325196.0,876,301454.0,2966.0
2306,2019-01,2019,1,East Midlands,Semi-Detached,206512.0,1108,185828.0,2120.0
2307,2019-01,2019,1,East Midlands,Terraced,170395.0,583,152413.0,1761.0
2308,2019-01,2019,1,East Midlands,Flat,152591.0,723,143202.0,1765.0
2309,2019-02,2019,2,East Midlands,Detached,328106.0,796,293950.0,3702.0
2310,2019-02,2019,2,East Midlands,Semi-Detached,207238.0,1193,195450.0,1936.0
2311,2019-02,2019,2,East Midlands,Terraced,170650.0,943,150468.0,1930.0
2312,2019-02,2019,2,East Midlands,Flat,153180.0,651,141888.0,2001.0
2313,2019-03,2019,3,East Midlands,Detached,332128.0,1173,302256.0,3672.0
2314,2019-03,2019,3,East Midlands,Semi-Detached,203192.0,1000,189688.0,1898.0
2315,2019-03,2019,3,East Midlands,Terraced,172952.0,479,160704.0,1601.0
2316,2019-03,2019,3,East Midlands,Flat,149942.0,714,140303.0,1556.0
2317,2019-04,2019,4,East Midlands,Detached,331445.0,630,296005.0,3569.0
2318,2019-04,2019,4,East Midlands,Semi-Detached,209567.0,1061,191203.0,2472.0
2319,2019-04,2019,4,East Midlands,Terraced,176568.0,733,157493.0,1964.0
2320,2019-04,2019,4,East Midlands,Flat,156035.0,670,142492.0,1788.0
2321,2019-05,2019,5,East Midlands,Detached,337609.0,1147,318296.0,3168.0
2322,2019-05,2019,5,East Midlands,Semi-Detached,213603.0,1128,188343.0,2422.0
2323,2019-05,2019,5,East Midlands,Terraced,180055.0,739,161890.0,2104.0
2324,2019-05,2019,5,East Midlands,Flat,160446.0,575,149354.0,1509.0
2325,2019-06,2019,6,East Midlands,Detached,338843.0,924,320304.0,4022.0
2326,2019-06,2019,6,East Midlands,Semi-Detached,212038.0,1081,188653.0,2480.0
2327,2019-06,2019,6,East Midlands,Terraced,184926.0,492,173308.0,1819.0
2328,2019-06,2019,6,East Midlands,Flat,159263.0,635,150919.0,2115.0
2329,2019-07,2019,7,East Midlands,Detached,341193.0,769,310767.0,3421.0
2330,2019-07,2019,7,East Midlands,Semi-Detached,213728.0,594,196367.0,2125.0
2331,2019-07,2019,7,East Midlands,Terraced,182731.0,582,169301.0,2215.0
2332,2019-07,2019,7,East Midlands,Flat,158965.0,529,145992.0,2011.0
2333,2019-08,2019,8,East Midlands,Detached,337378.0,835,299447.0,3635.0
2334,2019-08,2019,8,East Midlands,Semi-Detached,214020.0,1027,202492.0,2092.0
2335,2019-08,2019,8,East Midlands,Terraced,177550.0,1248,160671.0,1642.0
2336,2019-08,2019,8,East Midlands,Flat,162395.0,1168,145544.0,2119.0
2337,2019-09,2019,9,East Midlands,Detached,340354.0,602,319451.0,4480.0
2338,2019-09,2019,9,East Midlands,Semi-Detached,211151.0,988,198917.0,2100.0
2339,2019-09,2019,9,East Midlands,Terraced,180374.0,847,162677.0,2220.0
2340,2019-09,2019,9,East Midlands,Flat,155831.0,743,141479.0,1925.0
2341,2019-10,2019,10,East Midlands,Detached,345248.0,740,312594.0,3188.0
2342,2019-10,2019,10,East Midlands,Semi-Detached,213558.0,980,193802.0,2842.0
2343,2019-10,2019,10,East Midlands,Terraced,182637.0,490,170939.0,2292.0
2344,2019-10,2019,10,East Midlands,Flat,160831.0,1098,150191.0,1787.0
2345,2019-11,2019,11,East Midlands,Detached,342669.0,963,311615.0,3134.0
2346,2019-11,2019,11,East Midlands,Semi-Detached,207106.0,1202,195779.0,2481.0
2347,2019-11,2019,11,East Midlands,Terraced,177888.0,738,167966.0,1960.0
2348,2019-11,2019,11,East Midlands,Flat,160721.0,754,143998.0,1961.0
2349,2019-12,2019,12,East Midlands,Detached,350124.0,711,322938.0,3533.0
2350,2019-12,2019,12,East Midlands,Semi-Detached,213439.0,568,188490.0,2060.0
2351,2019-12,2019,12,East Midlands,Terraced,181792.0,820,160117.0,2246.0
2352,2019-12,2019,12,East Midlands,Flat,163261.0,1117,152673.0,1946.0
2353,2020-01,2020,1,East Midlands,Detached,347893.0,899,309732.0,3830.0
2354,2020-01,2020,1,East Midlands,Semi-Detached,207752.0,987,195032.0,2172.0
2355,2020-01,2020,1,East Midlands,Terraced,184563.0,868,168953.0,2075.0
2356,2020-01,2020,1,East Midlands,Flat,157365.0,757,139283.0,2006.0
2357,2020-02,2020,2,East Midlands,Detached,332914.0,653,314533.0,3777.0
2358,2020-02,2020,2,East Midlands,Semi-Detached,214122.0,1458,198981.0,2546.0
2359,2020-02,2020,2,East Midlands,Terraced,181619.0,938,170394.0,2069.0
2360,2020-02,2020,2,East Midlands,Flat,160848.0,664,141633.0,1755.0
2361,2020-03,2020,3,East Midlands,Detached,332846.0,794,311952.0,3588.0
2362,2020-03,2020,3,East Midlands,Semi-Detached,213032.0,1241,200740.0,2078.0
2363,2020-03,2020,3,East Midlands,Terraced,179990.0,880,161212.0,1988.0
2364,2020-03,2020,3,East Midlands,Flat,154483.0,1055,145634.0,1726.0
2365,2020-04,2020,4,East Midlands,Detached,343759.0,574,303108.0,3863.0
2366,2020-04,2020,4,East Midlands,Semi-Detached,207910.0,860,196133.0,1972.0
2367,2020-04,2020,4,East Midlands,Terraced,180973.0,777,167200.0,2086.0
2368,2020-04,2020,4,East Midlands,Flat,159877.0,807,142185.0,1615.0
2369,2020-05,2020,5,East Midlands,Detached,344335.0,620,317715.0,3429.0
2370,2020-05,2020,5,East Midlands,Semi-Detached,218262.0,1279,201290.0,2463.0
2371,2020-05,2020,5,East Midlands,Terraced,182504.0,1210,162719.0,2048.0
2372,2020-05,2020,5,East Midlands,Flat,166057.0,586,154977.0,1807.0
2373,2020-06,2020,6,East Midlands,Detached,342547.0,860,311409.0,3341.0
2374,2020-06,2020,6,East Midlands,Semi-Detached,221098.0,1557,195392.0,2486.0
2375,2020-06,2020,6,East Midlands,Terraced,184273.0,730,170883.0,2120.0
2376,2020-06,2020,6,East Midlands,Flat,163847.0,831,154317.0,2032.0
2377,2020-07,2020,7,East Midlands,Detached,349267.0,821,328254.0,3953.0
2378,2020-07,2020,7,East Midlands,Semi-Detached,220726.0,1230,200043.0,2761.0
2379,2020-07,2020,7,East Midlands,Terraced,192942.0,951,179052.0,2551.0
2380,2020-07,2020,7,East Midlands,Flat,167916.0,1106,149066.0,1609.0
2381,2020-08,2020,8,East Midlands,Detached,372737.0,908,353354.0,4783.0
2382,2020-08,2020,8,East Midlands,Semi-Detached,230288.0,955,217263.0,2484.0
2383,2020-08,2020,8,East Midlands,Terraced,197337.0,945,185160.0,2490.0
2384,2020-08,2020,8,East Midlands,Flat,169796.0,1075,154776.0,1890.0
2385,2020-09,2020,9,East Midlands,Detached,365299.0,921,326073.0,3640.0
2386,2020-09,2020,9,East Midlands,Semi-Detached,228484.0,1188,210773.0,2411.0
2387,2020-09,2020,9,East Midlands,Terraced,196918.0,848,174974.0,1881.0
2388,2020-09,2020,9,East Midlands,Flat,171901.0,495,161739.0,1907.0
2389,2020-10,2020,10,East Midlands,Detached,360533.0,959,317368.0,3904.0
2390,2020-10,2020,10,East Midlands,Semi-Detached,228266.0,938,205286.0,2522.0
2391,2020-10,2020,10,East Midlands,Terraced,192586.0,704,180011.0,2398.0
2392,2020-10,2020,10,East Midlands,Flat,172248.0,846,159775.0,1666.0
2393,2020-11,2020,11,East Midlands,Detached,364466.0,862,337047.0,3710.0
2394,2020-11,2020,11,East Midlands,Semi-Detached,231358.0,899,216299.0,2343.0
2395,2020-11,2020,11,East Midlands,Terraced,194678.0,987,175898.0,2282.0
2396,2020-11,2020,11,East Midlands,Flat,171873.0,854,157444.0,2160.0
2397,2020-12,2020,12,East Midlands,Detached,375938.0,569,340958.0,3605.0
2398,2020-12,2020,12,East Midlands,Semi-Detached,237148.0,901,214525.0,2933.0
2399,2020-12,2020,12,East Midlands,Terraced,197561.0,722,186350.0,2370.0
2400,2020-12,2020,12,East Midlands,Flat,174120.0,786,164412.0,2180.0
2401,2021-01,2021,1,East Midlands,Detached,374593.0,782,338633.0,4179.0
2402,2021-01,2021,1,East Midlands,Semi-Detached,238375.0,1200,215104.0,2698.0
2403,2021-01,2021,1,East Midlands,Terraced,198869.0,1107,181710.0,2234.0
2404,2021-01,2021,1,East Midlands,Flat,178268.0,1132,160239.0,2271.0
2405,2021-02,2021,2,East Midlands,Detached,375998.0,459,331313.0,3632.0
2406,2021-02,2021,2,East Midlands,Semi-Detached,242791.0,560,214913.0,2993.0
2407,2021-02,2021,2,East Midlands,Terraced,203918.0,977,193013.0,1855.0
2408,2021-02,2021,2,East Midlands,Flat,175361.0,615,164854.0,1595.0
2409,2021-03,2021,3,East Midlands,Detached,397551.0,676,365826.0,3817.0
2410,2021-03,2021,3,East Midlands,Semi-Detached,250944.0,805,224923.0,2352.0
2411,2021-03,2021,3,East Midlands,Terraced,208225.0,987,191022.0,2520.0
2412,2021-03,2021,3,East Midlands,Flat,180632.0,701,165310.0,2138.0
2413,2021-04,2021,4,East Midlands,Detached,396780.0,930,350799.0,3947.0
2414,2021-04,2021,4,East Midlands,Semi-Detached,252565.0,698,227201.0,2659.0
2415,2021-04,2021,4,East Midlands,Terraced,208303.0,557,190076.0,1939.0
2416,2021-04,2021,4,East Midlands,Flat,186100.0,578,165157.0,2137.0
2417,2021-05,2021,5,East Midlands,Detached,400854.0,1065,376779.0,5067.0
2418,2021-05,2021,5,East Midlands,Semi-Detached,247923.0,830,221750.0,2783.0
2419,2021-05,2021,5,East Midlands,Terraced,221606.0,843,198934.0,2580.0
2420,2021-05,2021,5,East Midlands,Flat,189376.0,1353,174199.0,2119.0
2421,2021-06,2021,6,East Midlands,Detached,414602.0,646,368537.0,5272.0
2422,2021-06,2021,6,East Midlands,Semi-Detached,253179.0,1215,228234.0,2763.0
2423,2021-06,2021,6,East Midlands,Terraced,224108.0,713,206995.0,2297.0
2424,2021-06,2021,6,East Midlands,Flat,189688.0,1006,171205.0,2100.0
2425,2021-07,2021,7,East Midlands,Detached,416849.0,707,382390.0,3969.0
2426,2021-07,2021,7,East Midlands,Semi-Detached,257793.0,820,234063.0,2779.0
2427,2021-07,2021,7,East Midlands,Terraced,222456.0,885,209927.0,2397.0
2428,2021-07,2021,7,East Midlands,Flat,195381.0,665,179667.0,2334.0
2429,2021-08,2021,8,East Midlands,Detached,431606.0,601,387578.0,5618.0
2430,2021-08,2021,8,East Midlands,Semi-Detached,259089.0,855,245895.0,3023.0
2431,2021-08,2021,8,East Midlands,Terraced,223199.0,587,209820.0,2261.0
2432,2021-08,2021,8,East Midlands,Flat,198133.0,446,184271.0,1972.0
2433,2021-09,2021,9,East Midlands,Detached,425003.0,844,386791.0,4361.0
2434,2021-09,2021,9,East Midlands,Semi-Detached,268240.0,1320,240277.0,2926.0
2435,2021-09,2021,9,East Midlands,Terraced,224237.0,743,200109.0,2556.0
2436,2021-09,2021,9,East Midlands,Flat,195149.0,710,175017.0,2097.0
2437,2021-10,2021,10,East Midlands,Detached,411598.0,872,384006.0,4795.0
2438,2021-10,2021,10,East Midlands,Semi-Detached,263839.0,1197,240237.0,2570.0
2439,2021-10,2021,10,East Midlands,Terraced,221582.0,974,200261.0,2056.0
2440,2021-10,2021,10,East Midlands,Flat,201329.0,757,188044.0,1878.0
2441,2021-11,2021,11,East Midlands,Detached,422281.0,1079,374366.0,5211.0
2442,2021-11,2021,11,East Midlands,Semi-Detached,265378.0,1048,250005.0,2695.0
2443,2021-11,2021,11,East Midlands,Terraced,223532.0,921,210490.0,2202.0
2444,2021-11,2021,11,East Midlands,Flat,196730.0,598,180448.0,2249.0
2445,2021-12,2021,12,East Midlands,Detached,433366.0,949,408986.0,5738.0
2446,2021-12,2021,12,East Midlands,Semi-Detached,266608.0,1120,236132.0,3521.0
2447,2021-12,2021,12,East Midlands,Terraced,232837.0,1082,220982.0,2618.0
2448,2021-12,2021,12,East Midlands,Flat,204500.0,499,191778.0,1897.0
2449,2022-01,2022,1,East Midlands,Detached,442242.0,995,404361.0,5355.0
2450,2022-01,2022,1,East Midlands,Semi-Detached,272474.0,886,244427.0,3190.0
2451,2022-01,2022,1,East Midlands,Terraced,231470.0,387,214626.0,3008.0
2452,2022-01,2022,1,East Midlands,Flat,206954.0,799,187001.0,2425.0
2453,2022-02,2022,2,East Midlands,Detached,434012.0,873,383907.0,3977.0
2454,2022-02,2022,2,East Midlands,Semi-Detached,270959.0,1494,251754.0,2670.0
2455,2022-02,2022,2,East Midlands,Terraced,232679.0,1102,211759.0,3087.0
2456,2022-02,2022,2,East Midlands,Flat,206199.0,940,184387.0,1924.0
2457,2022-03,2022,3,East Midlands,Detached,449085.0,693,398289.0,4109.0
2458,2022-03,2022,3,East Midlands,Semi-Detached,285406.0,1225,251240.0,3768.0
2459,2022-03,2022,3,East Midlands,Terraced,238871.0,482,221741.0,2520.0
2460,2022-03,2022,3,East Midlands,Flat,211360.0,560,197718.0,2360.0
2461,2022-04,2022,4,East Midlands,Detached,457338.0,618,405365.0,5752.0
2462,2022-04,2022,4,East Midlands,Semi-Detached,288383.0,934,272442.0,2775.0
2463,2022-04,2022,4,East Midlands,Terraced,238624.0,621,219162.0,2380.0
2464,2022-04,2022,4,East Midlands,Flat,214836.0,750,201571.0,2053.0
2465,2022-05,2022,5,East Midlands,Detached,468441.0,973,443963.0,4476.0
2466,2022-05,2022,5,East Midlands,Semi-Detached,292373.0,785,268506.0,3218.0
2467,2022-05,2022,5,East Midlands,Terraced,246149.0,972,218248.0,2855.0
2468,2022-05,2022,5,East Midlands,Flat,216475.0,1108,192894.0,2059.0
2469,2022-06,2022,6,East Midlands,Detached,471436.0,779,430304.0,5571.0
2470,2022-06,2022,6,East Midlands,Semi-Detached,286794.0,1060,260243.0,2999.0
2471,2022-06,2022,6,East Midlands,Terraced,244413.0,689,228338.0,2260.0
2472,2022-06,2022,6,East Midlands,Flat,217029.0,948,205245.0,2521.0
2473,2022-07,2022,7,East Midlands,Detached,471057.0,955,431963.0,4383.0
2474,2022-07,2022,7,East Midlands,Semi-Detached,290176.0,1311,264474.0,2655.0
2475,2022-07,2022,7,East Midlands,Terraced,248635.0,780,234218.0,2376.0
2476,2022-07,2022,7,East Midlands,Flat,220904.0,907,195519.0,2118.0
2477,2022-08,2022,8,East Midlands,Detached,476965.0,428,448273.0,4372.0
2478,2022-08,2022,8,East Midlands,Semi-Detached,288830.0,1015,269316.0,3047.0
2479,2022-08,2022,8,East Midlands,Terraced,241139.0,698,220683.0,2776.0
2480,2022-08,2022,8,East Midlands,Flat,219763.0,1118,206880.0,2337.0
2481,2022-09,2022,9,East Midlands,Detached,468470.0,518,432700.0,5353.0
2482,2022-09,2022,9,East Midlands,Semi-Detached,295933.0,997,275470.0,3777.0
2483,2022-09,2022,9,East Midlands,Terraced,255001.0,841,238832.0,3164.0
2484,2022-09,2022,9,East Midlands,Flat,220889.0,614,204438.0,2176.0
2485,2022-10,2022,10,East Midlands,Detached,393802.0,1133,368897.0,4361.0
2486,2022-10,2022,10,East Midlands,Semi-Detached,246531.0,773,233381.0,2399.0
2487,2022-10,2022,10,East Midlands,Terraced,214794.0,998,203010.0,2387.0
2488,2022-10,2022,10,East Midlands,Flat,183296.0,965,167251.0,2047.0
2489,2022-11,2022,11,East Midlands,Detached,395510.0,841,348712.0,3887.0
2490,2022-11,2022,11,East Midlands,Semi-Detached,243110.0,1520,214817.0,2951.0
2491,2022-11,2022,11,East Midlands,Terraced,214671.0,759,198339.0,2264.0
2492,2022-11,2022,11,East Midlands,Flat,184962.0,990,166302.0,2214.0
2493,2022-12,2022,12,East Midlands,Detached,392123.0,888,349932.0,3715.0
2494,2022-12,2022,12,East Midlands,Semi-Detached,252556.0,1360,229442.0,3001.0
2495,2022-12,2022,12,East Midlands,Terraced,214707.0,706,200348.0,2514.0
2496,2022-12,2022,12,East Midlands,Flat,183525.0,739,162929.0,1830.0
2497,2023-01,2023,1,East Midlands,Detached,392543.0,1081,367116.0,3864.0
2498,2023-01,2023,1,East Midlands,Semi-Detached,246984.0,876,227632.0,2264.0
2499,2023-01,2023,1,East Midlands,Terraced,203854.0,911,183235.0,1860.0
2500,2023-01,2023,1,East Midlands,Flat,184957.0,713,170704.0,2188.0
2501,2023-02,2023,2,East Midlands,Detached,397741.0,732,353187.0,4563.0
2502,2023-02,2023,2,East Midlands,Semi-Detached,252898.0,1401,224366.0,2412.0
2503,2023-02,2023,2,East Midlands,Terraced,214640.0,820,198952.0,2646.0
2504,2023-02,2023,2,East Midlands,Flat,194145.0,723,171232.0,2571.0
2505,2023-03,2023,3,East Midlands,Detached,394107.0,702,350622.0,3998.0
2506,2023-03,2023,3,East Midlands,Semi-Detached,238178.0,621,209825.0,3065.0
2507,2023-03,2023,3,East Midlands,Terraced,213532.0,583,193541.0,2202.0
2508,2023-03,2023,3,East Midlands,Flat,185359.0,493,167577.0,1921.0
2509,2023-04,2023,4,East Midlands,Detached,404362.0,916,371502.0,4612.0
2510,2023-04,2023,4,East Midlands,Semi-Detached,254493.0,958,224653.0,2322.0
2511,2023-04,2023,4,East Midlands,Terraced,217522.0,1027,191998.0,2261.0
2512,2023-04,2023,4,East Midlands,Flat,185643.0,792,166978.0,1749.0
2513,2023-05,2023,5,East Midlands,Detached,404401.0,838,375769.0,4191.0
2514,2023-05,2023,5,East Midlands,Semi-Detached,246618.0,311,227265.0,2965.0
2515,2023-05,2023,5,East Midlands,Terraced,212199.0,825,191358.0,2339.0
2516,2023-05,2023,5,East Midlands,Flat,187797.0,709,169111.0,1901.0
2517,2023-06,2023,6,East Midlands,Detached,410864.0,670,365312.0,4040.0
2518,2023-06,2023,6,East Midlands,Semi-Detached,253585.0,1271,229400.0,3050.0
2519,2023-06,2023,6,East Midlands,Terraced,215556.0,1280,204652.0,1970.0
2520,2023-06,2023,6,East Midlands,Flat,187215.0,1208,171185.0,1893.0
2521,2023-07,2023,7,East Midlands,Detached,397367.0,786,371512.0,4320.0
2522,2023-07,2023,7,East Midlands,Semi-Detached,245664.0,881,225648.0,2907.0
2523,2023-07,2023,7,East Midlands,Terraced,212545.0,852,188696.0,2579.0
2524,2023-07,2023,7,East Midlands,Flat,188400.0,900,175970.0,1770.0
2525,2023-08,2023,8,East Midlands,Detached,406463.0,935,379771.0,4337.0
2526,2023-08,2023,8,East Midlands,Semi-Detached,251404.0,1379,226771.0,2656.0
2527,2023-08,2023,8,East Midlands,Terraced,216511.0,827,205409.0,2422.0
2528,2023-08,2023,8,East Midlands,Flat,186403.0,845,174170.0,2118.0
2529,2023-09,2023,9,East Midlands,Detached,393848.0,615,372062.0,5068.0
2530,2023-09,2023,9,East Midlands,Semi-Detached,248574.0,1088,224482.0,2803.0
2531,2023-09,2023,9,East Midlands,Terraced,211666.0,925,196217.0,2388.0
2532,2023-09,2023,9,East Midlands,Flat,189817.0,856,169881.0,2118.0
2533,2023-10,2023,10,East Midlands,Detached,398935.0,644,372398.0,4680.0
2534,2023-10,2023,10,East Midlands,Semi-Detached,238755.0,643,226623.0,2611.0
2535,2023-10,2023,10,East Midlands,Terraced,210358.0,739,192346.0,2192.0
2536,2023-10,2023,10,East Midlands,Flat,183633.0,640,173734.0,1920.0
2537,2023-11,2023,11,East Midlands,Detached,385035.0,750,352445.0,3547.0
2538,2023-11,2023,11,East Midlands,Semi-Detached,247795.0,1181,228718.0,2508.0
2539,2023-11,2023,11,East Midlands,Terraced,206685.0,531,191782.0,2504.0
2540,2023-11,2023,11,East Midlands,Flat,181632.0,543,159942.0,1667.0
2541,2023-12,2023,12,East Midlands,Detached,391142.0,786,348047.0,4093.0
2542,2023-12,2023,12,East Midlands,Semi-Detached,244974.0,880,229017.0,3103.0
2543,2023-12,2023,12,East Midlands,Terraced,206706.0,804,194669.0,1905.0
2544,2023-12,2023,12,East Midlands,Flat,180056.0,740,160823.0,1946.0
2545,2024-01,2024,1,East Midlands,Detached,390752.0,544,353194.0,3980.0
2546,2024-01,2024,1,East Midlands,Semi-Detached,247020.0,1392,220074.0,2406.0
2547,2024-01,2024,1,East Midlands,Terraced,205942.0,984,184872.0,2382.0
2548,2024-01,2024,1,East Midlands,Flat,183215.0,507,171632.0,1795.0
2549,2024-02,2024,2,East Midlands,Detached,391863.0,568,366093.0,4514.0
2550,2024-02,2024,2,East Midlands,Semi-Detached,243565.0,1077,224715.0,3032.0
2551,2024-02,2024,2,East Midlands,Terraced,207114.0,1009,186343.0,1983.0
2552,2024-02,2024,2,East Midlands,Flat,183662.0,689,166379.0,2162.0
2553,2024-03,2024,3,East Midlands,Detached,399259.0,829,366085.0,3748.0
2554,2024-03,2024,3,East Midlands,Semi-Detached,247202.0,1222,226203.0,2683.0
2555,2024-03,2024,3,East Midlands,Terraced,205461.0,515,191674.0,2263.0
2556,2024-03,2024,3,East Midlands,Flat,185651.0,879,171995.0,1760.0
2557,2024-04,2024,4,East Midlands,Detached,399240.0,1014,368103.0,4961.0
2558,2024-04,2024,4,East Midlands,Semi-Detached,245418.0,1093,228744.0,2625.0
2559,2024-04,2024,4,East Midlands,Terraced,208549.0,679,198103.0,2691.0
2560,2024-04,2024,4,East Midlands,Flat,190763.0,867,170728.0,1750.0
2561,2024-05,2024,5,East Midlands,Detached,400216.0,681,379586.0,4437.0
2562,2024-05,2024,5,East Midlands,Semi-Detached,258514.0,1010,239780.0,2483.0
2563,2024-05,2024,5,East Midlands,Terraced,211880.0,1261,190420.0,2171.0
2564,2024-05,2024,5,East Midlands,Flat,187431.0,831,168247.0,1729.0
2565,2024-06,2024,6,East Midlands,Detached,398166.0,759,355445.0,4765.0
2566,2024-06,2024,6,East Midlands,Semi-Detached,258321.0,1331,243836.0,3108.0
2567,2024-06,2024,6,East Midlands,Terraced,218685.0,800,203082.0,2549.0
2568,2024-06,2024,6,East Midlands,Flat,193480.0,878,170472.0,1868.0
2569,2024-07,2024,7,East Midlands,Detached,439184.0,764,399544.0,5160.0
2570,2024-07,2024,7,East Midlands,Semi-Detached,270034.0,1175,256345.0,2642.0
2571,2024-07,2024,7,East Midlands,Terraced,232633.0,596,208262.0,2916.0
2572,2024-07,2024,7,East Midlands,Flat,204762.0,1233,190303.0,2072.0
2573,2024-08,2024,8,East Midlands,Detached,440883.0,555,409010.0,5054.0
2574,2024-08,2024,8,East Midlands,Semi-Detached,277447.0,714,249438.0,3553.0
2575,2024-08,2024,8,East Midlands,Terraced,238739.0,850,213763.0,3090.0
2576,2024-08,2024,8,East Midlands,Flat,207201.0,937,188043.0,2682.0
2577,2024-09,2024,9,East Midlands,Detached,440818.0,686,398285.0,5531.0
2578,2024-09,2024,9,East Midlands,Semi-Detached,280658.0,1184,262018.0,2688.0
2579,2024-09,2024,9,East Midlands,Terraced,243747.0,906,220908.0,2228.0
2580,2024-09,2024,9,East Midlands,Flat,205283.0,864,183544.0,1951.0
2581,2024-10,2024,10,East Midlands,Detached,442366.0,554,413833.0,4907.0
2582,2024-10,2024,10,East Midlands,Semi-Detached,277557.0,1034,252513.0,2887.0
2583,2024-10,2024,10,East Midlands,Terraced,230893.0,1142,203447.0,2412.0
2584,2024-10,2024,10,East Midlands,Flat,203450.0,889,181769.0,2079.0
2585,2024-11,2024,11,East Midlands,Detached,438487.0,851,406181.0,4374.0
2586,2024-11,2024,11,East Midlands,Semi-Detached,270816.0,945,239810.0,3012.0
2587,2024-11,2024,11,East Midlands,Terraced,233364.0,711,215253.0,2362.0
2588,2024-11,2024,11,East Midlands,Flat,205743.0,986,188059.0,2581.0
2589,2024-12,2024,12,East Midlands,Detached,449808.0,548,415136.0,4806.0
2590,2024-12,2024,12,East Midlands,Semi-Detached,281509.0,1407,265095.0,2947.0
2591,2024-12,2024,12,East Midlands,Terraced,232995.0,959,216097.0,2186.0
2592,2024-12,2024,12,East Midlands,Flat,211924.0,692,197246.0,2749.0
2593,2025-01,2025,1,East Midlands,Detached,443388.0,456,391265.0,4719.0
2594,2025-01,2025,1,East Midlands,Semi-Detached,280515.0,823,262600.0,2621.0
2595,2025-01,2025,1,East Midlands,Terraced,233925.0,937,209399.0,2777.0
2596,2025-01,2025,1,East Midlands,Flat,208835.0,931,197632.0,2086.0
2597,2025-02,2025,2,East Midlands,Detached,449390.0,971,407658.0,4999.0
2598,2025-02,2025,2,East Midlands,Semi-Detached,277181.0,1508,254633.0,2933.0
2599,2025-02,2025,2,East Midlands,Terraced,236938.0,443,216314.0,2674.0
2600,2025-02,2025,2,East Midlands,Flat,209047.0,1060,192795.0,1966.0
2601,2025-03,2025,3,East Midlands,Detached,445642.0,850,394713.0,5589.0
2602,2025-03,2025,3,East Midlands,Semi-Detached,285554.0,1141,265987.0,2717.0
2603,2025-03,2025,3,East Midlands,Terraced,236481.0,585,214042.0,2210.0
2604,2025-03,2025,3,East Midlands,Flat,209456.0,1117,191507.0,2756.0
2605,2025-04,2025,4,East Midlands,Detached,462509.0,654,430279.0,5604.0
2606,2025-04,2025,4,East Midlands,Semi-Detached,292455.0,1196,265793.0,2892.0
2607,2025-04,2025,4,East Midlands,Terraced,251639.0,619,234900.0,2294.0
2608,2025-04,2025,4,East Midlands,Flat,213305.0,448,190181.0,2597.0
2609,2025-05,2025,5,East Midlands,Detached,468454.0,561,421588.0,5152.0
2610,2025-05,2025,5,East Midlands,Semi-Detached,289998.0,784,270138.0,3853.0
2611,2025-05,2025,5,East Midlands,Terraced,245092.0,1086,220248.0,2550.0
2612,2025-05,2025,5,East Midlands,Flat,219415.0,1038,199933.0,2518.0
2613,2025-06,2025,6,East Midlands,Detached,475815.0,928,429417.0,6053.0
2614,2025-06,2025,6,East Midlands,Semi-Detached,292544.0,1068,264339.0,2886.0
2615,2025-06,2025,6,East Midlands,Terraced,254678.0,643,237406.0,3046.0
2616,2025-06,2025,6,East Midlands,Flat,224454.0,970,203764.0,2725.0
2617,2025-07,2025,7,East Midlands,Detached,472199.0,585,438103.0,5249.0
2618,2025-07,2025,7,East Midlands,Semi-Detached,296968.0,1441,272037.0,2870.0
2619,2025-07,2025,7,East Midlands,Terraced,252971.0,953,225285.0,2426.0
2620,2025-07,2025,7,East Midlands,Flat,226109.0,459,210918.0,2255.0
2621,2025-08,2025,8,East Midlands,Detached,472017.0,691,430474.0,5458.0
2622,2025-08,2025,8,East Midlands,Semi-Detached,291459.0,958,269988.0,3092.0
2623,2025-08,2025,8,East Midlands,Terraced,249338.0,756,231842.0,3236.0
2624,2025-08,2025,8,East Midlands,Flat,216868.0,824,204564.0,2032.0
2625,2025-09,2025,9,East Midlands,Detached,470286.0,891,432607.0,5487.0
2626,2025-09,2025,9,East Midlands,Semi-Detached,294914.0,865,272499.0,3639.0
2627,2025-09,2025,9,East Midlands,Terraced,244962.0,755,219563.0,2562.0
2628,2025-09,2025,9,East Midlands,Flat,214211.0,827,198499.0,2246.0
2629,2025-10,2025,10,East Midlands,Detached,457131.0,789,430905.0,5462.0
2630,2025-10,2025,10,East Midlands,Semi-Detached,292621.0,948,261104.0,3325.0
2631,2025-10,2025,10,East Midlands,Terraced,251600.0,891,227982.0,2382.0
2632,2025-10,2025,10,East Midlands,Flat,216603.0,584,192896.0,2239.0
2633,2025-11,2025,11,East Midlands,Detached,462176.0,854,427021.0,4290.0
2634,2025-11,2025,11,East Midlands,Semi-Detached,301564.0,788,280527.0,3128.0
2635,2025-11,2025,11,East Midlands,Terraced,245253.0,712,223854.0,2735.0
2636,2025-11,2025,11,East Midlands,Flat,217204.0,777,201479.0,2041.0
2637,2025-12,2025,12,East Midlands,Detached,468921.0,683,430464.0,4554.0
2638,2025-12,2025,12,East Midlands,Semi-Detached,285546.0,864,257132.0,3521.0
2639,2025-12,2025,12,East Midlands,Terraced,252734.0,778,236980.0,2752.0
2640,2025-12,2025,12,East Midlands,Flat,218824.0,1172,201123.0,2841.0
2641,2015-01,2015,1,West Midlands,Detached,276290.0,888,247721.0,3200.0
2642,2015-01,2015,1,West Midlands,Semi-Detached,173484.0,1690,156156.0,1812.0
2643,2015-01,2015,1,West Midlands,Terraced,145444.0,744,128017.0,1852.0
2644,2015-01,2015,1,West Midlands,Flat,129025.0,894,114868.0,1368.0
2645,2015-02,2015,2,West Midlands,Detached,274708.0,592,259689.0,3356.0
2646,2015-02,2015,2,West Midlands,Semi-Detached,168669.0,968,152590.0,2080.0
2647,2015-02,2015,2,West Midlands,Terraced,142632.0,433,128518.0,1456.0
2648,2015-02,2015,2,West Midlands,Flat,127803.0,950,114187.0,1513.0
2649,2015-03,2015,3,West Midlands,Detached,287598.0,566,262140.0,3394.0
2650,2015-03,2015,3,West Midlands,Semi-Detached,176386.0,1048,157999.0,1974.0
2651,2015-03,2015,3,West Midlands,Terraced,148340.0,815,134010.0,1803.0
2652,2015-03,2015,3,West Midlands,Flat,134688.0,900,122938.0,1630.0
2653,2015-04,2015,4,West Midlands,Detached,289519.0,779,265317.0,3252.0
2654,2015-04,2015,4,West Midlands,Semi-Detached,184291.0,1070,166563.0,2268.0
2655,2015-04,2015,4,West Midlands,Terraced,157223.0,981,146200.0,1485.0
2656,2015-04,2015,4,West Midlands,Flat,133798.0,759,126718.0,1483.0
2657,2015-05,2015,5,West Midlands,Detached,296629.0,516,276714.0,2876.0
2658,2015-05,2015,5,West Midlands,Semi-Detached,182947.0,876,162453.0,2347.0
2659,2015-05,2015,5,West Midlands,Terraced,161759.0,544,153146.0,1579.0
2660,2015-05,2015,5,West Midlands,Flat,134529.0,846,119962.0,1231.0
2661,2015-06,2015,6,West Midlands,Detached,291176.0,746,266300.0,2758.0
2662,2015-06,2015,6,West Midlands,Semi-Detached,183372.0,1187,161868.0,1752.0
2663,2015-06,2015,6,West Midlands,Terraced,157293.0,1006,144742.0,1520.0
2664,2015-06,2015,6,West Midlands,Flat,138828.0,842,127540.0,1275.0
2665,2015-07,2015,7,West Midlands,Detached,296139.0,1103,261762.0,3194.0
2666,2015-07,2015,7,West Midlands,Semi-Detached,177712.0,959,161690.0,1647.0
2667,2015-07,2015,7,West Midlands,Terraced,155483.0,417,141620.0,1669.0
2668,2015-07,2015,7,West Midlands,Flat,134393.0,1037,122519.0,1297.0
2669,2015-08,2015,8,West Midlands,Detached,282683.0,886,261780.0,2823.0
2670,2015-08,2015,8,West Midlands,Semi-Detached,180502.0,1062,160988.0,2124.0
2671,2015-08,2015,8,West Midlands,Terraced,157188.0,560,138527.0,1549.0
2672,2015-08,2015,8,West Midlands,Flat,134902.0,579,123699.0,1634.0
2673,2015-09,2015,9,West Midlands,Detached,291337.0,498,264958.0,2921.0
2674,2015-09,2015,9,West Midlands,Semi-Detached,184893.0,915,163492.0,2220.0
2675,2015-09,2015,9,West Midlands,Terraced,156404.0,1124,144471.0,1877.0
2676,2015-09,2015,9,West Midlands,Flat,135876.0,959,127323.0,1574.0
2677,2015-10,2015,10,West Midlands,Detached,290969.0,646,259795.0,3132.0
2678,2015-10,2015,10,West Midlands,Semi-Detached,182283.0,971,172465.0,2424.0
2679,2015-10,2015,10,West Midlands,Terraced,152360.0,793,143768.0,1636.0
2680,2015-10,2015,10,West Midlands,Flat,136520.0,768,126759.0,1296.0
2681,2015-11,2015,11,West Midlands,Detached,286828.0,770,252611.0,2894.0
2682,2015-11,2015,11,West Midlands,Semi-Detached,180964.0,944,166413.0,1860.0
2683,2015-11,2015,11,West Midlands,Terraced,151769.0,647,143745.0,1559.0
2684,2015-11,2015,11,West Midlands,Flat,135856.0,827,123493.0,1244.0
2685,2015-12,2015,12,West Midlands,Detached,296053.0,846,280283.0,3001.0
2686,2015-12,2015,12,West Midlands,Semi-Detached,181929.0,1042,160608.0,2218.0
2687,2015-12,2015,12,West Midlands,Terraced,153495.0,649,138352.0,1752.0
2688,2015-12,2015,12,West Midlands,Flat,134836.0,765,119055.0,1368.0
2689,2016-01,2016,1,West Midlands,Detached,292342.0,1017,266014.0,3000.0
2690,2016-01,2016,1,West Midlands,Semi-Detached,179692.0,1530,160356.0,1899.0
2691,2016-01,2016,1,West Midlands,Terraced,149527.0,802,141293.0,1675.0
2692,2016-01,2016,1,West Midlands,Flat,134649.0,819,121079.0,1769.0
2693,2016-02,2016,2,West Midlands,Detached,289952.0,962,271325.0,3408.0
2694,2016-02,2016,2,West Midlands,Semi-Detached,186126.0,606,171738.0,1967.0
2695,2016-02,2016,2,West Midlands,Terraced,155945.0,919,141639.0,1483.0
2696,2016-02,2016,2,West Midlands,Flat,137455.0,537,130107.0,1419.0
2697,2016-03,2016,3,West Midlands,Detached,302975.0,645,276883.0,3043.0
2698,2016-03,2016,3,West Midlands,Semi-Detached,184892.0,1092,171699.0,2076.0
2699,2016-03,2016,3,West Midlands,Terraced,158264.0,694,141154.0,2010.0
2700,2016-03,2016,3,West Midlands,Flat,137422.0,709,122902.0,1606.0
2701,2016-04,2016,4,West Midlands,Detached,298784.0,665,277833.0,3073.0
2702,2016-04,2016,4,West Midlands,Semi-Detached,187194.0,983,177435.0,2309.0
2703,2016-04,2016,4,West Midlands,Terraced,157605.0,495,139699.0,1746.0
2704,2016-04,2016,4,West Midlands,Flat,140215.0,1314,126637.0,1492.0
2705,2016-05,2016,5,West Midlands,Detached,303205.0,817,269048.0,4001.0
2706,2016-05,2016,5,West Midlands,Semi-Detached,187082.0,1103,173843.0,2279.0
2707,2016-05,2016,5,West Midlands,Terraced,157786.0,596,145627.0,1765.0
2708,2016-05,2016,5,West Midlands,Flat,143012.0,645,126975.0,1424.0
2709,2016-06,2016,6,West Midlands,Detached,300922.0,915,279890.0,2960.0
2710,2016-06,2016,6,West Midlands,Semi-Detached,187189.0,1001,176714.0,2343.0
2711,2016-06,2016,6,West Midlands,Terraced,165142.0,989,151608.0,2105.0
2712,2016-06,2016,6,West Midlands,Flat,140047.0,772,127120.0,1716.0
2713,2016-07,2016,7,West Midlands,Detached,308205.0,301,279577.0,2950.0
2714,2016-07,2016,7,West Midlands,Semi-Detached,194455.0,1226,181431.0,2169.0
2715,2016-07,2016,7,West Midlands,Terraced,160232.0,745,142049.0,2092.0
2716,2016-07,2016,7,West Midlands,Flat,139210.0,787,127418.0,1329.0
2717,2016-08,2016,8,West Midlands,Detached,299010.0,1009,264651.0,3151.0
2718,2016-08,2016,8,West Midlands,Semi-Detached,191329.0,1090,181709.0,2062.0
2719,2016-08,2016,8,West Midlands,Terraced,157293.0,694,138471.0,1695.0
2720,2016-08,2016,8,West Midlands,Flat,143745.0,843,131573.0,1342.0
2721,2016-09,2016,9,West Midlands,Detached,304296.0,802,282161.0,3759.0
2722,2016-09,2016,9,West Midlands,Semi-Detached,189020.0,1029,170485.0,1923.0
2723,2016-09,2016,9,West Midlands,Terraced,159489.0,715,145116.0,1458.0
2724,2016-09,2016,9,West Midlands,Flat,143979.0,850,131124.0,1731.0
2725,2016-10,2016,10,West Midlands,Detached,306790.0,668,272325.0,3632.0
2726,2016-10,2016,10,West Midlands,Semi-Detached,186960.0,888,175354.0,2464.0
2727,2016-10,2016,10,West Midlands,Terraced,160286.0,839,143710.0,1615.0
2728,2016-10,2016,10,West Midlands,Flat,139687.0,754,124374.0,1403.0
2729,2016-11,2016,11,West Midlands,Detached,306134.0,602,281843.0,3330.0
2730,2016-11,2016,11,West Midlands,Semi-Detached,186604.0,928,168635.0,2188.0
2731,2016-11,2016,11,West Midlands,Terraced,163811.0,662,145241.0,1880.0
2732,2016-11,2016,11,West Midlands,Flat,139202.0,636,129010.0,1391.0
2733,2016-12,2016,12,West Midlands,Detached,304358.0,818,268292.0,3018.0
2734,2016-12,2016,12,West Midlands,Semi-Detached,187333.0,792,167115.0,1950.0
2735,2016-12,2016,12,West Midlands,Terraced,158037.0,1030,145041.0,1593.0
2736,2016-12,2016,12,West Midlands,Flat,143905.0,750,134408.0,1863.0
2737,2017-01,2017,1,West Midlands,Detached,305564.0,913,287699.0,3427.0
2738,2017-01,2017,1,West Midlands,Semi-Detached,189443.0,783,173771.0,2398.0
2739,2017-01,2017,1,West Midlands,Terraced,158987.0,582,150717.0,1583.0
2740,2017-01,2017,1,West Midlands,Flat,140473.0,658,128698.0,1703.0
2741,2017-02,2017,2,West Midlands,Detached,314019.0,827,289872.0,3231.0
2742,2017-02,2017,2,West Midlands,Semi-Detached,194905.0,1059,184230.0,2097.0
2743,2017-02,2017,2,West Midlands,Terraced,162796.0,423,145387.0,1674.0
2744,2017-02,2017,2,West Midlands,Flat,142407.0,800,127289.0,1551.0
2745,2017-03,2017,3,West Midlands,Detached,317429.0,574,292034.0,3501.0
2746,2017-03,2017,3,West Midlands,Semi-Detached,199292.0,933,182258.0,2335.0
2747,2017-03,2017,3,West Midlands,Terraced,166588.0,845,148728.0,1939.0
2748,2017-03,2017,3,West Midlands,Flat,146480.0,1026,133174.0,1450.0
2749,2017-04,2017,4,West Midlands,Detached,314193.0,963,285128.0,3592.0
2750,2017-04,2017,4,West Midlands,Semi-Detached,200914.0,735,184757.0,2226.0
2751,2017-04,2017,4,West Midlands,Terraced,164498.0,836,149718.0,1777.0
2752,2017-04,2017,4,West Midlands,Flat,147651.0,889,138902.0,1514.0
2753,2017-05,2017,5,West Midlands,Detached,321726.0,662,291140.0,3655.0
2754,2017-05,2017,5,West Midlands,Semi-Detached,194743.0,1302,173613.0,1862.0
2755,2017-05,2017,5,West Midlands,Terraced,165268.0,779,155301.0,1976.0
2756,2017-05,2017,5,West Midlands,Flat,152266.0,807,138875.0,1605.0
2757,2017-06,2017,6,West Midlands,Detached,327078.0,931,289747.0,4057.0
2758,2017-06,2017,6,West Midlands,Semi-Detached,199103.0,1463,181426.0,2321.0
2759,2017-06,2017,6,West Midlands,Terraced,167374.0,882,154634.0,2064.0
2760,2017-06,2017,6,West Midlands,Flat,149989.0,704,134417.0,1413.0
2761,2017-07,2017,7,West Midlands,Detached,332750.0,702,299029.0,3822.0
2762,2017-07,2017,7,West Midlands,Semi-Detached,192943.0,1254,172277.0,1848.0
2763,2017-07,2017,7,West Midlands,Terraced,170464.0,744,150452.0,2133.0
2764,2017-07,2017,7,West Midlands,Flat,148854.0,783,131801.0,1371.0
2765,2017-08,2017,8,West Midlands,Detached,325217.0,900,307442.0,3932.0
2766,2017-08,2017,8,West Midlands,Semi-Detached,203757.0,1269,191711.0,1980.0
2767,2017-08,2017,8,West Midlands,Terraced,174970.0,666,157188.0,2023.0
2768,2017-08,2017,8,West Midlands,Flat,152097.0,429,138012.0,1401.0
2769,2017-09,2017,9,West Midlands,Detached,319998.0,759,290069.0,3163.0
2770,2017-09,2017,9,West Midlands,Semi-Detached,205436.0,1087,184050.0,1936.0
2771,2017-09,2017,9,West Midlands,Terraced,172488.0,1056,161829.0,2114.0
2772,2017-09,2017,9,West Midlands,Flat,147231.0,891,138770.0,1817.0
2773,2017-10,2017,10,West Midlands,Detached,328513.0,742,289533.0,4162.0
2774,2017-10,2017,10,West Midlands,Semi-Detached,205628.0,854,190421.0,2157.0
2775,2017-10,2017,10,West Midlands,Terraced,174565.0,821,156489.0,1929.0
2776,2017-10,2017,10,West Midlands,Flat,151976.0,576,136404.0,1753.0
2777,2017-11,2017,11,West Midlands,Detached,317814.0,854,289220.0,3019.0
2778,2017-11,2017,11,West Midlands,Semi-Detached,196927.0,835,184061.0,1795.0
2779,2017-11,2017,11,West Midlands,Terraced,169483.0,1192,151960.0,1877.0
2780,2017-11,2017,11,West Midlands,Flat,149787.0,756,134597.0,1653.0
2781,2017-12,2017,12,West Midlands,Detached,316224.0,1090,298813.0,4038.0
2782,2017-12,2017,12,West Midlands,Semi-Detached,204500.0,809,183195.0,2087.0
2783,2017-12,2017,12,West Midlands,Terraced,173750.0,849,156945.0,1815.0
2784,2017-12,2017,12,West Midlands,Flat,151672.0,798,141408.0,1508.0
2785,2018-01,2018,1,West Midlands,Detached,319013.0,955,286479.0,3778.0
2786,2018-01,2018,1,West Midlands,Semi-Detached,201015.0,655,178711.0,1914.0
2787,2018-01,2018,1,West Midlands,Terraced,169708.0,1020,159217.0,2000.0
2788,2018-01,2018,1,West Midlands,Flat,151300.0,633,142837.0,1697.0
2789,2018-02,2018,2,West Midlands,Detached,317455.0,629,289598.0,3788.0
2790,2018-02,2018,2,West Midlands,Semi-Detached,206910.0,908,194164.0,2416.0
2791,2018-02,2018,2,West Midlands,Terraced,175503.0,782,155090.0,1654.0
2792,2018-02,2018,2,West Midlands,Flat,153978.0,584,141780.0,1632.0
2793,2018-03,2018,3,West Midlands,Detached,319723.0,688,299326.0,3593.0
2794,2018-03,2018,3,West Midlands,Semi-Detached,208172.0,1192,184516.0,2238.0
2795,2018-03,2018,3,West Midlands,Terraced,173477.0,763,159959.0,1836.0
2796,2018-03,2018,3,West Midlands,Flat,153420.0,513,137445.0,1687.0
2797,2018-04,2018,4,West Midlands,Detached,328054.0,949,301038.0,3206.0
2798,2018-04,2018,4,West Midlands,Semi-Detached,204298.0,525,193635.0,2074.0
2799,2018-04,2018,4,West Midlands,Terraced,175827.0,658,158363.0,2321.0
2800,2018-04,2018,4,West Midlands,Flat,152666.0,504,144182.0,1443.0
2801,2018-05,2018,5,West Midlands,Detached,324593.0,485,286828.0,3009.0
2802,2018-05,2018,5,West Midlands,Semi-Detached,207343.0,905,189319.0,2249.0
2803,2018-05,2018,5,West Midlands,Terraced,173940.0,1101,155848.0,1937.0
2804,2018-05,2018,5,West Midlands,Flat,152404.0,994,137594.0,1913.0
2805,2018-06,2018,6,West Midlands,Detached,346823.0,785,307872.0,3859.0
2806,2018-06,2018,6,West Midlands,Semi-Detached,205433.0,998,192934.0,2138.0
2807,2018-06,2018,6,West Midlands,Terraced,173664.0,574,158869.0,2273.0
2808,2018-06,2018,6,West Midlands,Flat,158237.0,775,140839.0,1612.0
2809,2018-07,2018,7,West Midlands,Detached,343293.0,736,316825.0,3464.0
2810,2018-07,2018,7,West Midlands,Semi-Detached,218291.0,255,201954.0,2310.0
2811,2018-07,2018,7,West Midlands,Terraced,185488.0,1047,172567.0,1902.0
2812,2018-07,2018,7,West Midlands,Flat,163664.0,1198,149174.0,1961.0
2813,2018-08,2018,8,West Midlands,Detached,340824.0,814,308549.0,3838.0
2814,2018-08,2018,8,West Midlands,Semi-Detached,209422.0,1250,193218.0,2114.0
2815,2018-08,2018,8,West Midlands,Terraced,182865.0,783,166602.0,2152.0
2816,2018-08,2018,8,West Midlands,Flat,158216.0,700,149998.0,1673.0
2817,2018-09,2018,9,West Midlands,Detached,337938.0,419,319650.0,3227.0
2818,2018-09,2018,9,West Midlands,Semi-Detached,210560.0,1051,196928.0,2591.0
2819,2018-09,2018,9,West Midlands,Terraced,183588.0,858,165297.0,1786.0
2820,2018-09,2018,9,West Midlands,Flat,159177.0,684,148577.0,1968.0
2821,2018-10,2018,10,West Midlands,Detached,332459.0,845,314599.0,3902.0
2822,2018-10,2018,10,West Midlands,Semi-Detached,208585.0,951,197368.0,2088.0
2823,2018-10,2018,10,West Midlands,Terraced,178517.0,1141,163028.0,2264.0
2824,2018-10,2018,10,West Midlands,Flat,153807.0,874,145871.0,1495.0
2825,2018-11,2018,11,West Midlands,Detached,331443.0,725,296062.0,4022.0
2826,2018-11,2018,11,West Midlands,Semi-Detached,208897.0,1413,188425.0,2679.0
2827,2018-11,2018,11,West Midlands,Terraced,177572.0,1129,159018.0,2147.0
2828,2018-11,2018,11,West Midlands,Flat,155465.0,690,140511.0,1805.0
2829,2018-12,2018,12,West Midlands,Detached,330709.0,918,312079.0,3181.0
2830,2018-12,2018,12,West Midlands,Semi-Detached,208100.0,986,192696.0,2126.0
2831,2018-12,2018,12,West Midlands,Terraced,177149.0,673,168203.0,1794.0
2832,2018-12,2018,12,West Midlands,Flat,154937.0,938,137199.0,1829.0
2833,2019-01,2019,1,West Midlands,Detached,332538.0,864,300271.0,3206.0
2834,2019-01,2019,1,West Midlands,Semi-Detached,206115.0,1001,181578.0,2244.0
2835,2019-01,2019,1,West Midlands,Terraced,175140.0,789,155185.0,1829.0
2836,2019-01,2019,1,West Midlands,Flat,161179.0,657,148248.0,1557.0
2837,2019-02,2019,2,West Midlands,Detached,346884.0,921,326609.0,3217.0
2838,2019-02,2019,2,West Midlands,Semi-Detached,219153.0,533,204984.0,2205.0
2839,2019-02,2019,2,West Midlands,Terraced,178735.0,622,160569.0,2159.0
2840,2019-02,2019,2,West Midlands,Flat,159776.0,848,148897.0,1610.0
2841,2019-03,2019,3,West Midlands,Detached,339324.0,1063,319424.0,3237.0
2842,2019-03,2019,3,West Midlands,Semi-Detached,216883.0,1061,204652.0,2100.0
2843,2019-03,2019,3,West Midlands,Terraced,183876.0,794,172084.0,2314.0
2844,2019-03,2019,3,West Midlands,Flat,162367.0,497,146198.0,2047.0
2845,2019-04,2019,4,West Midlands,Detached,343278.0,693,316239.0,4092.0
2846,2019-04,2019,4,West Midlands,Semi-Detached,217303.0,596,201155.0,2742.0
2847,2019-04,2019,4,West Midlands,Terraced,183430.0,660,173922.0,2063.0
2848,2019-04,2019,4,West Midlands,Flat,159664.0,910,145986.0,2058.0
2849,2019-05,2019,5,West Midlands,Detached,350431.0,595,325246.0,3193.0
2850,2019-05,2019,5,West Midlands,Semi-Detached,219819.0,1462,208258.0,2112.0
2851,2019-05,2019,5,West Midlands,Terraced,183817.0,1138,163408.0,1978.0
2852,2019-05,2019,5,West Midlands,Flat,164928.0,645,150058.0,2072.0
2853,2019-06,2019,6,West Midlands,Detached,352014.0,1170,322860.0,4393.0
2854,2019-06,2019,6,West Midlands,Semi-Detached,222183.0,761,210841.0,2835.0
2855,2019-06,2019,6,West Midlands,Terraced,190094.0,720,168245.0,1799.0
2856,2019-06,2019,6,West Midlands,Flat,159813.0,931,144100.0,1871.0
2857,2019-07,2019,7,West Midlands,Detached,356288.0,983,333455.0,4242.0
2858,2019-07,2019,7,West Midlands,Semi-Detached,227909.0,843,213043.0,2656.0
2859,2019-07,2019,7,West Midlands,Terraced,196642.0,968,178581.0,2543.0
2860,2019-07,2019,7,West Midlands,Flat,168680.0,369,156376.0,1558.0
2861,2019-08,2019,8,West Midlands,Detached,340584.0,546,315320.0,4332.0
2862,2019-08,2019,8,West Midlands,Semi-Detached,223769.0,995,207411.0,2965.0
2863,2019-08,2019,8,West Midlands,Terraced,191186.0,594,178474.0,1831.0
2864,2019-08,2019,8,West Midlands,Flat,168048.0,763,154387.0,1691.0
2865,2019-09,2019,9,West Midlands,Detached,353466.0,950,326355.0,3388.0
2866,2019-09,2019,9,West Midlands,Semi-Detached,218155.0,430,206053.0,2860.0
2867,2019-09,2019,9,West Midlands,Terraced,187923.0,718,176537.0,2353.0
2868,2019-09,2019,9,West Midlands,Flat,166402.0,988,151950.0,1645.0
2869,2019-10,2019,10,West Midlands,Detached,357396.0,960,337658.0,3943.0
2870,2019-10,2019,10,West Midlands,Semi-Detached,219325.0,930,201572.0,2692.0
2871,2019-10,2019,10,West Midlands,Terraced,189021.0,1035,171077.0,1778.0
2872,2019-10,2019,10,West Midlands,Flat,163041.0,886,151226.0,1603.0
2873,2019-11,2019,11,West Midlands,Detached,354833.0,706,314575.0,4307.0
2874,2019-11,2019,11,West Midlands,Semi-Detached,220019.0,1093,194820.0,2446.0
2875,2019-11,2019,11,West Midlands,Terraced,188739.0,988,179272.0,1862.0
2876,2019-11,2019,11,West Midlands,Flat,167050.0,765,154565.0,1914.0
2877,2019-12,2019,12,West Midlands,Detached,354809.0,475,335417.0,4655.0
2878,2019-12,2019,12,West Midlands,Semi-Detached,222444.0,1279,210760.0,2068.0
2879,2019-12,2019,12,West Midlands,Terraced,187286.0,1119,167490.0,1991.0
2880,2019-12,2019,12,West Midlands,Flat,165848.0,848,155114.0,2027.0
2881,2020-01,2020,1,West Midlands,Detached,356860.0,624,338016.0,4043.0
2882,2020-01,2020,1,West Midlands,Semi-Detached,216525.0,1082,193412.0,2471.0
2883,2020-01,2020,1,West Midlands,Terraced,184725.0,755,174399.0,1999.0
2884,2020-01,2020,1,West Midlands,Flat,167487.0,1091,148246.0,2144.0
2885,2020-02,2020,2,West Midlands,Detached,356998.0,1234,333910.0,3334.0
2886,2020-02,2020,2,West Midlands,Semi-Detached,228597.0,605,209178.0,2090.0
2887,2020-02,2020,2,West Midlands,Terraced,192545.0,651,173018.0,2339.0
2888,2020-02,2020,2,West Midlands,Flat,166373.0,963,150492.0,2015.0
2889,2020-03,2020,3,West Midlands,Detached,353446.0,1054,333007.0,4229.0
2890,2020-03,2020,3,West Midlands,Semi-Detached,216549.0,1423,194941.0,2425.0
2891,2020-03,2020,3,West Midlands,Terraced,186107.0,576,164113.0,2316.0
2892,2020-03,2020,3,West Midlands,Flat,163391.0,668,145954.0,1882.0
2893,2020-04,2020,4,West Midlands,Detached,351282.0,1112,325668.0,3674.0
2894,2020-04,2020,4,West Midlands,Semi-Detached,225307.0,928,206029.0,2171.0
2895,2020-04,2020,4,West Midlands,Terraced,190602.0,791,178010.0,1752.0
2896,2020-04,2020,4,West Midlands,Flat,160213.0,1120,149460.0,1514.0
2897,2020-05,2020,5,West Midlands,Detached,361255.0,680,331701.0,4444.0
2898,2020-05,2020,5,West Midlands,Semi-Detached,227316.0,1186,202362.0,2340.0
2899,2020-05,2020,5,West Midlands,Terraced,190877.0,606,172327.0,2016.0
2900,2020-05,2020,5,West Midlands,Flat,169524.0,904,160718.0,2054.0
2901,2020-06,2020,6,West Midlands,Detached,360261.0,532,335887.0,4246.0
2902,2020-06,2020,6,West Midlands,Semi-Detached,225927.0,940,213945.0,2547.0
2903,2020-06,2020,6,West Midlands,Terraced,193212.0,784,179421.0,1929.0
2904,2020-06,2020,6,West Midlands,Flat,170412.0,810,158180.0,1603.0
2905,2020-07,2020,7,West Midlands,Detached,382924.0,596,357961.0,4485.0
2906,2020-07,2020,7,West Midlands,Semi-Detached,232294.0,630,217704.0,2945.0
2907,2020-07,2020,7,West Midlands,Terraced,201908.0,872,180321.0,2149.0
2908,2020-07,2020,7,West Midlands,Flat,180194.0,608,163005.0,2334.0
2909,2020-08,2020,8,West Midlands,Detached,367598.0,1094,340109.0,4203.0
2910,2020-08,2020,8,West Midlands,Semi-Detached,237994.0,1273,220939.0,3013.0
2911,2020-08,2020,8,West Midlands,Terraced,194953.0,982,171951.0,2178.0
2912,2020-08,2020,8,West Midlands,Flat,172158.0,304,159993.0,2006.0
2913,2020-09,2020,9,West Midlands,Detached,377239.0,931,341198.0,3784.0
2914,2020-09,2020,9,West Midlands,Semi-Detached,242777.0,534,222334.0,2496.0
2915,2020-09,2020,9,West Midlands,Terraced,208030.0,545,185116.0,2585.0
2916,2020-09,2020,9,West Midlands,Flat,179843.0,978,163417.0,2222.0
2917,2020-10,2020,10,West Midlands,Detached,385815.0,902,363299.0,4009.0
2918,2020-10,2020,10,West Midlands,Semi-Detached,237471.0,1086,217225.0,2594.0
2919,2020-10,2020,10,West Midlands,Terraced,205277.0,721,183093.0,2350.0
2920,2020-10,2020,10,West Midlands,Flat,181770.0,909,171820.0,1720.0
2921,2020-11,2020,11,West Midlands,Detached,376017.0,767,333375.0,4371.0
2922,2020-11,2020,11,West Midlands,Semi-Detached,240244.0,950,220864.0,2664.0
2923,2020-11,2020,11,West Midlands,Terraced,207683.0,896,187066.0,2142.0
2924,2020-11,2020,11,West Midlands,Flat,180828.0,667,165323.0,1748.0
2925,2020-12,2020,12,West Midlands,Detached,389716.0,682,362701.0,4112.0
2926,2020-12,2020,12,West Midlands,Semi-Detached,245552.0,1018,229265.0,2374.0
2927,2020-12,2020,12,West Midlands,Terraced,207211.0,1022,188989.0,1968.0
2928,2020-12,2020,12,West Midlands,Flat,183202.0,723,166203.0,2314.0
2929,2021-01,2021,1,West Midlands,Detached,382972.0,972,351004.0,4079.0
2930,2021-01,2021,1,West Midlands,Semi-Detached,235286.0,972,207080.0,3000.0
2931,2021-01,2021,1,West Midlands,Terraced,208684.0,860,186635.0,1963.0
2932,2021-01,2021,1,West Midlands,Flat,182480.0,781,167094.0,2249.0
2933,2021-02,2021,2,West Midlands,Detached,401498.0,825,377244.0,4453.0
2934,2021-02,2021,2,West Midlands,Semi-Detached,248995.0,1099,219817.0,2456.0
2935,2021-02,2021,2,West Midlands,Terraced,216915.0,784,203292.0,2026.0
2936,2021-02,2021,2,West Midlands,Flat,188346.0,780,167744.0,2419.0
2937,2021-03,2021,3,West Midlands,Detached,409750.0,1056,381510.0,4977.0
2938,2021-03,2021,3,West Midlands,Semi-Detached,256688.0,960,234873.0,2859.0
2939,2021-03,2021,3,West Midlands,Terraced,220559.0,708,197070.0,2685.0
2940,2021-03,2021,3,West Midlands,Flat,189741.0,790,177570.0,1999.0
2941,2021-04,2021,4,West Midlands,Detached,413026.0,961,383393.0,4199.0
2942,2021-04,2021,4,West Midlands,Semi-Detached,264269.0,910,233846.0,2515.0
2943,2021-04,2021,4,West Midlands,Terraced,216145.0,956,201828.0,2865.0
2944,2021-04,2021,4,West Midlands,Flat,194842.0,955,182558.0,2592.0
2945,2021-05,2021,5,West Midlands,Detached,428779.0,885,379850.0,5271.0
2946,2021-05,2021,5,West Midlands,Semi-Detached,264001.0,1595,235016.0,3240.0
2947,2021-05,2021,5,West Midlands,Terraced,226600.0,671,203002.0,2551.0
2948,2021-05,2021,5,West Midlands,Flat,198757.0,642,185702.0,1984.0
2949,2021-06,2021,6,West Midlands,Detached,442544.0,1166,420011.0,4173.0
2950,2021-06,2021,6,West Midlands,Semi-Detached,264569.0,720,238318.0,3293.0
2951,2021-06,2021,6,West Midlands,Terraced,229981.0,710,207320.0,2117.0
2952,2021-06,2021,6,West Midlands,Flat,204514.0,807,185304.0,2247.0
2953,2021-07,2021,7,West Midlands,Detached,425957.0,750,380398.0,4855.0
2954,2021-07,2021,7,West Midlands,Semi-Detached,263886.0,1007,237238.0,3022.0
2955,2021-07,2021,7,West Midlands,Terraced,224497.0,769,213009.0,2595.0
2956,2021-07,2021,7,West Midlands,Flat,198709.0,981,175916.0,2179.0
2957,2021-08,2021,8,West Midlands,Detached,439268.0,938,409941.0,4708.0
2958,2021-08,2021,8,West Midlands,Semi-Detached,274867.0,1277,247743.0,3605.0
2959,2021-08,2021,8,West Midlands,Terraced,232502.0,935,209454.0,2898.0
2960,2021-08,2021,8,West Midlands,Flat,205811.0,868,192848.0,2109.0
2961,2021-09,2021,9,West Midlands,Detached,426287.0,845,390174.0,4562.0
2962,2021-09,2021,9,West Midlands,Semi-Detached,267443.0,1019,236531.0,2606.0
2963,2021-09,2021,9,West Midlands,Terraced,228047.0,703,201328.0,2365.0
2964,2021-09,2021,9,West Midlands,Flat,202878.0,745,186408.0,1970.0
2965,2021-10,2021,10,West Midlands,Detached,434476.0,907,400984.0,4480.0
2966,2021-10,2021,10,West Midlands,Semi-Detached,280176.0,1409,265564.0,3421.0
2967,2021-10,2021,10,West Midlands,Terraced,235743.0,925,218543.0,3004.0
2968,2021-10,2021,10,West Midlands,Flat,211987.0,682,197039.0,2775.0
2969,2021-11,2021,11,West Midlands,Detached,439410.0,754,408811.0,4857.0
2970,2021-11,2021,11,West Midlands,Semi-Detached,276900.0,704,249924.0,3082.0
2971,2021-11,2021,11,West Midlands,Terraced,237479.0,847,214778.0,2668.0
2972,2021-11,2021,11,West Midlands,Flat,204887.0,798,188106.0,1889.0
2973,2021-12,2021,12,West Midlands,Detached,452208.0,794,409730.0,5138.0
2974,2021-12,2021,12,West Midlands,Semi-Detached,279759.0,998,260686.0,2744.0
2975,2021-12,2021,12,West Midlands,Terraced,240687.0,743,221663.0,2917.0
2976,2021-12,2021,12,West Midlands,Flat,212119.0,322,200248.0,1945.0
2977,2022-01,2022,1,West Midlands,Detached,444298.0,823,391405.0,4969.0
2978,2022-01,2022,1,West Midlands,Semi-Detached,277214.0,998,244723.0,2660.0
2979,2022-01,2022,1,West Midlands,Terraced,235943.0,672,221999.0,2333.0
2980,2022-01,2022,1,West Midlands,Flat,207036.0,645,193294.0,2286.0
2981,2022-02,2022,2,West Midlands,Detached,460269.0,394,429154.0,4319.0
2982,2022-02,2022,2,West Midlands,Semi-Detached,290616.0,873,256410.0,3180.0
2983,2022-02,2022,2,West Midlands,Terraced,245776.0,968,232325.0,2532.0
2984,2022-02,2022,2,West Midlands,Flat,217092.0,731,197031.0,2682.0
2985,2022-03,2022,3,West Midlands,Detached,452248.0,783,422849.0,4189.0
2986,2022-03,2022,3,West Midlands,Semi-Detached,287591.0,970,263066.0,3299.0
2987,2022-03,2022,3,West Midlands,Terraced,243667.0,464,228522.0,2683.0
2988,2022-03,2022,3,West Midlands,Flat,210008.0,874,185689.0,2281.0
2989,2022-04,2022,4,West Midlands,Detached,472991.0,885,436479.0,5673.0
2990,2022-04,2022,4,West Midlands,Semi-Detached,296314.0,1254,267582.0,3089.0
2991,2022-04,2022,4,West Midlands,Terraced,251133.0,628,228322.0,2874.0
2992,2022-04,2022,4,West Midlands,Flat,231724.0,921,213109.0,2367.0
2993,2022-05,2022,5,West Midlands,Detached,479278.0,917,430387.0,5370.0
2994,2022-05,2022,5,West Midlands,Semi-Detached,303251.0,1894,280860.0,3966.0
2995,2022-05,2022,5,West Midlands,Terraced,255541.0,751,233253.0,2458.0
2996,2022-05,2022,5,West Midlands,Flat,226372.0,567,214816.0,2133.0
2997,2022-06,2022,6,West Midlands,Detached,484425.0,1084,432528.0,4488.0
2998,2022-06,2022,6,West Midlands,Semi-Detached,310246.0,1067,280445.0,3577.0
2999,2022-06,2022,6,West Midlands,Terraced,259215.0,867,230662.0,3135.0
3000,2022-06,2022,6,West Midlands,Flat,226634.0,795,206776.0,2528.0
3001,2022-07,2022,7,West Midlands,Detached,496035.0,637,461992.0,4517.0
3002,2022-07,2022,7,West Midlands,Semi-Detached,305331.0,1098,279051.0,2930.0
3003,2022-07,2022,7,West Midlands,Terraced,263869.0,704,233849.0,3122.0
3004,2022-07,2022,7,West Midlands,Flat,226106.0,910,211301.0,2329.0
3005,2022-08,2022,8,West Midlands,Detached,504166.0,824,457459.0,4827.0
3006,2022-08,2022,8,West Midlands,Semi-Detached,311987.0,1315,286253.0,2944.0
3007,2022-08,2022,8,West Midlands,Terraced,257945.0,521,241033.0,2796.0
3008,2022-08,2022,8,West Midlands,Flat,228835.0,957,207291.0,2157.0
3009,2022-09,2022,9,West Midlands,Detached,470674.0,555,435805.0,5943.0
3010,2022-09,2022,9,West Midlands,Semi-Detached,303367.0,1115,271013.0,3055.0
3011,2022-09,2022,9,West Midlands,Terraced,262998.0,556,236468.0,2945.0
3012,2022-09,2022,9,West Midlands,Flat,232065.0,994,212863.0,2278.0
3013,2022-10,2022,10,West Midlands,Detached,419846.0,1073,392593.0,4843.0
3014,2022-10,2022,10,West Midlands,Semi-Detached,261037.0,1277,244739.0,2773.0
3015,2022-10,2022,10,West Midlands,Terraced,221709.0,503,200864.0,2230.0
3016,2022-10,2022,10,West Midlands,Flat,198637.0,781,184229.0,2007.0
3017,2022-11,2022,11,West Midlands,Detached,413414.0,884,367772.0,4405.0
3018,2022-11,2022,11,West Midlands,Semi-Detached,248682.0,1084,230133.0,2805.0
3019,2022-11,2022,11,West Midlands,Terraced,214227.0,1013,190148.0,2086.0
3020,2022-11,2022,11,West Midlands,Flat,192309.0,913,174686.0,1822.0
3021,2022-12,2022,12,West Midlands,Detached,403177.0,804,375024.0,5113.0
3022,2022-12,2022,12,West Midlands,Semi-Detached,251539.0,1161,227437.0,2475.0
3023,2022-12,2022,12,West Midlands,Terraced,215123.0,892,201798.0,2634.0
3024,2022-12,2022,12,West Midlands,Flat,191772.0,1016,171346.0,2241.0
3025,2023-01,2023,1,West Midlands,Detached,401366.0,912,381144.0,5322.0
3026,2023-01,2023,1,West Midlands,Semi-Detached,250113.0,1646,236106.0,2698.0
3027,2023-01,2023,1,West Midlands,Terraced,220573.0,472,198256.0,2866.0
3028,2023-01,2023,1,West Midlands,Flat,198138.0,681,181997.0,2311.0
3029,2023-02,2023,2,West Midlands,Detached,402896.0,820,380851.0,3790.0
3030,2023-02,2023,2,West Midlands,Semi-Detached,253969.0,759,234399.0,3242.0
3031,2023-02,2023,2,West Midlands,Terraced,213467.0,650,201531.0,2036.0
3032,2023-02,2023,2,West Midlands,Flat,193955.0,1320,183317.0,1802.0
3033,2023-03,2023,3,West Midlands,Detached,408714.0,726,361441.0,3853.0
3034,2023-03,2023,3,West Midlands,Semi-Detached,259133.0,949,244200.0,2706.0
3035,2023-03,2023,3,West Midlands,Terraced,223141.0,737,198135.0,2474.0
3036,2023-03,2023,3,West Midlands,Flat,198120.0,1235,175810.0,1806.0
3037,2023-04,2023,4,West Midlands,Detached,405350.0,674,371656.0,4321.0
3038,2023-04,2023,4,West Midlands,Semi-Detached,261924.0,954,239965.0,2719.0
3039,2023-04,2023,4,West Midlands,Terraced,220947.0,835,194703.0,2478.0
3040,2023-04,2023,4,West Midlands,Flat,191533.0,921,174699.0,1751.0
3041,2023-05,2023,5,West Midlands,Detached,403389.0,901,362470.0,5336.0
3042,2023-05,2023,5,West Midlands,Semi-Detached,266701.0,1338,251421.0,2459.0
3043,2023-05,2023,5,West Midlands,Terraced,224063.0,841,204149.0,2194.0
3044,2023-05,2023,5,West Midlands,Flat,200822.0,853,177951.0,1870.0
3045,2023-06,2023,6,West Midlands,Detached,409581.0,661,378481.0,4155.0
3046,2023-06,2023,6,West Midlands,Semi-Detached,266484.0,923,239915.0,3268.0
3047,2023-06,2023,6,West Midlands,Terraced,229969.0,674,217915.0,2226.0
3048,2023-06,2023,6,West Midlands,Flat,198611.0,649,178814.0,1910.0
3049,2023-07,2023,7,West Midlands,Detached,405740.0,477,373811.0,4483.0
3050,2023-07,2023,7,West Midlands,Semi-Detached,260187.0,504,229273.0,2790.0
3051,2023-07,2023,7,West Midlands,Terraced,218479.0,579,198279.0,2744.0
3052,2023-07,2023,7,West Midlands,Flat,192314.0,1190,177720.0,1865.0
3053,2023-08,2023,8,West Midlands,Detached,420959.0,240,394325.0,4679.0
3054,2023-08,2023,8,West Midlands,Semi-Detached,256557.0,1498,233272.0,2525.0
3055,2023-08,2023,8,West Midlands,Terraced,218299.0,597,195529.0,2493.0
3056,2023-08,2023,8,West Midlands,Flat,195330.0,508,182804.0,1905.0
3057,2023-09,2023,9,West Midlands,Detached,414520.0,902,386519.0,5063.0
3058,2023-09,2023,9,West Midlands,Semi-Detached,256036.0,1332,234346.0,2588.0
3059,2023-09,2023,9,West Midlands,Terraced,214892.0,1028,193386.0,2259.0
3060,2023-09,2023,9,West Midlands,Flat,190726.0,874,177612.0,2493.0
3061,2023-10,2023,10,West Midlands,Detached,399318.0,1148,354869.0,4452.0
3062,2023-10,2023,10,West Midlands,Semi-Detached,251422.0,701,228015.0,2493.0
3063,2023-10,2023,10,West Midlands,Terraced,216572.0,1071,190927.0,2013.0
3064,2023-10,2023,10,West Midlands,Flat,188165.0,906,173215.0,2060.0
3065,2023-11,2023,11,West Midlands,Detached,405585.0,645,383790.0,3783.0
3066,2023-11,2023,11,West Midlands,Semi-Detached,253790.0,951,224985.0,2472.0
3067,2023-11,2023,11,West Midlands,Terraced,222421.0,554,195851.0,2477.0
3068,2023-11,2023,11,West Midlands,Flat,191054.0,778,169156.0,2325.0
3069,2023-12,2023,12,West Midlands,Detached,407558.0,921,371561.0,4395.0
3070,2023-12,2023,12,West Midlands,Semi-Detached,252562.0,609,235329.0,2626.0
3071,2023-12,2023,12,West Midlands,Terraced,210747.0,747,196976.0,2402.0
3072,2023-12,2023,12,West Midlands,Flat,188842.0,1145,175945.0,1769.0
3073,2024-01,2024,1,West Midlands,Detached,408069.0,452,385831.0,4483.0
3074,2024-01,2024,1,West Midlands,Semi-Detached,252274.0,991,224245.0,2725.0
3075,2024-01,2024,1,West Midlands,Terraced,210822.0,414,186581.0,1952.0
3076,2024-01,2024,1,West Midlands,Flat,191025.0,915,173007.0,1880.0
3077,2024-02,2024,2,West Midlands,Detached,397875.0,785,353596.0,4569.0
3078,2024-02,2024,2,West Midlands,Semi-Detached,253823.0,880,231397.0,2968.0
3079,2024-02,2024,2,West Midlands,Terraced,212326.0,846,198498.0,2451.0
3080,2024-02,2024,2,West Midlands,Flat,195181.0,935,183906.0,1872.0
3081,2024-03,2024,3,West Midlands,Detached,414354.0,1115,390085.0,5270.0
3082,2024-03,2024,3,West Midlands,Semi-Detached,253325.0,1383,230580.0,2924.0
3083,2024-03,2024,3,West Midlands,Terraced,213484.0,1145,202807.0,2314.0
3084,2024-03,2024,3,West Midlands,Flat,185692.0,697,163959.0,1964.0
3085,2024-04,2024,4,West Midlands,Detached,404600.0,843,375741.0,4008.0
3086,2024-04,2024,4,West Midlands,Semi-Detached,255248.0,714,242315.0,2897.0
3087,2024-04,2024,4,West Midlands,Terraced,218692.0,1113,204594.0,2146.0
3088,2024-04,2024,4,West Midlands,Flat,196376.0,884,185722.0,2061.0
3089,2024-05,2024,5,West Midlands,Detached,408258.0,944,364349.0,5316.0
3090,2024-05,2024,5,West Midlands,Semi-Detached,265533.0,749,242956.0,2625.0
3091,2024-05,2024,5,West Midlands,Terraced,224321.0,636,200316.0,2713.0
3092,2024-05,2024,5,West Midlands,Flat,195880.0,886,179285.0,2386.0
3093,2024-06,2024,6,West Midlands,Detached,416223.0,868,391547.0,3975.0
3094,2024-06,2024,6,West Midlands,Semi-Detached,267546.0,1067,239051.0,2700.0
3095,2024-06,2024,6,West Midlands,Terraced,223740.0,694,198203.0,2192.0
3096,2024-06,2024,6,West Midlands,Flat,198194.0,538,181174.0,2257.0
3097,2024-07,2024,7,West Midlands,Detached,461771.0,1046,418767.0,5046.0
3098,2024-07,2024,7,West Midlands,Semi-Detached,289839.0,978,265906.0,3828.0
3099,2024-07,2024,7,West Midlands,Terraced,248531.0,884,231181.0,2605.0
3100,2024-07,2024,7,West Midlands,Flat,212673.0,765,192439.0,2303.0
3101,2024-08,2024,8,West Midlands,Detached,456965.0,890,404816.0,4304.0
3102,2024-08,2024,8,West Midlands,Semi-Detached,291310.0,989,259208.0,2958.0
3103,2024-08,2024,8,West Midlands,Terraced,240251.0,494,211704.0,2992.0
3104,2024-08,2024,8,West Midlands,Flat,212503.0,738,188490.0,2142.0
3105,2024-09,2024,9,West Midlands,Detached,455062.0,733,430137.0,4877.0
3106,2024-09,2024,9,West Midlands,Semi-Detached,286188.0,1008,253385.0,3225.0
3107,2024-09,2024,9,West Midlands,Terraced,241692.0,728,219181.0,3053.0
3108,2024-09,2024,9,West Midlands,Flat,220914.0,722,206892.0,2771.0
3109,2024-10,2024,10,West Midlands,Detached,443047.0,1007,396890.0,4550.0
3110,2024-10,2024,10,West Midlands,Semi-Detached,274522.0,785,252972.0,2978.0
3111,2024-10,2024,10,West Midlands,Terraced,243534.0,438,225723.0,3207.0
3112,2024-10,2024,10,West Midlands,Flat,210941.0,789,188381.0,2229.0
3113,2024-11,2024,11,West Midlands,Detached,449601.0,579,419739.0,4449.0
3114,2024-11,2024,11,West Midlands,Semi-Detached,285164.0,1189,264331.0,2683.0
3115,2024-11,2024,11,West Midlands,Terraced,239648.0,826,220436.0,3143.0
3116,2024-11,2024,11,West Midlands,Flat,211089.0,1287,188585.0,2496.0
3117,2024-12,2024,12,West Midlands,Detached,453609.0,1235,426420.0,5215.0
3118,2024-12,2024,12,West Midlands,Semi-Detached,284002.0,1107,250468.0,3358.0
3119,2024-12,2024,12,West Midlands,Terraced,245654.0,685,228396.0,2246.0
3120,2024-12,2024,12,West Midlands,Flat,212149.0,1131,197071.0,1929.0
3121,2025-01,2025,1,West Midlands,Detached,467684.0,957,442806.0,5677.0
3122,2025-01,2025,1,West Midlands,Semi-Detached,290868.0,1564,261002.0,3029.0
3123,2025-01,2025,1,West Midlands,Terraced,245707.0,635,223816.0,2627.0
3124,2025-01,2025,1,West Midlands,Flat,212755.0,719,191671.0,2641.0
3125,2025-02,2025,2,West Midlands,Detached,462325.0,879,412323.0,5867.0
3126,2025-02,2025,2,West Midlands,Semi-Detached,279535.0,1317,264610.0,2795.0
3127,2025-02,2025,2,West Midlands,Terraced,236271.0,601,216580.0,3038.0
3128,2025-02,2025,2,West Midlands,Flat,212553.0,1108,187204.0,2156.0
3129,2025-03,2025,3,West Midlands,Detached,451056.0,852,427845.0,5815.0
3130,2025-03,2025,3,West Midlands,Semi-Detached,287453.0,788,257960.0,3257.0
3131,2025-03,2025,3,West Midlands,Terraced,246725.0,840,228118.0,2645.0
3132,2025-03,2025,3,West Midlands,Flat,215719.0,534,197205.0,2423.0
3133,2025-04,2025,4,West Midlands,Detached,477863.0,944,425002.0,6119.0
3134,2025-04,2025,4,West Midlands,Semi-Detached,296156.0,1271,278400.0,3844.0
3135,2025-04,2025,4,West Midlands,Terraced,261043.0,1142,245446.0,3329.0
3136,2025-04,2025,4,West Midlands,Flat,220121.0,509,207047.0,2041.0
3137,2025-05,2025,5,West Midlands,Detached,470675.0,890,444419.0,5159.0
3138,2025-05,2025,5,West Midlands,Semi-Detached,293124.0,1013,265659.0,3078.0
3139,2025-05,2025,5,West Midlands,Terraced,250049.0,734,237441.0,2659.0
3140,2025-05,2025,5,West Midlands,Flat,223668.0,922,199268.0,2740.0
3141,2025-06,2025,6,West Midlands,Detached,477350.0,957,446774.0,5649.0
3142,2025-06,2025,6,West Midlands,Semi-Detached,301192.0,904,269196.0,2967.0
3143,2025-06,2025,6,West Midlands,Terraced,258390.0,842,241545.0,3177.0
3144,2025-06,2025,6,West Midlands,Flat,227681.0,1031,211021.0,2187.0
3145,2025-07,2025,7,West Midlands,Detached,496484.0,519,443252.0,5141.0
3146,2025-07,2025,7,West Midlands,Semi-Detached,303571.0,1007,267154.0,3153.0
3147,2025-07,2025,7,West Midlands,Terraced,254112.0,1061,230292.0,2762.0
3148,2025-07,2025,7,West Midlands,Flat,222080.0,1146,200967.0,2042.0
3149,2025-08,2025,8,West Midlands,Detached,477819.0,961,438423.0,4732.0
3150,2025-08,2025,8,West Midlands,Semi-Detached,302015.0,1125,280917.0,2747.0
3151,2025-08,2025,8,West Midlands,Terraced,258095.0,707,239728.0,2602.0
3152,2025-08,2025,8,West Midlands,Flat,227950.0,667,214963.0,2758.0
3153,2025-09,2025,9,West Midlands,Detached,487273.0,797,436588.0,5514.0
3154,2025-09,2025,9,West Midlands,Semi-Detached,298696.0,882,275473.0,2776.0
3155,2025-09,2025,9,West Midlands,Terraced,253647.0,869,223593.0,3050.0
3156,2025-09,2025,9,West Midlands,Flat,221945.0,899,207472.0,2195.0
3157,2025-10,2025,10,West Midlands,Detached,486712.0,499,450257.0,6016.0
3158,2025-10,2025,10,West Midlands,Semi-Detached,302810.0,1154,267694.0,2809.0
3159,2025-10,2025,10,West Midlands,Terraced,263904.0,945,241937.0,2532.0
3160,2025-10,2025,10,West Midlands,Flat,224394.0,788,208555.0,2528.0
3161,2025-11,2025,11,West Midlands,Detached,485208.0,1047,434716.0,5014.0
3162,2025-11,2025,11,West Midlands,Semi-Detached,291788.0,1038,269931.0,2724.0
3163,2025-11,2025,11,West Midlands,Terraced,254574.0,1069,234676.0,2369.0
3164,2025-11,2025,11,West Midlands,Flat,223642.0,472,210693.0,2915.0
3165,2025-12,2025,12,West Midlands,Detached,475284.0,1022,418383.0,5337.0
3166,2025-12,2025,12,West Midlands,Semi-Detached,299792.0,736,278074.0,3256.0
3167,2025-12,2025,12,West Midlands,Terraced,253486.0,734,238008.0,2530.0
3168,2025-12,2025,12,West Midlands,Flat,221763.0,900,208950.0,2570.0
3169,2015-01,2015,1,Yorkshire and the Humber,Detached,238848.0,648,217987.0,2244.0
3170,2015-01,2015,1,Yorkshire and the Humber,Semi-Detached,146383.0,1114,131802.0,1417.0
3171,2015-01,2015,1,Yorkshire and the Humber,Terraced,125398.0,772,113555.0,1217.0
3172,2015-01,2015,1,Yorkshire and the Humber,Flat,112467.0,1191,103874.0,1400.0
3173,2015-02,2015,2,Yorkshire and the Humber,Detached,238262.0,886,225219.0,2844.0
3174,2015-02,2015,2,Yorkshire and the Humber,Semi-Detached,147726.0,1297,133285.0,1721.0
3175,2015-02,2015,2,Yorkshire and the Humber,Terraced,128010.0,1120,120560.0,1493.0
3176,2015-02,2015,2,Yorkshire and the Humber,Flat,114139.0,962,101653.0,1282.0
3177,2015-03,2015,3,Yorkshire and the Humber,Detached,237680.0,1035,212750.0,2381.0
3178,2015-03,2015,3,Yorkshire and the Humber,Semi-Detached,146623.0,1067,135304.0,1894.0
3179,2015-03,2015,3,Yorkshire and the Humber,Terraced,128113.0,716,118256.0,1172.0
3180,2015-03,2015,3,Yorkshire and the Humber,Flat,113037.0,1111,102996.0,1466.0
3181,2015-04,2015,4,Yorkshire and the Humber,Detached,245501.0,816,224878.0,2560.0
3182,2015-04,2015,4,Yorkshire and the Humber,Semi-Detached,148922.0,898,135928.0,1734.0
3183,2015-04,2015,4,Yorkshire and the Humber,Terraced,126679.0,625,116498.0,1520.0
3184,2015-04,2015,4,Yorkshire and the Humber,Flat,115211.0,860,102951.0,1256.0
3185,2015-05,2015,5,Yorkshire and the Humber,Detached,255045.0,881,231025.0,2991.0
3186,2015-05,2015,5,Yorkshire and the Humber,Semi-Detached,153946.0,1157,145152.0,1586.0
3187,2015-05,2015,5,Yorkshire and the Humber,Terraced,133815.0,941,118270.0,1310.0
3188,2015-05,2015,5,Yorkshire and the Humber,Flat,117085.0,668,107203.0,1503.0
3189,2015-06,2015,6,Yorkshire and the Humber,Detached,250108.0,1135,236790.0,3072.0
3190,2015-06,2015,6,Yorkshire and the Humber,Semi-Detached,152490.0,1165,140746.0,1520.0
3191,2015-06,2015,6,Yorkshire and the Humber,Terraced,133866.0,917,125800.0,1723.0
3192,2015-06,2015,6,Yorkshire and the Humber,Flat,118931.0,582,108810.0,1456.0
3193,2015-07,2015,7,Yorkshire and the Humber,Detached,250293.0,1044,227399.0,3297.0
3194,2015-07,2015,7,Yorkshire and the Humber,Semi-Detached,152599.0,1053,138180.0,1415.0
3195,2015-07,2015,7,Yorkshire and the Humber,Terraced,130807.0,988,122123.0,1482.0
3196,2015-07,2015,7,Yorkshire and the Humber,Flat,115969.0,528,104423.0,1134.0
3197,2015-08,2015,8,Yorkshire and the Humber,Detached,249792.0,908,227951.0,3201.0
3198,2015-08,2015,8,Yorkshire and the Humber,Semi-Detached,155034.0,896,141463.0,1610.0
3199,2015-08,2015,8,Yorkshire and the Humber,Terraced,134080.0,721,123011.0,1685.0
3200,2015-08,2015,8,Yorkshire and the Humber,Flat,117684.0,984,107906.0,1265.0
3201,2015-09,2015,9,Yorkshire and the Humber,Detached,245853.0,890,221244.0,2512.0
3202,2015-09,2015,9,Yorkshire and the Humber,Semi-Detached,154582.0,1655,140531.0,1808.0
3203,2015-09,2015,9,Yorkshire and the Humber,Terraced,133616.0,963,123602.0,1600.0
3204,2015-09,2015,9,Yorkshire and the Humber,Flat,118455.0,410,105086.0,1534.0
3205,2015-10,2015,10,Yorkshire and the Humber,Detached,251059.0,689,237078.0,2360.0
3206,2015-10,2015,10,Yorkshire and the Humber,Semi-Detached,150849.0,1078,141174.0,1829.0
3207,2015-10,2015,10,Yorkshire and the Humber,Terraced,129445.0,645,118578.0,1501.0
3208,2015-10,2015,10,Yorkshire and the Humber,Flat,115474.0,562,108681.0,1216.0
3209,2015-11,2015,11,Yorkshire and the Humber,Detached,247371.0,854,225709.0,2521.0
3210,2015-11,2015,11,Yorkshire and the Humber,Semi-Detached,151206.0,1210,143034.0,1700.0
3211,2015-11,2015,11,Yorkshire and the Humber,Terraced,132399.0,849,117538.0,1556.0
3212,2015-11,2015,11,Yorkshire and the Humber,Flat,113035.0,707,100350.0,1485.0
3213,2015-12,2015,12,Yorkshire and the Humber,Detached,249341.0,1120,231784.0,2541.0
3214,2015-12,2015,12,Yorkshire and the Humber,Semi-Detached,152457.0,874,135544.0,1459.0
3215,2015-12,2015,12,Yorkshire and the Humber,Terraced,128740.0,928,116367.0,1183.0
3216,2015-12,2015,12,Yorkshire and the Humber,Flat,117169.0,880,105279.0,1423.0
3217,2016-01,2016,1,Yorkshire and the Humber,Detached,253690.0,910,233255.0,2518.0
3218,2016-01,2016,1,Yorkshire and the Humber,Semi-Detached,160559.0,821,151088.0,1871.0
3219,2016-01,2016,1,Yorkshire and the Humber,Terraced,130092.0,1165,123586.0,1442.0
3220,2016-01,2016,1,Yorkshire and the Humber,Flat,117821.0,1033,110326.0,1171.0
3221,2016-02,2016,2,Yorkshire and the Humber,Detached,243298.0,717,224470.0,2302.0
3222,2016-02,2016,2,Yorkshire and the Humber,Semi-Detached,153902.0,408,145966.0,1559.0
3223,2016-02,2016,2,Yorkshire and the Humber,Terraced,132477.0,785,121823.0,1691.0
3224,2016-02,2016,2,Yorkshire and the Humber,Flat,118429.0,934,108035.0,1316.0
3225,2016-03,2016,3,Yorkshire and the Humber,Detached,255750.0,897,228555.0,3196.0
3226,2016-03,2016,3,Yorkshire and the Humber,Semi-Detached,159605.0,850,148599.0,1904.0
3227,2016-03,2016,3,Yorkshire and the Humber,Terraced,136263.0,841,122247.0,1545.0
3228,2016-03,2016,3,Yorkshire and the Humber,Flat,118782.0,670,108602.0,1346.0
3229,2016-04,2016,4,Yorkshire and the Humber,Detached,260032.0,913,238735.0,3416.0
3230,2016-04,2016,4,Yorkshire and the Humber,Semi-Detached,158960.0,1078,146743.0,1606.0
3231,2016-04,2016,4,Yorkshire and the Humber,Terraced,137317.0,701,129597.0,1327.0
3232,2016-04,2016,4,Yorkshire and the Humber,Flat,121575.0,462,114772.0,1410.0
3233,2016-05,2016,5,Yorkshire and the Humber,Detached,263279.0,858,234952.0,2663.0
3234,2016-05,2016,5,Yorkshire and the Humber,Semi-Detached,162434.0,820,146186.0,1743.0
3235,2016-05,2016,5,Yorkshire and the Humber,Terraced,138604.0,891,128005.0,1501.0
3236,2016-05,2016,5,Yorkshire and the Humber,Flat,123601.0,663,112308.0,1626.0
3237,2016-06,2016,6,Yorkshire and the Humber,Detached,255272.0,518,232120.0,3335.0
3238,2016-06,2016,6,Yorkshire and the Humber,Semi-Detached,163291.0,1612,144588.0,1512.0
3239,2016-06,2016,6,Yorkshire and the Humber,Terraced,139016.0,644,126243.0,1794.0
3240,2016-06,2016,6,Yorkshire and the Humber,Flat,123471.0,766,112053.0,1495.0
3241,2016-07,2016,7,Yorkshire and the Humber,Detached,261552.0,759,239435.0,2982.0
3242,2016-07,2016,7,Yorkshire and the Humber,Semi-Detached,163454.0,1263,147726.0,1816.0
3243,2016-07,2016,7,Yorkshire and the Humber,Terraced,135808.0,1117,128236.0,1381.0
3244,2016-07,2016,7,Yorkshire and the Humber,Flat,120036.0,1102,111017.0,1556.0
3245,2016-08,2016,8,Yorkshire and the Humber,Detached,262005.0,765,236307.0,2962.0
3246,2016-08,2016,8,Yorkshire and the Humber,Semi-Detached,157716.0,1264,140082.0,2087.0
3247,2016-08,2016,8,Yorkshire and the Humber,Terraced,135903.0,678,124844.0,1759.0
3248,2016-08,2016,8,Yorkshire and the Humber,Flat,120061.0,745,110965.0,1243.0
3249,2016-09,2016,9,Yorkshire and the Humber,Detached,255094.0,644,228526.0,2397.0
3250,2016-09,2016,9,Yorkshire and the Humber,Semi-Detached,158063.0,1099,139463.0,1438.0
3251,2016-09,2016,9,Yorkshire and the Humber,Terraced,136217.0,858,122282.0,1535.0
3252,2016-09,2016,9,Yorkshire and the Humber,Flat,117836.0,629,105762.0,1359.0
3253,2016-10,2016,10,Yorkshire and the Humber,Detached,259915.0,777,243255.0,2855.0
3254,2016-10,2016,10,Yorkshire and the Humber,Semi-Detached,163003.0,902,145236.0,1979.0
3255,2016-10,2016,10,Yorkshire and the Humber,Terraced,139224.0,738,123801.0,1756.0
3256,2016-10,2016,10,Yorkshire and the Humber,Flat,117992.0,790,108530.0,1299.0
3257,2016-11,2016,11,Yorkshire and the Humber,Detached,253006.0,851,238335.0,3040.0
3258,2016-11,2016,11,Yorkshire and the Humber,Semi-Detached,157827.0,1436,143007.0,1598.0
3259,2016-11,2016,11,Yorkshire and the Humber,Terraced,136288.0,863,120552.0,1668.0
3260,2016-11,2016,11,Yorkshire and the Humber,Flat,119162.0,870,105561.0,1409.0
3261,2016-12,2016,12,Yorkshire and the Humber,Detached,259945.0,444,233447.0,3352.0
3262,2016-12,2016,12,Yorkshire and the Humber,Semi-Detached,158949.0,1314,144909.0,2000.0
3263,2016-12,2016,12,Yorkshire and the Humber,Terraced,137601.0,1070,129773.0,1490.0
3264,2016-12,2016,12,Yorkshire and the Humber,Flat,122151.0,824,110256.0,1391.0
3265,2017-01,2017,1,Yorkshire and the Humber,Detached,259209.0,983,230822.0,2863.0
3266,2017-01,2017,1,Yorkshire and the Humber,Semi-Detached,165163.0,1172,147169.0,1549.0
3267,2017-01,2017,1,Yorkshire and the Humber,Terraced,136715.0,648,128453.0,1502.0
3268,2017-01,2017,1,Yorkshire and the Humber,Flat,120702.0,798,106932.0,1102.0
3269,2017-02,2017,2,Yorkshire and the Humber,Detached,256937.0,910,236244.0,3307.0
3270,2017-02,2017,2,Yorkshire and the Humber,Semi-Detached,163474.0,1257,147585.0,2145.0
3271,2017-02,2017,2,Yorkshire and the Humber,Terraced,140713.0,1221,128352.0,1318.0
3272,2017-02,2017,2,Yorkshire and the Humber,Flat,123266.0,695,111184.0,1516.0
3273,2017-03,2017,3,Yorkshire and the Humber,Detached,268075.0,585,245510.0,2489.0
3274,2017-03,2017,3,Yorkshire and the Humber,Semi-Detached,169239.0,1040,159052.0,1771.0
3275,2017-03,2017,3,Yorkshire and the Humber,Terraced,139854.0,659,129731.0,1317.0
3276,2017-03,2017,3,Yorkshire and the Humber,Flat,121578.0,575,109244.0,1469.0
3277,2017-04,2017,4,Yorkshire and the Humber,Detached,267315.0,746,252713.0,3339.0
3278,2017-04,2017,4,Yorkshire and the Humber,Semi-Detached,166248.0,842,157156.0,1639.0
3279,2017-04,2017,4,Yorkshire and the Humber,Terraced,142214.0,833,133474.0,1593.0
3280,2017-04,2017,4,Yorkshire and the Humber,Flat,126875.0,481,118952.0,1241.0
3281,2017-05,2017,5,Yorkshire and the Humber,Detached,265598.0,801,239850.0,3022.0
3282,2017-05,2017,5,Yorkshire and the Humber,Semi-Detached,169788.0,1017,159972.0,2237.0
3283,2017-05,2017,5,Yorkshire and the Humber,Terraced,143832.0,716,130306.0,1775.0
3284,2017-05,2017,5,Yorkshire and the Humber,Flat,127196.0,906,115815.0,1504.0
3285,2017-06,2017,6,Yorkshire and the Humber,Detached,269095.0,853,241690.0,2859.0
3286,2017-06,2017,6,Yorkshire and the Humber,Semi-Detached,172874.0,750,158077.0,1695.0
3287,2017-06,2017,6,Yorkshire and the Humber,Terraced,142573.0,571,126973.0,1379.0
3288,2017-06,2017,6,Yorkshire and the Humber,Flat,128010.0,1122,117468.0,1661.0
3289,2017-07,2017,7,Yorkshire and the Humber,Detached,278218.0,478,257833.0,3174.0
3290,2017-07,2017,7,Yorkshire and the Humber,Semi-Detached,174496.0,826,158213.0,1742.0
3291,2017-07,2017,7,Yorkshire and the Humber,Terraced,153763.0,804,142854.0,1465.0
3292,2017-07,2017,7,Yorkshire and the Humber,Flat,131356.0,1050,117227.0,1630.0
3293,2017-08,2017,8,Yorkshire and the Humber,Detached,277599.0,873,261628.0,2846.0
3294,2017-08,2017,8,Yorkshire and the Humber,Semi-Detached,166024.0,1120,157490.0,1926.0
3295,2017-08,2017,8,Yorkshire and the Humber,Terraced,146077.0,1133,134770.0,1646.0
3296,2017-08,2017,8,Yorkshire and the Humber,Flat,128616.0,897,121625.0,1709.0
3297,2017-09,2017,9,Yorkshire and the Humber,Detached,278535.0,880,245196.0,3713.0
3298,2017-09,2017,9,Yorkshire and the Humber,Semi-Detached,173259.0,914,164288.0,2093.0
3299,2017-09,2017,9,Yorkshire and the Humber,Terraced,146675.0,656,134434.0,1661.0
3300,2017-09,2017,9,Yorkshire and the Humber,Flat,129387.0,775,117406.0,1180.0
3301,2017-10,2017,10,Yorkshire and the Humber,Detached,272727.0,513,258848.0,2655.0
3302,2017-10,2017,10,Yorkshire and the Humber,Semi-Detached,174811.0,1013,155185.0,1933.0
3303,2017-10,2017,10,Yorkshire and the Humber,Terraced,144462.0,1077,134233.0,1429.0
3304,2017-10,2017,10,Yorkshire and the Humber,Flat,128465.0,728,117184.0,1560.0
3305,2017-11,2017,11,Yorkshire and the Humber,Detached,275872.0,861,250142.0,2669.0
3306,2017-11,2017,11,Yorkshire and the Humber,Semi-Detached,173855.0,573,154326.0,1635.0
3307,2017-11,2017,11,Yorkshire and the Humber,Terraced,147286.0,1071,139119.0,1834.0
3308,2017-11,2017,11,Yorkshire and the Humber,Flat,124703.0,1101,116352.0,1335.0
3309,2017-12,2017,12,Yorkshire and the Humber,Detached,278714.0,930,261676.0,2742.0
3310,2017-12,2017,12,Yorkshire and the Humber,Semi-Detached,169727.0,1025,153668.0,2136.0
3311,2017-12,2017,12,Yorkshire and the Humber,Terraced,144341.0,672,127559.0,1457.0
3312,2017-12,2017,12,Yorkshire and the Humber,Flat,129029.0,475,122258.0,1221.0
3313,2018-01,2018,1,Yorkshire and the Humber,Detached,274567.0,737,256581.0,3545.0
3314,2018-01,2018,1,Yorkshire and the Humber,Semi-Detached,170824.0,627,153236.0,1558.0
3315,2018-01,2018,1,Yorkshire and the Humber,Terraced,146355.0,929,134652.0,1387.0
3316,2018-01,2018,1,Yorkshire and the Humber,Flat,129401.0,895,116421.0,1350.0
3317,2018-02,2018,2,Yorkshire and the Humber,Detached,273425.0,1117,257451.0,2502.0
3318,2018-02,2018,2,Yorkshire and the Humber,Semi-Detached,166820.0,1003,152312.0,1591.0
3319,2018-02,2018,2,Yorkshire and the Humber,Terraced,146336.0,825,134329.0,1936.0
3320,2018-02,2018,2,Yorkshire and the Humber,Flat,128578.0,1021,117397.0,1249.0
3321,2018-03,2018,3,Yorkshire and the Humber,Detached,275489.0,763,248160.0,3311.0
3322,2018-03,2018,3,Yorkshire and the Humber,Semi-Detached,174861.0,1172,156768.0,1983.0
3323,2018-03,2018,3,Yorkshire and the Humber,Terraced,149590.0,1456,140946.0,1694.0
3324,2018-03,2018,3,Yorkshire and the Humber,Flat,131688.0,775,122765.0,1224.0
3325,2018-04,2018,4,Yorkshire and the Humber,Detached,284399.0,510,258863.0,2919.0
3326,2018-04,2018,4,Yorkshire and the Humber,Semi-Detached,174421.0,984,164407.0,1604.0
3327,2018-04,2018,4,Yorkshire and the Humber,Terraced,149162.0,789,139462.0,1501.0
3328,2018-04,2018,4,Yorkshire and the Humber,Flat,135172.0,738,128184.0,1430.0
3329,2018-05,2018,5,Yorkshire and the Humber,Detached,285332.0,508,257128.0,3689.0
3330,2018-05,2018,5,Yorkshire and the Humber,Semi-Detached,182231.0,839,167278.0,1897.0
3331,2018-05,2018,5,Yorkshire and the Humber,Terraced,148876.0,490,135401.0,1429.0
3332,2018-05,2018,5,Yorkshire and the Humber,Flat,135607.0,861,123507.0,1387.0
3333,2018-06,2018,6,Yorkshire and the Humber,Detached,288392.0,714,270973.0,2671.0
3334,2018-06,2018,6,Yorkshire and the Humber,Semi-Detached,175985.0,1609,161813.0,2186.0
3335,2018-06,2018,6,Yorkshire and the Humber,Terraced,148882.0,720,132484.0,1505.0
3336,2018-06,2018,6,Yorkshire and the Humber,Flat,136076.0,746,126138.0,1394.0
3337,2018-07,2018,7,Yorkshire and the Humber,Detached,287662.0,836,273160.0,3067.0
3338,2018-07,2018,7,Yorkshire and the Humber,Semi-Detached,181251.0,976,167516.0,1781.0
3339,2018-07,2018,7,Yorkshire and the Humber,Terraced,152909.0,940,136982.0,1401.0
3340,2018-07,2018,7,Yorkshire and the Humber,Flat,136148.0,769,126379.0,1568.0
3341,2018-08,2018,8,Yorkshire and the Humber,Detached,276523.0,782,249651.0,2833.0
3342,2018-08,2018,8,Yorkshire and the Humber,Semi-Detached,181437.0,863,172119.0,1759.0
3343,2018-08,2018,8,Yorkshire and the Humber,Terraced,152454.0,989,137627.0,1638.0
3344,2018-08,2018,8,Yorkshire and the Humber,Flat,133285.0,995,123957.0,1412.0
3345,2018-09,2018,9,Yorkshire and the Humber,Detached,288545.0,1300,260035.0,3518.0
3346,2018-09,2018,9,Yorkshire and the Humber,Semi-Detached,181338.0,453,164529.0,1840.0
3347,2018-09,2018,9,Yorkshire and the Humber,Terraced,157795.0,754,142601.0,1765.0
3348,2018-09,2018,9,Yorkshire and the Humber,Flat,136148.0,757,120303.0,1239.0
3349,2018-10,2018,10,Yorkshire and the Humber,Detached,283786.0,844,250134.0,2833.0
3350,2018-10,2018,10,Yorkshire and the Humber,Semi-Detached,182231.0,961,172144.0,1899.0
3351,2018-10,2018,10,Yorkshire and the Humber,Terraced,152906.0,677,144787.0,1604.0
3352,2018-10,2018,10,Yorkshire and the Humber,Flat,131540.0,1052,119268.0,1306.0
3353,2018-11,2018,11,Yorkshire and the Humber,Detached,288701.0,690,258340.0,3084.0
3354,2018-11,2018,11,Yorkshire and the Humber,Semi-Detached,180007.0,1159,162081.0,1753.0
3355,2018-11,2018,11,Yorkshire and the Humber,Terraced,149402.0,767,133365.0,1530.0
3356,2018-11,2018,11,Yorkshire and the Humber,Flat,136796.0,597,128166.0,1308.0
3357,2018-12,2018,12,Yorkshire and the Humber,Detached,281502.0,566,252377.0,2636.0
3358,2018-12,2018,12,Yorkshire and the Humber,Semi-Detached,183958.0,1049,167234.0,1895.0
3359,2018-12,2018,12,Yorkshire and the Humber,Terraced,147889.0,575,136711.0,1546.0
3360,2018-12,2018,12,Yorkshire and the Humber,Flat,132076.0,707,119635.0,1475.0
3361,2019-01,2019,1,Yorkshire and the Humber,Detached,290192.0,802,264098.0,2887.0
3362,2019-01,2019,1,Yorkshire and the Humber,Semi-Detached,176969.0,1178,166682.0,1656.0
3363,2019-01,2019,1,Yorkshire and the Humber,Terraced,150298.0,761,134341.0,1998.0
3364,2019-01,2019,1,Yorkshire and the Humber,Flat,136167.0,865,121608.0,1400.0
3365,2019-02,2019,2,Yorkshire and the Humber,Detached,291856.0,822,270048.0,2679.0
3366,2019-02,2019,2,Yorkshire and the Humber,Semi-Detached,178398.0,697,163771.0,2018.0
3367,2019-02,2019,2,Yorkshire and the Humber,Terraced,156510.0,968,141509.0,1678.0
3368,2019-02,2019,2,Yorkshire and the Humber,Flat,134303.0,834,118939.0,1324.0
3369,2019-03,2019,3,Yorkshire and the Humber,Detached,294833.0,824,266663.0,2821.0
3370,2019-03,2019,3,Yorkshire and the Humber,Semi-Detached,182472.0,694,171529.0,2071.0
3371,2019-03,2019,3,Yorkshire and the Humber,Terraced,154792.0,791,143309.0,1845.0
3372,2019-03,2019,3,Yorkshire and the Humber,Flat,137793.0,669,126930.0,1358.0
3373,2019-04,2019,4,Yorkshire and the Humber,Detached,290068.0,446,257053.0,3534.0
3374,2019-04,2019,4,Yorkshire and the Humber,Semi-Detached,185652.0,724,170252.0,1716.0
3375,2019-04,2019,4,Yorkshire and the Humber,Terraced,158349.0,658,145183.0,1701.0
3376,2019-04,2019,4,Yorkshire and the Humber,Flat,138791.0,870,122532.0,1409.0
3377,2019-05,2019,5,Yorkshire and the Humber,Detached,293932.0,572,267159.0,3199.0
3378,2019-05,2019,5,Yorkshire and the Humber,Semi-Detached,187882.0,1155,165934.0,1735.0
3379,2019-05,2019,5,Yorkshire and the Humber,Terraced,158643.0,1069,144386.0,1746.0
3380,2019-05,2019,5,Yorkshire and the Humber,Flat,140844.0,656,128835.0,1322.0
3381,2019-06,2019,6,Yorkshire and the Humber,Detached,306116.0,535,284557.0,2994.0
3382,2019-06,2019,6,Yorkshire and the Humber,Semi-Detached,182428.0,1383,172886.0,1892.0
3383,2019-06,2019,6,Yorkshire and the Humber,Terraced,157831.0,1055,146293.0,1878.0
3384,2019-06,2019,6,Yorkshire and the Humber,Flat,142829.0,605,130903.0,1444.0
3385,2019-07,2019,7,Yorkshire and the Humber,Detached,297082.0,1223,267481.0,2970.0
3386,2019-07,2019,7,Yorkshire and the Humber,Semi-Detached,186538.0,879,168079.0,1901.0
3387,2019-07,2019,7,Yorkshire and the Humber,Terraced,163436.0,1018,151634.0,1842.0
3388,2019-07,2019,7,Yorkshire and the Humber,Flat,144756.0,508,128974.0,1459.0
3389,2019-08,2019,8,Yorkshire and the Humber,Detached,302406.0,848,285310.0,3386.0
3390,2019-08,2019,8,Yorkshire and the Humber,Semi-Detached,187614.0,1100,165384.0,1831.0
3391,2019-08,2019,8,Yorkshire and the Humber,Terraced,162772.0,958,146040.0,1651.0
3392,2019-08,2019,8,Yorkshire and the Humber,Flat,142305.0,624,127465.0,1839.0
3393,2019-09,2019,9,Yorkshire and the Humber,Detached,298631.0,619,269954.0,3148.0
3394,2019-09,2019,9,Yorkshire and the Humber,Semi-Detached,189061.0,824,177168.0,2326.0
3395,2019-09,2019,9,Yorkshire and the Humber,Terraced,155341.0,751,141315.0,1653.0
3396,2019-09,2019,9,Yorkshire and the Humber,Flat,138894.0,1047,122609.0,1541.0
3397,2019-10,2019,10,Yorkshire and the Humber,Detached,306230.0,553,290195.0,3298.0
3398,2019-10,2019,10,Yorkshire and the Humber,Semi-Detached,182544.0,800,161879.0,2025.0
3399,2019-10,2019,10,Yorkshire and the Humber,Terraced,157059.0,730,141468.0,1481.0
3400,2019-10,2019,10,Yorkshire and the Humber,Flat,142568.0,600,131568.0,1585.0
3401,2019-11,2019,11,Yorkshire and the Humber,Detached,292774.0,451,262046.0,3702.0
3402,2019-11,2019,11,Yorkshire and the Humber,Semi-Detached,189664.0,998,175205.0,2058.0
3403,2019-11,2019,11,Yorkshire and the Humber,Terraced,161067.0,826,147159.0,1500.0
3404,2019-11,2019,11,Yorkshire and the Humber,Flat,142220.0,682,126923.0,1387.0
3405,2019-12,2019,12,Yorkshire and the Humber,Detached,301863.0,1047,277356.0,3108.0
3406,2019-12,2019,12,Yorkshire and the Humber,Semi-Detached,193454.0,876,171708.0,1781.0
3407,2019-12,2019,12,Yorkshire and the Humber,Terraced,161650.0,1067,145831.0,2005.0
3408,2019-12,2019,12,Yorkshire and the Humber,Flat,144826.0,604,133871.0,1638.0
3409,2020-01,2020,1,Yorkshire and the Humber,Detached,306564.0,790,286055.0,3257.0
3410,2020-01,2020,1,Yorkshire and the Humber,Semi-Detached,189116.0,1102,179553.0,2459.0
3411,2020-01,2020,1,Yorkshire and the Humber,Terraced,167073.0,620,148893.0,1890.0
3412,2020-01,2020,1,Yorkshire and the Humber,Flat,142734.0,769,131998.0,1524.0
3413,2020-02,2020,2,Yorkshire and the Humber,Detached,308177.0,1030,271201.0,3030.0
3414,2020-02,2020,2,Yorkshire and the Humber,Semi-Detached,191468.0,1476,180593.0,1793.0
3415,2020-02,2020,2,Yorkshire and the Humber,Terraced,168436.0,906,159973.0,1971.0
3416,2020-02,2020,2,Yorkshire and the Humber,Flat,141323.0,690,133226.0,1398.0
3417,2020-03,2020,3,Yorkshire and the Humber,Detached,302929.0,801,281391.0,3223.0
3418,2020-03,2020,3,Yorkshire and the Humber,Semi-Detached,186238.0,1305,168770.0,1779.0
3419,2020-03,2020,3,Yorkshire and the Humber,Terraced,161109.0,698,142265.0,1836.0
3420,2020-03,2020,3,Yorkshire and the Humber,Flat,139442.0,1041,129085.0,1544.0
3421,2020-04,2020,4,Yorkshire and the Humber,Detached,300075.0,830,267852.0,3095.0
3422,2020-04,2020,4,Yorkshire and the Humber,Semi-Detached,192324.0,1205,174671.0,1918.0
3423,2020-04,2020,4,Yorkshire and the Humber,Terraced,160740.0,807,143872.0,1704.0
3424,2020-04,2020,4,Yorkshire and the Humber,Flat,141854.0,514,128269.0,1519.0
3425,2020-05,2020,5,Yorkshire and the Humber,Detached,306085.0,690,270411.0,2827.0
3426,2020-05,2020,5,Yorkshire and the Humber,Semi-Detached,186183.0,1370,169355.0,1746.0
3427,2020-05,2020,5,Yorkshire and the Humber,Terraced,161425.0,1335,147611.0,1604.0
3428,2020-05,2020,5,Yorkshire and the Humber,Flat,140452.0,469,125029.0,1460.0
3429,2020-06,2020,6,Yorkshire and the Humber,Detached,304427.0,795,276326.0,3273.0
3430,2020-06,2020,6,Yorkshire and the Humber,Semi-Detached,195984.0,911,181361.0,2302.0
3431,2020-06,2020,6,Yorkshire and the Humber,Terraced,163937.0,1043,149984.0,1502.0
3432,2020-06,2020,6,Yorkshire and the Humber,Flat,144370.0,896,128467.0,1671.0
3433,2020-07,2020,7,Yorkshire and the Humber,Detached,318469.0,806,292854.0,4235.0
3434,2020-07,2020,7,Yorkshire and the Humber,Semi-Detached,202735.0,884,190740.0,2079.0
3435,2020-07,2020,7,Yorkshire and the Humber,Terraced,170650.0,684,157669.0,1602.0
3436,2020-07,2020,7,Yorkshire and the Humber,Flat,148579.0,618,136859.0,1730.0
3437,2020-08,2020,8,Yorkshire and the Humber,Detached,316628.0,1177,292333.0,3641.0
3438,2020-08,2020,8,Yorkshire and the Humber,Semi-Detached,201474.0,944,190420.0,2079.0
3439,2020-08,2020,8,Yorkshire and the Humber,Terraced,169137.0,636,152358.0,1777.0
3440,2020-08,2020,8,Yorkshire and the Humber,Flat,149965.0,1408,139501.0,1742.0
3441,2020-09,2020,9,Yorkshire and the Humber,Detached,322935.0,930,299627.0,3516.0
3442,2020-09,2020,9,Yorkshire and the Humber,Semi-Detached,203697.0,886,191396.0,2647.0
3443,2020-09,2020,9,Yorkshire and the Humber,Terraced,170858.0,849,159198.0,2200.0
3444,2020-09,2020,9,Yorkshire and the Humber,Flat,147701.0,713,137642.0,1708.0
3445,2020-10,2020,10,Yorkshire and the Humber,Detached,332220.0,797,314578.0,3092.0
3446,2020-10,2020,10,Yorkshire and the Humber,Semi-Detached,202343.0,840,182278.0,2237.0
3447,2020-10,2020,10,Yorkshire and the Humber,Terraced,171630.0,503,158491.0,1688.0
3448,2020-10,2020,10,Yorkshire and the Humber,Flat,155565.0,917,137248.0,2029.0
3449,2020-11,2020,11,Yorkshire and the Humber,Detached,332674.0,677,298699.0,3418.0
3450,2020-11,2020,11,Yorkshire and the Humber,Semi-Detached,203789.0,1845,191218.0,2172.0
3451,2020-11,2020,11,Yorkshire and the Humber,Terraced,173018.0,982,161823.0,1620.0
3452,2020-11,2020,11,Yorkshire and the Humber,Flat,152685.0,826,143367.0,1935.0
3453,2020-12,2020,12,Yorkshire and the Humber,Detached,322584.0,903,302122.0,3346.0
3454,2020-12,2020,12,Yorkshire and the Humber,Semi-Detached,202944.0,679,188278.0,2088.0
3455,2020-12,2020,12,Yorkshire and the Humber,Terraced,175144.0,767,160493.0,1889.0
3456,2020-12,2020,12,Yorkshire and the Humber,Flat,152747.0,537,143010.0,1851.0
3457,2021-01,2021,1,Yorkshire and the Humber,Detached,330518.0,876,310660.0,3109.0
3458,2021-01,2021,1,Yorkshire and the Humber,Semi-Detached,210795.0,1380,193604.0,2383.0
3459,2021-01,2021,1,Yorkshire and the Humber,Terraced,177414.0,941,161299.0,2063.0
3460,2021-01,2021,1,Yorkshire and the Humber,Flat,155131.0,566,137314.0,1678.0
3461,2021-02,2021,2,Yorkshire and the Humber,Detached,347797.0,766,314894.0,3606.0
3462,2021-02,2021,2,Yorkshire and the Humber,Semi-Detached,207474.0,1065,196654.0,2081.0
3463,2021-02,2021,2,Yorkshire and the Humber,Terraced,175345.0,715,156064.0,2168.0
3464,2021-02,2021,2,Yorkshire and the Humber,Flat,161218.0,875,151217.0,1570.0
3465,2021-03,2021,3,Yorkshire and the Humber,Detached,346151.0,735,321133.0,3495.0
3466,2021-03,2021,3,Yorkshire and the Humber,Semi-Detached,217156.0,977,199988.0,2879.0
3467,2021-03,2021,3,Yorkshire and the Humber,Terraced,186242.0,705,170697.0,1798.0
3468,2021-03,2021,3,Yorkshire and the Humber,Flat,162018.0,827,144889.0,2045.0
3469,2021-04,2021,4,Yorkshire and the Humber,Detached,344457.0,804,317284.0,4527.0
3470,2021-04,2021,4,Yorkshire and the Humber,Semi-Detached,218394.0,791,201228.0,2873.0
3471,2021-04,2021,4,Yorkshire and the Humber,Terraced,188589.0,851,175494.0,2369.0
3472,2021-04,2021,4,Yorkshire and the Humber,Flat,167685.0,983,148000.0,1598.0
3473,2021-05,2021,5,Yorkshire and the Humber,Detached,363122.0,1087,340045.0,3698.0
3474,2021-05,2021,5,Yorkshire and the Humber,Semi-Detached,228130.0,758,215080.0,3018.0
3475,2021-05,2021,5,Yorkshire and the Humber,Terraced,186532.0,831,173369.0,1699.0
3476,2021-05,2021,5,Yorkshire and the Humber,Flat,168554.0,691,153591.0,1962.0
3477,2021-06,2021,6,Yorkshire and the Humber,Detached,362133.0,472,328278.0,3727.0
3478,2021-06,2021,6,Yorkshire and the Humber,Semi-Detached,225979.0,1276,202243.0,2298.0
3479,2021-06,2021,6,Yorkshire and the Humber,Terraced,195777.0,857,172502.0,1867.0
3480,2021-06,2021,6,Yorkshire and the Humber,Flat,176978.0,880,156872.0,1963.0
3481,2021-07,2021,7,Yorkshire and the Humber,Detached,360120.0,1074,335656.0,3764.0
3482,2021-07,2021,7,Yorkshire and the Humber,Semi-Detached,227960.0,426,216126.0,2410.0
3483,2021-07,2021,7,Yorkshire and the Humber,Terraced,197429.0,634,182187.0,2116.0
3484,2021-07,2021,7,Yorkshire and the Humber,Flat,168988.0,1000,149523.0,1927.0
3485,2021-08,2021,8,Yorkshire and the Humber,Detached,367160.0,702,334643.0,4198.0
3486,2021-08,2021,8,Yorkshire and the Humber,Semi-Detached,230243.0,994,217081.0,3016.0
3487,2021-08,2021,8,Yorkshire and the Humber,Terraced,197755.0,872,187060.0,2412.0
3488,2021-08,2021,8,Yorkshire and the Humber,Flat,174107.0,683,158706.0,2010.0
3489,2021-09,2021,9,Yorkshire and the Humber,Detached,370411.0,981,336984.0,3450.0
3490,2021-09,2021,9,Yorkshire and the Humber,Semi-Detached,233137.0,904,206192.0,2267.0
3491,2021-09,2021,9,Yorkshire and the Humber,Terraced,193225.0,498,172254.0,2529.0
3492,2021-09,2021,9,Yorkshire and the Humber,Flat,174990.0,765,157019.0,2082.0
3493,2021-10,2021,10,Yorkshire and the Humber,Detached,368803.0,1013,343373.0,4837.0
3494,2021-10,2021,10,Yorkshire and the Humber,Semi-Detached,229151.0,454,204643.0,2893.0
3495,2021-10,2021,10,Yorkshire and the Humber,Terraced,195140.0,674,184813.0,2505.0
3496,2021-10,2021,10,Yorkshire and the Humber,Flat,173329.0,813,164398.0,1894.0
3497,2021-11,2021,11,Yorkshire and the Humber,Detached,369919.0,1076,344688.0,3768.0
3498,2021-11,2021,11,Yorkshire and the Humber,Semi-Detached,234853.0,1176,215450.0,2820.0
3499,2021-11,2021,11,Yorkshire and the Humber,Terraced,200721.0,763,180776.0,1947.0
3500,2021-11,2021,11,Yorkshire and the Humber,Flat,179070.0,874,159655.0,1832.0
3501,2021-12,2021,12,Yorkshire and the Humber,Detached,379484.0,754,336589.0,3874.0
3502,2021-12,2021,12,Yorkshire and the Humber,Semi-Detached,233833.0,1345,221391.0,2232.0
3503,2021-12,2021,12,Yorkshire and the Humber,Terraced,197355.0,604,185967.0,1813.0
3504,2021-12,2021,12,Yorkshire and the Humber,Flat,176791.0,645,162362.0,2259.0
3505,2022-01,2022,1,Yorkshire and the Humber,Detached,372797.0,1210,346420.0,4672.0
3506,2022-01,2022,1,Yorkshire and the Humber,Semi-Detached,238206.0,1187,224446.0,2626.0
3507,2022-01,2022,1,Yorkshire and the Humber,Terraced,204088.0,392,192924.0,2040.0
3508,2022-01,2022,1,Yorkshire and the Humber,Flat,174620.0,617,157229.0,1603.0
3509,2022-02,2022,2,Yorkshire and the Humber,Detached,385576.0,744,358404.0,3829.0
3510,2022-02,2022,2,Yorkshire and the Humber,Semi-Detached,239623.0,765,218733.0,3163.0
3511,2022-02,2022,2,Yorkshire and the Humber,Terraced,204732.0,1008,192399.0,1986.0
3512,2022-02,2022,2,Yorkshire and the Humber,Flat,178980.0,1033,163971.0,1976.0
3513,2022-03,2022,3,Yorkshire and the Humber,Detached,395391.0,1054,350856.0,4946.0
3514,2022-03,2022,3,Yorkshire and the Humber,Semi-Detached,248497.0,1056,227545.0,2663.0
3515,2022-03,2022,3,Yorkshire and the Humber,Terraced,212499.0,940,188261.0,2235.0
3516,2022-03,2022,3,Yorkshire and the Humber,Flat,183995.0,964,168693.0,2306.0
3517,2022-04,2022,4,Yorkshire and the Humber,Detached,398314.0,830,356198.0,5235.0
3518,2022-04,2022,4,Yorkshire and the Humber,Semi-Detached,248909.0,1047,227219.0,2312.0
3519,2022-04,2022,4,Yorkshire and the Humber,Terraced,213078.0,840,190853.0,2162.0
3520,2022-04,2022,4,Yorkshire and the Humber,Flat,189859.0,1063,174333.0,1749.0
3521,2022-05,2022,5,Yorkshire and the Humber,Detached,414160.0,950,382302.0,4802.0
3522,2022-05,2022,5,Yorkshire and the Humber,Semi-Detached,249300.0,648,221886.0,2830.0
3523,2022-05,2022,5,Yorkshire and the Humber,Terraced,219856.0,869,200517.0,2255.0
3524,2022-05,2022,5,Yorkshire and the Humber,Flat,193410.0,1088,180957.0,2303.0
3525,2022-06,2022,6,Yorkshire and the Humber,Detached,417195.0,807,369749.0,4218.0
3526,2022-06,2022,6,Yorkshire and the Humber,Semi-Detached,255350.0,1237,230678.0,3349.0
3527,2022-06,2022,6,Yorkshire and the Humber,Terraced,220692.0,853,203983.0,2527.0
3528,2022-06,2022,6,Yorkshire and the Humber,Flat,194267.0,759,180835.0,1817.0
3529,2022-07,2022,7,Yorkshire and the Humber,Detached,418973.0,943,381218.0,3931.0
3530,2022-07,2022,7,Yorkshire and the Humber,Semi-Detached,265026.0,748,234771.0,3112.0
3531,2022-07,2022,7,Yorkshire and the Humber,Terraced,226321.0,452,202668.0,2422.0
3532,2022-07,2022,7,Yorkshire and the Humber,Flat,195811.0,890,178952.0,2059.0
3533,2022-08,2022,8,Yorkshire and the Humber,Detached,409096.0,625,371748.0,3961.0
3534,2022-08,2022,8,Yorkshire and the Humber,Semi-Detached,254566.0,1223,234999.0,3048.0
3535,2022-08,2022,8,Yorkshire and the Humber,Terraced,224606.0,913,210253.0,2241.0
3536,2022-08,2022,8,Yorkshire and the Humber,Flat,197974.0,1041,185986.0,2011.0
3537,2022-09,2022,9,Yorkshire and the Humber,Detached,414153.0,598,379117.0,4554.0
3538,2022-09,2022,9,Yorkshire and the Humber,Semi-Detached,254458.0,872,238734.0,2636.0
3539,2022-09,2022,9,Yorkshire and the Humber,Terraced,221111.0,583,203070.0,2275.0
3540,2022-09,2022,9,Yorkshire and the Humber,Flat,194889.0,958,183757.0,1788.0
3541,2022-10,2022,10,Yorkshire and the Humber,Detached,345293.0,952,314189.0,4143.0
3542,2022-10,2022,10,Yorkshire and the Humber,Semi-Detached,211741.0,857,197622.0,2033.0
3543,2022-10,2022,10,Yorkshire and the Humber,Terraced,185033.0,834,168807.0,2159.0
3544,2022-10,2022,10,Yorkshire and the Humber,Flat,161473.0,668,146721.0,1472.0
3545,2022-11,2022,11,Yorkshire and the Humber,Detached,342175.0,679,304674.0,3837.0
3546,2022-11,2022,11,Yorkshire and the Humber,Semi-Detached,209873.0,1060,186127.0,2044.0
3547,2022-11,2022,11,Yorkshire and the Humber,Terraced,181530.0,1134,165065.0,2055.0
3548,2022-11,2022,11,Yorkshire and the Humber,Flat,163704.0,811,149955.0,1791.0
3549,2022-12,2022,12,Yorkshire and the Humber,Detached,346014.0,904,322677.0,4323.0
3550,2022-12,2022,12,Yorkshire and the Humber,Semi-Detached,211687.0,1093,196577.0,2396.0
3551,2022-12,2022,12,Yorkshire and the Humber,Terraced,177572.0,1046,156645.0,1893.0
3552,2022-12,2022,12,Yorkshire and the Humber,Flat,160862.0,946,152500.0,2016.0
3553,2023-01,2023,1,Yorkshire and the Humber,Detached,349193.0,621,321538.0,3622.0
3554,2023-01,2023,1,Yorkshire and the Humber,Semi-Detached,217407.0,1276,203048.0,2213.0
3555,2023-01,2023,1,Yorkshire and the Humber,Terraced,186845.0,708,174575.0,1724.0
3556,2023-01,2023,1,Yorkshire and the Humber,Flat,159607.0,813,143946.0,1926.0
3557,2023-02,2023,2,Yorkshire and the Humber,Detached,357188.0,827,314570.0,3491.0
3558,2023-02,2023,2,Yorkshire and the Humber,Semi-Detached,216388.0,722,196883.0,2495.0
3559,2023-02,2023,2,Yorkshire and the Humber,Terraced,186883.0,866,164759.0,1716.0
3560,2023-02,2023,2,Yorkshire and the Humber,Flat,162864.0,947,151989.0,1838.0
3561,2023-03,2023,3,Yorkshire and the Humber,Detached,354431.0,888,319819.0,3945.0
3562,2023-03,2023,3,Yorkshire and the Humber,Semi-Detached,211122.0,1342,193519.0,2408.0
3563,2023-03,2023,3,Yorkshire and the Humber,Terraced,184334.0,692,168868.0,1823.0
3564,2023-03,2023,3,Yorkshire and the Humber,Flat,159086.0,741,144224.0,1816.0
3565,2023-04,2023,4,Yorkshire and the Humber,Detached,356530.0,705,321836.0,3852.0
3566,2023-04,2023,4,Yorkshire and the Humber,Semi-Detached,214295.0,1198,199361.0,2276.0
3567,2023-04,2023,4,Yorkshire and the Humber,Terraced,189568.0,753,170051.0,1790.0
3568,2023-04,2023,4,Yorkshire and the Humber,Flat,169017.0,1029,159088.0,1631.0
3569,2023-05,2023,5,Yorkshire and the Humber,Detached,358455.0,1111,316998.0,4587.0
3570,2023-05,2023,5,Yorkshire and the Humber,Semi-Detached,214795.0,1159,189037.0,2530.0
3571,2023-05,2023,5,Yorkshire and the Humber,Terraced,187328.0,1151,175040.0,2021.0
3572,2023-05,2023,5,Yorkshire and the Humber,Flat,170442.0,1156,155938.0,1770.0
3573,2023-06,2023,6,Yorkshire and the Humber,Detached,351453.0,973,318754.0,4678.0
3574,2023-06,2023,6,Yorkshire and the Humber,Semi-Detached,219198.0,1062,200630.0,2125.0
3575,2023-06,2023,6,Yorkshire and the Humber,Terraced,182550.0,873,170690.0,2162.0
3576,2023-06,2023,6,Yorkshire and the Humber,Flat,167002.0,1094,148949.0,1565.0
3577,2023-07,2023,7,Yorkshire and the Humber,Detached,359090.0,666,327168.0,3662.0
3578,2023-07,2023,7,Yorkshire and the Humber,Semi-Detached,223483.0,1507,206583.0,2828.0
3579,2023-07,2023,7,Yorkshire and the Humber,Terraced,186150.0,943,172358.0,2314.0
3580,2023-07,2023,7,Yorkshire and the Humber,Flat,167880.0,662,151024.0,2023.0
3581,2023-08,2023,8,Yorkshire and the Humber,Detached,348397.0,1030,320380.0,4202.0
3582,2023-08,2023,8,Yorkshire and the Humber,Semi-Detached,212244.0,1203,189803.0,2458.0
3583,2023-08,2023,8,Yorkshire and the Humber,Terraced,185852.0,682,168222.0,2025.0
3584,2023-08,2023,8,Yorkshire and the Humber,Flat,164344.0,964,147165.0,1776.0
3585,2023-09,2023,9,Yorkshire and the Humber,Detached,344992.0,709,322414.0,4145.0
3586,2023-09,2023,9,Yorkshire and the Humber,Semi-Detached,225350.0,1186,212168.0,2200.0
3587,2023-09,2023,9,Yorkshire and the Humber,Terraced,186210.0,854,168813.0,1913.0
3588,2023-09,2023,9,Yorkshire and the Humber,Flat,163220.0,1004,144385.0,1605.0
3589,2023-10,2023,10,Yorkshire and the Humber,Detached,348212.0,1023,313541.0,3779.0
3590,2023-10,2023,10,Yorkshire and the Humber,Semi-Detached,215142.0,782,192997.0,2467.0
3591,2023-10,2023,10,Yorkshire and the Humber,Terraced,181759.0,680,160922.0,1696.0
3592,2023-10,2023,10,Yorkshire and the Humber,Flat,155771.0,940,142913.0,1606.0
3593,2023-11,2023,11,Yorkshire and the Humber,Detached,339738.0,715,300910.0,3699.0
3594,2023-11,2023,11,Yorkshire and the Humber,Semi-Detached,212798.0,1477,193799.0,1976.0
3595,2023-11,2023,11,Yorkshire and the Humber,Terraced,176605.0,1180,166495.0,2204.0
3596,2023-11,2023,11,Yorkshire and the Humber,Flat,160198.0,728,142540.0,1724.0
3597,2023-12,2023,12,Yorkshire and the Humber,Detached,334891.0,443,317736.0,4161.0
3598,2023-12,2023,12,Yorkshire and the Humber,Semi-Detached,208811.0,1064,188409.0,2234.0
3599,2023-12,2023,12,Yorkshire and the Humber,Terraced,179611.0,912,158874.0,2028.0
3600,2023-12,2023,12,Yorkshire and the Humber,Flat,157825.0,691,145715.0,2040.0
3601,2024-01,2024,1,Yorkshire and the Humber,Detached,340547.0,736,323174.0,3877.0
3602,2024-01,2024,1,Yorkshire and the Humber,Semi-Detached,215076.0,861,196419.0,2428.0
3603,2024-01,2024,1,Yorkshire and the Humber,Terraced,185971.0,963,172642.0,2322.0
3604,2024-01,2024,1,Yorkshire and the Humber,Flat,160720.0,981,149309.0,2004.0
3605,2024-02,2024,2,Yorkshire and the Humber,Detached,339737.0,949,309768.0,3637.0
3606,2024-02,2024,2,Yorkshire and the Humber,Semi-Detached,213980.0,588,195491.0,2225.0
3607,2024-02,2024,2,Yorkshire and the Humber,Terraced,183613.0,792,164672.0,2171.0
3608,2024-02,2024,2,Yorkshire and the Humber,Flat,164029.0,991,150150.0,1652.0
3609,2024-03,2024,3,Yorkshire and the Humber,Detached,344565.0,742,305032.0,3662.0
3610,2024-03,2024,3,Yorkshire and the Humber,Semi-Detached,212840.0,1154,198315.0,2266.0
3611,2024-03,2024,3,Yorkshire and the Humber,Terraced,184255.0,792,169383.0,1922.0
3612,2024-03,2024,3,Yorkshire and the Humber,Flat,164005.0,1030,146451.0,1737.0
3613,2024-04,2024,4,Yorkshire and the Humber,Detached,351277.0,854,330859.0,3785.0
3614,2024-04,2024,4,Yorkshire and the Humber,Semi-Detached,213969.0,1465,195305.0,2005.0
3615,2024-04,2024,4,Yorkshire and the Humber,Terraced,184817.0,896,169348.0,1807.0
3616,2024-04,2024,4,Yorkshire and the Humber,Flat,163791.0,803,149361.0,1638.0
3617,2024-05,2024,5,Yorkshire and the Humber,Detached,360347.0,829,327489.0,4574.0
3618,2024-05,2024,5,Yorkshire and the Humber,Semi-Detached,224138.0,1425,211696.0,2674.0
3619,2024-05,2024,5,Yorkshire and the Humber,Terraced,185422.0,602,172137.0,1707.0
3620,2024-05,2024,5,Yorkshire and the Humber,Flat,164259.0,1056,150912.0,2103.0
3621,2024-06,2024,6,Yorkshire and the Humber,Detached,361853.0,1103,335185.0,3399.0
3622,2024-06,2024,6,Yorkshire and the Humber,Semi-Detached,226132.0,1215,213673.0,2062.0
3623,2024-06,2024,6,Yorkshire and the Humber,Terraced,187661.0,838,171173.0,1830.0
3624,2024-06,2024,6,Yorkshire and the Humber,Flat,168246.0,751,153959.0,1914.0
3625,2024-07,2024,7,Yorkshire and the Humber,Detached,384222.0,569,355659.0,4063.0
3626,2024-07,2024,7,Yorkshire and the Humber,Semi-Detached,238802.0,1399,214680.0,2323.0
3627,2024-07,2024,7,Yorkshire and the Humber,Terraced,201551.0,683,188404.0,2020.0
3628,2024-07,2024,7,Yorkshire and the Humber,Flat,180241.0,780,169190.0,1764.0
3629,2024-08,2024,8,Yorkshire and the Humber,Detached,392551.0,543,348856.0,4233.0
3630,2024-08,2024,8,Yorkshire and the Humber,Semi-Detached,240906.0,981,213260.0,2629.0
3631,2024-08,2024,8,Yorkshire and the Humber,Terraced,200355.0,381,176948.0,2286.0
3632,2024-08,2024,8,Yorkshire and the Humber,Flat,178985.0,1064,166467.0,2035.0
3633,2024-09,2024,9,Yorkshire and the Humber,Detached,377162.0,818,356960.0,3440.0
3634,2024-09,2024,9,Yorkshire and the Humber,Semi-Detached,241376.0,282,223309.0,2556.0
3635,2024-09,2024,9,Yorkshire and the Humber,Terraced,201935.0,980,188252.0,2186.0
3636,2024-09,2024,9,Yorkshire and the Humber,Flat,183008.0,1229,166885.0,2011.0
3637,2024-10,2024,10,Yorkshire and the Humber,Detached,389465.0,790,350328.0,4175.0
3638,2024-10,2024,10,Yorkshire and the Humber,Semi-Detached,235986.0,963,223498.0,2249.0
3639,2024-10,2024,10,Yorkshire and the Humber,Terraced,203513.0,720,184043.0,1853.0
3640,2024-10,2024,10,Yorkshire and the Humber,Flat,176227.0,643,162085.0,1691.0
3641,2024-11,2024,11,Yorkshire and the Humber,Detached,379016.0,209,359357.0,3456.0
3642,2024-11,2024,11,Yorkshire and the Humber,Semi-Detached,238238.0,814,218091.0,2547.0
3643,2024-11,2024,11,Yorkshire and the Humber,Terraced,205172.0,1347,180821.0,2054.0
3644,2024-11,2024,11,Yorkshire and the Humber,Flat,181628.0,674,167083.0,1914.0
3645,2024-12,2024,12,Yorkshire and the Humber,Detached,381025.0,850,352012.0,4492.0
3646,2024-12,2024,12,Yorkshire and the Humber,Semi-Detached,245811.0,1050,228455.0,3105.0
3647,2024-12,2024,12,Yorkshire and the Humber,Terraced,205460.0,816,183060.0,1960.0
3648,2024-12,2024,12,Yorkshire and the Humber,Flat,182852.0,947,164519.0,2149.0
3649,2025-01,2025,1,Yorkshire and the Humber,Detached,389501.0,829,346164.0,3786.0
3650,2025-01,2025,1,Yorkshire and the Humber,Semi-Detached,238454.0,1268,222940.0,3021.0
3651,2025-01,2025,1,Yorkshire and the Humber,Terraced,205683.0,1063,187010.0,1886.0
3652,2025-01,2025,1,Yorkshire and the Humber,Flat,179040.0,885,168395.0,1909.0
3653,2025-02,2025,2,Yorkshire and the Humber,Detached,382536.0,534,345814.0,4426.0
3654,2025-02,2025,2,Yorkshire and the Humber,Semi-Detached,244659.0,674,230720.0,2853.0
3655,2025-02,2025,2,Yorkshire and the Humber,Terraced,207408.0,722,193288.0,1928.0
3656,2025-02,2025,2,Yorkshire and the Humber,Flat,181258.0,757,166377.0,1878.0
3657,2025-03,2025,3,Yorkshire and the Humber,Detached,397254.0,783,367883.0,4407.0
3658,2025-03,2025,3,Yorkshire and the Humber,Semi-Detached,245150.0,904,221457.0,2863.0
3659,2025-03,2025,3,Yorkshire and the Humber,Terraced,218747.0,731,202734.0,2092.0
3660,2025-03,2025,3,Yorkshire and the Humber,Flat,187432.0,716,177887.0,2225.0
3661,2025-04,2025,4,Yorkshire and the Humber,Detached,396462.0,617,369383.0,4649.0
3662,2025-04,2025,4,Yorkshire and the Humber,Semi-Detached,242152.0,1460,215090.0,2798.0
3663,2025-04,2025,4,Yorkshire and the Humber,Terraced,213981.0,1097,190098.0,2651.0
3664,2025-04,2025,4,Yorkshire and the Humber,Flat,189866.0,900,171726.0,1981.0
3665,2025-05,2025,5,Yorkshire and the Humber,Detached,395710.0,1044,367847.0,3805.0
3666,2025-05,2025,5,Yorkshire and the Humber,Semi-Detached,249304.0,815,236348.0,2490.0
3667,2025-05,2025,5,Yorkshire and the Humber,Terraced,211258.0,1058,187060.0,2227.0
3668,2025-05,2025,5,Yorkshire and the Humber,Flat,185872.0,737,166638.0,2188.0
3669,2025-06,2025,6,Yorkshire and the Humber,Detached,406569.0,631,364680.0,4799.0
3670,2025-06,2025,6,Yorkshire and the Humber,Semi-Detached,252724.0,1285,229334.0,2519.0
3671,2025-06,2025,6,Yorkshire and the Humber,Terraced,222003.0,599,200314.0,2176.0
3672,2025-06,2025,6,Yorkshire and the Humber,Flat,187286.0,651,177364.0,2057.0
3673,2025-07,2025,7,Yorkshire and the Humber,Detached,401722.0,602,378240.0,4979.0
3674,2025-07,2025,7,Yorkshire and the Humber,Semi-Detached,251180.0,1011,231711.0,3167.0
3675,2025-07,2025,7,Yorkshire and the Humber,Terraced,215797.0,1252,202723.0,2599.0
3676,2025-07,2025,7,Yorkshire and the Humber,Flat,189566.0,688,175798.0,2105.0
3677,2025-08,2025,8,Yorkshire and the Humber,Detached,409036.0,675,366187.0,5039.0
3678,2025-08,2025,8,Yorkshire and the Humber,Semi-Detached,259569.0,710,232673.0,3188.0
3679,2025-08,2025,8,Yorkshire and the Humber,Terraced,216132.0,745,196681.0,2598.0
3680,2025-08,2025,8,Yorkshire and the Humber,Flat,190464.0,674,178118.0,1904.0
3681,2025-09,2025,9,Yorkshire and the Humber,Detached,405058.0,367,366538.0,3877.0
3682,2025-09,2025,9,Yorkshire and the Humber,Semi-Detached,250695.0,848,222192.0,2282.0
3683,2025-09,2025,9,Yorkshire and the Humber,Terraced,221772.0,1163,201474.0,2355.0
3684,2025-09,2025,9,Yorkshire and the Humber,Flat,190544.0,642,178245.0,2469.0
3685,2025-10,2025,10,Yorkshire and the Humber,Detached,399861.0,702,366270.0,4482.0
3686,2025-10,2025,10,Yorkshire and the Humber,Semi-Detached,252846.0,1456,226708.0,3004.0
3687,2025-10,2025,10,Yorkshire and the Humber,Terraced,204611.0,741,184229.0,1981.0
3688,2025-10,2025,10,Yorkshire and the Humber,Flat,194148.0,748,173423.0,2073.0
3689,2025-11,2025,11,Yorkshire and the Humber,Detached,390637.0,938,353446.0,3934.0
3690,2025-11,2025,11,Yorkshire and the Humber,Semi-Detached,254353.0,1081,226473.0,2575.0
3691,2025-11,2025,11,Yorkshire and the Humber,Terraced,215684.0,321,190663.0,2442.0
3692,2025-11,2025,11,Yorkshire and the Humber,Flat,189696.0,952,172175.0,2108.0
3693,2025-12,2025,12,Yorkshire and the Humber,Detached,395753.0,1278,352934.0,5231.0
3694,2025-12,2025,12,Yorkshire and the Humber,Semi-Detached,254334.0,1089,225708.0,3087.0
3695,2025-12,2025,12,Yorkshire and the Humber,Terraced,217610.0,701,195598.0,2055.0
3696,2025-12,2025,12,Yorkshire and the Humber,Flat,194197.0,948,175891.0,1897.0
3697,2015-01,2015,1,North West,Detached,229601.0,822,211244.0,2886.0
3698,2015-01,2015,1,North West,Semi-Detached,147712.0,1153,136775.0,1618.0
3699,2015-01,2015,1,North West,Terraced,123506.0,541,114028.0,1298.0
3700,2015-01,2015,1,North West,Flat,110499.0,482,100387.0,1162.0
3701,2015-02,2015,2,North West,Detached,224344.0,702,209373.0,2397.0
3702,2015-02,2015,2,North West,Semi-Detached,143278.0,881,134959.0,1413.0
3703,2015-02,2015,2,North West,Terraced,122934.0,764,108841.0,1132.0
3704,2015-02,2015,2,North West,Flat,104598.0,616,95993.0,1017.0
3705,2015-03,2015,3,North West,Detached,237468.0,573,209762.0,2437.0
3706,2015-03,2015,3,North West,Semi-Detached,145476.0,1066,133509.0,1775.0
3707,2015-03,2015,3,North West,Terraced,123725.0,534,112677.0,1201.0
3708,2015-03,2015,3,North West,Flat,109749.0,565,102140.0,1346.0
3709,2015-04,2015,4,North West,Detached,236154.0,1141,215316.0,2253.0
3710,2015-04,2015,4,North West,Semi-Detached,149512.0,937,131763.0,1589.0
3711,2015-04,2015,4,North West,Terraced,127181.0,1086,118690.0,1267.0
3712,2015-04,2015,4,North West,Flat,112479.0,910,104066.0,1263.0
3713,2015-05,2015,5,North West,Detached,241418.0,725,218228.0,2244.0
3714,2015-05,2015,5,North West,Semi-Detached,152808.0,714,141570.0,1393.0
3715,2015-05,2015,5,North West,Terraced,129295.0,910,115662.0,1224.0
3716,2015-05,2015,5,North West,Flat,114799.0,998,103674.0,1488.0
3717,2015-06,2015,6,North West,Detached,234594.0,763,218188.0,2162.0
3718,2015-06,2015,6,North West,Semi-Detached,152119.0,1128,138689.0,1491.0
3719,2015-06,2015,6,North West,Terraced,128915.0,958,118028.0,1330.0
3720,2015-06,2015,6,North West,Flat,111155.0,969,104115.0,1027.0
3721,2015-07,2015,7,North West,Detached,243360.0,968,223477.0,2299.0
3722,2015-07,2015,7,North West,Semi-Detached,155656.0,858,146180.0,1579.0
3723,2015-07,2015,7,North West,Terraced,129755.0,866,121661.0,1300.0
3724,2015-07,2015,7,North West,Flat,113976.0,875,107392.0,1268.0
3725,2015-08,2015,8,North West,Detached,234770.0,381,207950.0,2210.0
3726,2015-08,2015,8,North West,Semi-Detached,153229.0,1172,137016.0,1558.0
3727,2015-08,2015,8,North West,Terraced,128773.0,855,120809.0,1194.0
3728,2015-08,2015,8,North West,Flat,109709.0,1084,96978.0,1111.0
3729,2015-09,2015,9,North West,Detached,232546.0,918,218077.0,2562.0
3730,2015-09,2015,9,North West,Semi-Detached,150460.0,680,136327.0,1907.0
3731,2015-09,2015,9,North West,Terraced,126250.0,813,112230.0,1445.0
3732,2015-09,2015,9,North West,Flat,113129.0,1137,99834.0,1045.0
3733,2015-10,2015,10,North West,Detached,244265.0,648,217309.0,3195.0
3734,2015-10,2015,10,North West,Semi-Detached,155709.0,663,138243.0,1811.0
3735,2015-10,2015,10,North West,Terraced,127235.0,743,116474.0,1632.0
3736,2015-10,2015,10,North West,Flat,114300.0,675,102567.0,1459.0
3737,2015-11,2015,11,North West,Detached,240256.0,964,226089.0,2203.0
3738,2015-11,2015,11,North West,Semi-Detached,151817.0,1188,137483.0,1866.0
3739,2015-11,2015,11,North West,Terraced,130584.0,1152,119439.0,1449.0
3740,2015-11,2015,11,North West,Flat,112435.0,826,101831.0,1111.0
3741,2015-12,2015,12,North West,Detached,236780.0,754,214027.0,2759.0
3742,2015-12,2015,12,North West,Semi-Detached,145196.0,1322,128311.0,1649.0
3743,2015-12,2015,12,North West,Terraced,123417.0,1039,114046.0,1258.0
3744,2015-12,2015,12,North West,Flat,111262.0,857,101279.0,1377.0
3745,2016-01,2016,1,North West,Detached,233841.0,1011,216761.0,2324.0
3746,2016-01,2016,1,North West,Semi-Detached,148697.0,1184,137954.0,1645.0
3747,2016-01,2016,1,North West,Terraced,128899.0,808,115261.0,1512.0
3748,2016-01,2016,1,North West,Flat,113209.0,895,101040.0,1454.0
3749,2016-02,2016,2,North West,Detached,241489.0,512,223670.0,2790.0
3750,2016-02,2016,2,North West,Semi-Detached,151334.0,951,133870.0,1492.0
3751,2016-02,2016,2,North West,Terraced,132652.0,575,118827.0,1590.0
3752,2016-02,2016,2,North West,Flat,117334.0,1198,109568.0,1156.0
3753,2016-03,2016,3,North West,Detached,253135.0,853,240304.0,2442.0
3754,2016-03,2016,3,North West,Semi-Detached,155686.0,1012,143236.0,1553.0
3755,2016-03,2016,3,North West,Terraced,130136.0,1090,117094.0,1598.0
3756,2016-03,2016,3,North West,Flat,115731.0,820,107422.0,1339.0
3757,2016-04,2016,4,North West,Detached,246789.0,827,218890.0,2479.0
3758,2016-04,2016,4,North West,Semi-Detached,158898.0,749,149082.0,1516.0
3759,2016-04,2016,4,North West,Terraced,132079.0,540,123015.0,1294.0
3760,2016-04,2016,4,North West,Flat,115454.0,941,103155.0,1207.0
3761,2016-05,2016,5,North West,Detached,255179.0,861,229911.0,3157.0
3762,2016-05,2016,5,North West,Semi-Detached,155482.0,924,143275.0,1776.0
3763,2016-05,2016,5,North West,Terraced,131597.0,994,116713.0,1391.0
3764,2016-05,2016,5,North West,Flat,115361.0,747,102908.0,1491.0
3765,2016-06,2016,6,North West,Detached,248019.0,1200,232685.0,3161.0
3766,2016-06,2016,6,North West,Semi-Detached,154983.0,829,144694.0,1808.0
3767,2016-06,2016,6,North West,Terraced,129325.0,647,114532.0,1199.0
3768,2016-06,2016,6,North West,Flat,119549.0,848,110713.0,1285.0
3769,2016-07,2016,7,North West,Detached,248610.0,743,229725.0,2428.0
3770,2016-07,2016,7,North West,Semi-Detached,154375.0,1332,137460.0,1772.0
3771,2016-07,2016,7,North West,Terraced,135921.0,789,127761.0,1441.0
3772,2016-07,2016,7,North West,Flat,116245.0,766,109797.0,1281.0
3773,2016-08,2016,8,North West,Detached,248353.0,360,233059.0,2532.0
3774,2016-08,2016,8,North West,Semi-Detached,157841.0,873,145929.0,1935.0
3775,2016-08,2016,8,North West,Terraced,133555.0,774,121452.0,1364.0
3776,2016-08,2016,8,North West,Flat,120724.0,806,110287.0,1419.0
3777,2016-09,2016,9,North West,Detached,250150.0,505,236498.0,2431.0
3778,2016-09,2016,9,North West,Semi-Detached,156817.0,817,140602.0,1580.0
3779,2016-09,2016,9,North West,Terraced,134610.0,658,120878.0,1570.0
3780,2016-09,2016,9,North West,Flat,119242.0,564,105803.0,1207.0
3781,2016-10,2016,10,North West,Detached,249717.0,1105,226111.0,2771.0
3782,2016-10,2016,10,North West,Semi-Detached,157127.0,1011,146720.0,1910.0
3783,2016-10,2016,10,North West,Terraced,134322.0,358,123967.0,1470.0
3784,2016-10,2016,10,North West,Flat,118070.0,935,108077.0,1125.0
3785,2016-11,2016,11,North West,Detached,252897.0,907,236220.0,2354.0
3786,2016-11,2016,11,North West,Semi-Detached,155621.0,1084,138522.0,1680.0
3787,2016-11,2016,11,North West,Terraced,131747.0,641,118914.0,1628.0
3788,2016-11,2016,11,North West,Flat,116785.0,767,105501.0,1119.0
3789,2016-12,2016,12,North West,Detached,255129.0,987,235872.0,2360.0
3790,2016-12,2016,12,North West,Semi-Detached,157073.0,1348,145508.0,1608.0
3791,2016-12,2016,12,North West,Terraced,132959.0,910,120525.0,1308.0
3792,2016-12,2016,12,North West,Flat,116684.0,803,108695.0,1160.0
3793,2017-01,2017,1,North West,Detached,248697.0,849,225390.0,2847.0
3794,2017-01,2017,1,North West,Semi-Detached,156844.0,1124,148849.0,1640.0
3795,2017-01,2017,1,North West,Terraced,137939.0,1036,126114.0,1267.0
3796,2017-01,2017,1,North West,Flat,116513.0,913,108313.0,1072.0
3797,2017-02,2017,2,North West,Detached,253412.0,828,233600.0,2559.0
3798,2017-02,2017,2,North West,Semi-Detached,159129.0,691,146700.0,1806.0
3799,2017-02,2017,2,North West,Terraced,134345.0,734,127070.0,1327.0
3800,2017-02,2017,2,North West,Flat,122646.0,477,111815.0,1200.0
3801,2017-03,2017,3,North West,Detached,257483.0,655,232515.0,2846.0
3802,2017-03,2017,3,North West,Semi-Detached,162594.0,982,144872.0,1719.0
3803,2017-03,2017,3,North West,Terraced,134503.0,702,126565.0,1651.0
3804,2017-03,2017,3,North West,Flat,121476.0,936,110885.0,1314.0
3805,2017-04,2017,4,North West,Detached,262497.0,739,242336.0,3292.0
3806,2017-04,2017,4,North West,Semi-Detached,166330.0,916,152987.0,2111.0
3807,2017-04,2017,4,North West,Terraced,136153.0,667,124746.0,1303.0
3808,2017-04,2017,4,North West,Flat,119135.0,440,112389.0,1252.0
3809,2017-05,2017,5,North West,Detached,265047.0,1066,240604.0,2417.0
3810,2017-05,2017,5,North West,Semi-Detached,169204.0,1126,155264.0,1856.0
3811,2017-05,2017,5,North West,Terraced,140926.0,684,131650.0,1551.0
3812,2017-05,2017,5,North West,Flat,121680.0,1241,111481.0,1147.0
3813,2017-06,2017,6,North West,Detached,264067.0,1095,245934.0,2961.0
3814,2017-06,2017,6,North West,Semi-Detached,170917.0,1199,156966.0,1821.0
3815,2017-06,2017,6,North West,Terraced,142130.0,638,130504.0,1559.0
3816,2017-06,2017,6,North West,Flat,124910.0,1027,116192.0,1406.0
3817,2017-07,2017,7,North West,Detached,262577.0,758,239537.0,2421.0
3818,2017-07,2017,7,North West,Semi-Detached,165765.0,1203,148529.0,2029.0
3819,2017-07,2017,7,North West,Terraced,141413.0,1208,124882.0,1709.0
3820,2017-07,2017,7,North West,Flat,125747.0,403,116930.0,1354.0
3821,2017-08,2017,8,North West,Detached,271561.0,615,253800.0,2498.0
3822,2017-08,2017,8,North West,Semi-Detached,173210.0,1031,156485.0,1754.0
3823,2017-08,2017,8,North West,Terraced,136964.0,518,128730.0,1784.0
3824,2017-08,2017,8,North West,Flat,119248.0,1222,107958.0,1086.0
3825,2017-09,2017,9,North West,Detached,264290.0,890,247009.0,2710.0
3826,2017-09,2017,9,North West,Semi-Detached,167980.0,964,149455.0,1587.0
3827,2017-09,2017,9,North West,Terraced,140500.0,965,130055.0,1515.0
3828,2017-09,2017,9,North West,Flat,127140.0,712,113102.0,1267.0
3829,2017-10,2017,10,North West,Detached,267076.0,633,247969.0,2932.0
3830,2017-10,2017,10,North West,Semi-Detached,164683.0,832,148611.0,1655.0
3831,2017-10,2017,10,North West,Terraced,139373.0,915,129665.0,1416.0
3832,2017-10,2017,10,North West,Flat,122875.0,919,109486.0,1476.0
3833,2017-11,2017,11,North West,Detached,266526.0,855,235636.0,3535.0
3834,2017-11,2017,11,North West,Semi-Detached,168355.0,761,152090.0,1788.0
3835,2017-11,2017,11,North West,Terraced,144838.0,855,130754.0,1491.0
3836,2017-11,2017,11,North West,Flat,124512.0,728,117684.0,1331.0
3837,2017-12,2017,12,North West,Detached,261720.0,1130,244498.0,2720.0
3838,2017-12,2017,12,North West,Semi-Detached,169583.0,1036,153709.0,2051.0
3839,2017-12,2017,12,North West,Terraced,145672.0,1077,132669.0,1583.0
3840,2017-12,2017,12,North West,Flat,125140.0,742,118669.0,1246.0
3841,2018-01,2018,1,North West,Detached,270543.0,975,243659.0,2870.0
3842,2018-01,2018,1,North West,Semi-Detached,170251.0,951,159679.0,1635.0
3843,2018-01,2018,1,North West,Terraced,147524.0,871,134861.0,1670.0
3844,2018-01,2018,1,North West,Flat,126603.0,792,113594.0,1365.0
3845,2018-02,2018,2,North West,Detached,275794.0,639,249184.0,3278.0
3846,2018-02,2018,2,North West,Semi-Detached,172660.0,1367,162083.0,1700.0
3847,2018-02,2018,2,North West,Terraced,146609.0,820,130983.0,1357.0
3848,2018-02,2018,2,North West,Flat,129793.0,316,115333.0,1382.0
3849,2018-03,2018,3,North West,Detached,276492.0,806,262009.0,2557.0
3850,2018-03,2018,3,North West,Semi-Detached,169280.0,1304,151057.0,1688.0
3851,2018-03,2018,3,North West,Terraced,148596.0,645,131942.0,1886.0
3852,2018-03,2018,3,North West,Flat,130328.0,661,118956.0,1490.0
3853,2018-04,2018,4,North West,Detached,286532.0,887,265882.0,3080.0
3854,2018-04,2018,4,North West,Semi-Detached,168273.0,828,158232.0,1944.0
3855,2018-04,2018,4,North West,Terraced,150172.0,626,135933.0,1435.0
3856,2018-04,2018,4,North West,Flat,133164.0,593,117605.0,1505.0
3857,2018-05,2018,5,North West,Detached,280790.0,791,263307.0,2822.0
3858,2018-05,2018,5,North West,Semi-Detached,178225.0,1094,163519.0,2358.0
3859,2018-05,2018,5,North West,Terraced,149405.0,849,141162.0,1451.0
3860,2018-05,2018,5,North West,Flat,132368.0,803,124336.0,1259.0
3861,2018-06,2018,6,North West,Detached,282546.0,836,258530.0,2663.0
3862,2018-06,2018,6,North West,Semi-Detached,170282.0,946,160771.0,1922.0
3863,2018-06,2018,6,North West,Terraced,144000.0,808,133401.0,1311.0
3864,2018-06,2018,6,North West,Flat,132141.0,667,116752.0,1400.0
3865,2018-07,2018,7,North West,Detached,280275.0,657,251030.0,3312.0
3866,2018-07,2018,7,North West,Semi-Detached,178059.0,1499,156911.0,2133.0
3867,2018-07,2018,7,North West,Terraced,151973.0,427,143142.0,1482.0
3868,2018-07,2018,7,North West,Flat,130672.0,501,121401.0,1250.0
3869,2018-08,2018,8,North West,Detached,291281.0,890,271601.0,3066.0
3870,2018-08,2018,8,North West,Semi-Detached,181367.0,821,162228.0,1773.0
3871,2018-08,2018,8,North West,Terraced,152803.0,895,139525.0,1869.0
3872,2018-08,2018,8,North West,Flat,134347.0,712,126560.0,1374.0
3873,2018-09,2018,9,North West,Detached,283214.0,1076,263827.0,2601.0
3874,2018-09,2018,9,North West,Semi-Detached,177667.0,1092,164952.0,1674.0
3875,2018-09,2018,9,North West,Terraced,147797.0,1056,134482.0,1646.0
3876,2018-09,2018,9,North West,Flat,132404.0,947,125652.0,1577.0
3877,2018-10,2018,10,North West,Detached,282172.0,822,253294.0,3642.0
3878,2018-10,2018,10,North West,Semi-Detached,172935.0,1035,155352.0,2178.0
3879,2018-10,2018,10,North West,Terraced,148205.0,754,140317.0,1749.0
3880,2018-10,2018,10,North West,Flat,133225.0,774,123555.0,1379.0
3881,2018-11,2018,11,North West,Detached,285104.0,865,268653.0,3041.0
3882,2018-11,2018,11,North West,Semi-Detached,179067.0,1199,164366.0,1678.0
3883,2018-11,2018,11,North West,Terraced,149446.0,778,141427.0,1785.0
3884,2018-11,2018,11,North West,Flat,131632.0,833,121798.0,1248.0
3885,2018-12,2018,12,North West,Detached,286354.0,1054,271681.0,2893.0
3886,2018-12,2018,12,North West,Semi-Detached,176977.0,749,160508.0,1728.0
3887,2018-12,2018,12,North West,Terraced,149208.0,440,134173.0,1566.0
3888,2018-12,2018,12,North West,Flat,131535.0,917,117919.0,1280.0
3889,2019-01,2019,1,North West,Detached,279698.0,690,263527.0,2618.0
3890,2019-01,2019,1,North West,Semi-Detached,177837.0,909,156560.0,1991.0
3891,2019-01,2019,1,North West,Terraced,150009.0,507,140794.0,1499.0
3892,2019-01,2019,1,North West,Flat,135105.0,1058,127787.0,1726.0
3893,2019-02,2019,2,North West,Detached,283341.0,421,259217.0,3015.0
3894,2019-02,2019,2,North West,Semi-Detached,180819.0,718,167286.0,1899.0
3895,2019-02,2019,2,North West,Terraced,151202.0,597,136828.0,1640.0
3896,2019-02,2019,2,North West,Flat,133458.0,964,117574.0,1477.0
3897,2019-03,2019,3,North West,Detached,293691.0,468,268010.0,3100.0
3898,2019-03,2019,3,North West,Semi-Detached,182151.0,1017,164813.0,1761.0
3899,2019-03,2019,3,North West,Terraced,159126.0,841,145123.0,2056.0
3900,2019-03,2019,3,North West,Flat,136427.0,744,122448.0,1561.0
3901,2019-04,2019,4,North West,Detached,293515.0,1143,258881.0,3039.0
3902,2019-04,2019,4,North West,Semi-Detached,185637.0,998,169852.0,1860.0
3903,2019-04,2019,4,North West,Terraced,157666.0,649,146703.0,1478.0
3904,2019-04,2019,4,North West,Flat,137553.0,699,127586.0,1756.0
3905,2019-05,2019,5,North West,Detached,297120.0,857,262648.0,2968.0
3906,2019-05,2019,5,North West,Semi-Detached,185949.0,1044,176272.0,2338.0
3907,2019-05,2019,5,North West,Terraced,164547.0,862,147785.0,1544.0
3908,2019-05,2019,5,North West,Flat,140892.0,1058,127820.0,1345.0
3909,2019-06,2019,6,North West,Detached,293405.0,873,271539.0,3591.0
3910,2019-06,2019,6,North West,Semi-Detached,182724.0,957,161079.0,2217.0
3911,2019-06,2019,6,North West,Terraced,154752.0,1364,141614.0,1850.0
3912,2019-06,2019,6,North West,Flat,141936.0,1007,128460.0,1341.0
3913,2019-07,2019,7,North West,Detached,306004.0,842,271922.0,3474.0
3914,2019-07,2019,7,North West,Semi-Detached,189349.0,1361,178030.0,2370.0
3915,2019-07,2019,7,North West,Terraced,163524.0,623,148361.0,2165.0
3916,2019-07,2019,7,North West,Flat,141174.0,812,132631.0,1831.0
3917,2019-08,2019,8,North West,Detached,297359.0,630,269725.0,2884.0
3918,2019-08,2019,8,North West,Semi-Detached,184395.0,913,163106.0,2371.0
3919,2019-08,2019,8,North West,Terraced,158972.0,1110,147976.0,1608.0
3920,2019-08,2019,8,North West,Flat,142701.0,989,129353.0,1836.0
3921,2019-09,2019,9,North West,Detached,294853.0,936,266609.0,2987.0
3922,2019-09,2019,9,North West,Semi-Detached,185240.0,1170,164692.0,2467.0
3923,2019-09,2019,9,North West,Terraced,154195.0,818,145696.0,1779.0
3924,2019-09,2019,9,North West,Flat,140190.0,608,130296.0,1479.0
3925,2019-10,2019,10,North West,Detached,289096.0,1044,258052.0,3113.0
3926,2019-10,2019,10,North West,Semi-Detached,180313.0,1044,161223.0,2019.0
3927,2019-10,2019,10,North West,Terraced,151950.0,630,135296.0,2022.0
3928,2019-10,2019,10,North West,Flat,137969.0,798,127919.0,1782.0
3929,2019-11,2019,11,North West,Detached,300543.0,775,265499.0,3684.0
3930,2019-11,2019,11,North West,Semi-Detached,189335.0,790,168825.0,2090.0
3931,2019-11,2019,11,North West,Terraced,158190.0,716,143959.0,1622.0
3932,2019-11,2019,11,North West,Flat,135693.0,1117,121456.0,1305.0
3933,2019-12,2019,12,North West,Detached,298344.0,930,264754.0,2806.0
3934,2019-12,2019,12,North West,Semi-Detached,187738.0,1241,165692.0,1823.0
3935,2019-12,2019,12,North West,Terraced,157129.0,703,144622.0,1864.0
3936,2019-12,2019,12,North West,Flat,141677.0,1123,125749.0,1446.0
3937,2020-01,2020,1,North West,Detached,300341.0,440,271745.0,3951.0
3938,2020-01,2020,1,North West,Semi-Detached,183881.0,1049,168260.0,2079.0
3939,2020-01,2020,1,North West,Terraced,157427.0,354,142502.0,1725.0
3940,2020-01,2020,1,North West,Flat,140141.0,637,128785.0,1341.0
3941,2020-02,2020,2,North West,Detached,302636.0,1036,286005.0,3341.0
3942,2020-02,2020,2,North West,Semi-Detached,190105.0,705,172325.0,1961.0
3943,2020-02,2020,2,North West,Terraced,162150.0,496,145822.0,2112.0
3944,2020-02,2020,2,North West,Flat,142404.0,1172,126571.0,1745.0
3945,2020-03,2020,3,North West,Detached,296550.0,1163,263253.0,3513.0
3946,2020-03,2020,3,North West,Semi-Detached,186801.0,797,166073.0,2246.0
3947,2020-03,2020,3,North West,Terraced,156834.0,668,144093.0,1978.0
3948,2020-03,2020,3,North West,Flat,144096.0,918,127022.0,1630.0
3949,2020-04,2020,4,North West,Detached,303685.0,853,272268.0,3338.0
3950,2020-04,2020,4,North West,Semi-Detached,187203.0,741,171582.0,2435.0
3951,2020-04,2020,4,North West,Terraced,161110.0,1156,151125.0,1906.0
3952,2020-04,2020,4,North West,Flat,142044.0,1059,126889.0,1439.0
3953,2020-05,2020,5,North West,Detached,301045.0,694,276339.0,3719.0
3954,2020-05,2020,5,North West,Semi-Detached,184525.0,1432,174694.0,1685.0
3955,2020-05,2020,5,North West,Terraced,158211.0,918,139618.0,1565.0
3956,2020-05,2020,5,North West,Flat,140243.0,542,128395.0,1763.0
3957,2020-06,2020,6,North West,Detached,305263.0,978,282009.0,3789.0
3958,2020-06,2020,6,North West,Semi-Detached,189356.0,907,173301.0,2051.0
3959,2020-06,2020,6,North West,Terraced,164352.0,646,148792.0,2016.0
3960,2020-06,2020,6,North West,Flat,145375.0,421,135323.0,1582.0
3961,2020-07,2020,7,North West,Detached,313360.0,1240,297575.0,2852.0
3962,2020-07,2020,7,North West,Semi-Detached,197469.0,1072,184843.0,2212.0
3963,2020-07,2020,7,North West,Terraced,167536.0,720,149154.0,1915.0
3964,2020-07,2020,7,North West,Flat,142399.0,743,134433.0,1345.0
3965,2020-08,2020,8,North West,Detached,322907.0,939,295336.0,2944.0
3966,2020-08,2020,8,North West,Semi-Detached,195107.0,472,184278.0,2062.0
3967,2020-08,2020,8,North West,Terraced,168244.0,693,152960.0,1546.0
3968,2020-08,2020,8,North West,Flat,152452.0,1046,141769.0,1495.0
3969,2020-09,2020,9,North West,Detached,319692.0,875,297930.0,2909.0
3970,2020-09,2020,9,North West,Semi-Detached,199639.0,1168,188978.0,2486.0
3971,2020-09,2020,9,North West,Terraced,169306.0,1340,152892.0,1622.0
3972,2020-09,2020,9,North West,Flat,148210.0,958,140770.0,1763.0
3973,2020-10,2020,10,North West,Detached,324833.0,1133,292970.0,4029.0
3974,2020-10,2020,10,North West,Semi-Detached,202560.0,1269,189950.0,2153.0
3975,2020-10,2020,10,North West,Terraced,169926.0,571,154073.0,1558.0
3976,2020-10,2020,10,North West,Flat,152671.0,794,138578.0,2011.0
3977,2020-11,2020,11,North West,Detached,321782.0,759,285152.0,3062.0
3978,2020-11,2020,11,North West,Semi-Detached,200815.0,1262,186393.0,1843.0
3979,2020-11,2020,11,North West,Terraced,172232.0,1251,158512.0,1873.0
3980,2020-11,2020,11,North West,Flat,151894.0,882,142186.0,1482.0
3981,2020-12,2020,12,North West,Detached,331393.0,579,296257.0,3473.0
3982,2020-12,2020,12,North West,Semi-Detached,204933.0,851,192127.0,1960.0
3983,2020-12,2020,12,North West,Terraced,175910.0,857,158776.0,2253.0
3984,2020-12,2020,12,North West,Flat,156230.0,1013,141197.0,1769.0
3985,2021-01,2021,1,North West,Detached,334709.0,1042,311124.0,3571.0
3986,2021-01,2021,1,North West,Semi-Detached,203107.0,1147,182810.0,2017.0
3987,2021-01,2021,1,North West,Terraced,178803.0,762,168631.0,1900.0
3988,2021-01,2021,1,North West,Flat,154554.0,881,140505.0,1703.0
3989,2021-02,2021,2,North West,Detached,331135.0,848,294331.0,3436.0
3990,2021-02,2021,2,North West,Semi-Detached,208503.0,1226,188596.0,2369.0
3991,2021-02,2021,2,North West,Terraced,175453.0,1158,161407.0,1755.0
3992,2021-02,2021,2,North West,Flat,153117.0,977,136316.0,1797.0
3993,2021-03,2021,3,North West,Detached,339036.0,674,310449.0,3858.0
3994,2021-03,2021,3,North West,Semi-Detached,211878.0,407,190669.0,1987.0
3995,2021-03,2021,3,North West,Terraced,182771.0,912,172669.0,1947.0
3996,2021-03,2021,3,North West,Flat,156351.0,181,137678.0,1727.0
3997,2021-04,2021,4,North West,Detached,357039.0,575,337646.0,4577.0
3998,2021-04,2021,4,North West,Semi-Detached,216342.0,541,197274.0,2119.0
3999,2021-04,2021,4,North West,Terraced,184399.0,789,171437.0,1740.0
4000,2021-04,2021,4,North West,Flat,170288.0,890,151795.0,2059.0
4001,2021-05,2021,5,North West,Detached,347632.0,807,310591.0,4123.0
4002,2021-05,2021,5,North West,Semi-Detached,224890.0,1434,204830.0,2534.0
4003,2021-05,2021,5,North West,Terraced,184893.0,491,163727.0,2437.0
4004,2021-05,2021,5,North West,Flat,167674.0,727,151501.0,1643.0
4005,2021-06,2021,6,North West,Detached,365317.0,1102,343279.0,4304.0
4006,2021-06,2021,6,North West,Semi-Detached,224880.0,1280,204205.0,2521.0
4007,2021-06,2021,6,North West,Terraced,190718.0,622,172095.0,2457.0
4008,2021-06,2021,6,North West,Flat,171102.0,718,154636.0,2157.0
4009,2021-07,2021,7,North West,Detached,358180.0,477,338574.0,3275.0
4010,2021-07,2021,7,North West,Semi-Detached,227280.0,892,206425.0,2723.0
4011,2021-07,2021,7,North West,Terraced,195784.0,1162,174559.0,2170.0
4012,2021-07,2021,7,North West,Flat,167882.0,530,151939.0,2237.0
4013,2021-08,2021,8,North West,Detached,372564.0,826,353140.0,3719.0
4014,2021-08,2021,8,North West,Semi-Detached,226347.0,1133,215019.0,2367.0
4015,2021-08,2021,8,North West,Terraced,200846.0,1029,188628.0,2666.0
4016,2021-08,2021,8,North West,Flat,175939.0,574,165851.0,1777.0
4017,2021-09,2021,9,North West,Detached,358493.0,977,330708.0,4208.0
4018,2021-09,2021,9,North West,Semi-Detached,230886.0,1064,215956.0,2799.0
4019,2021-09,2021,9,North West,Terraced,195977.0,968,173147.0,2109.0
4020,2021-09,2021,9,North West,Flat,170018.0,1130,152971.0,2057.0
4021,2021-10,2021,10,North West,Detached,371170.0,950,329350.0,4540.0
4022,2021-10,2021,10,North West,Semi-Detached,226902.0,1520,213739.0,2237.0
4023,2021-10,2021,10,North West,Terraced,196523.0,803,185043.0,2170.0
4024,2021-10,2021,10,North West,Flat,173635.0,953,161237.0,2243.0
4025,2021-11,2021,11,North West,Detached,377775.0,633,336326.0,4635.0
4026,2021-11,2021,11,North West,Semi-Detached,230748.0,1227,209006.0,2299.0
4027,2021-11,2021,11,North West,Terraced,196160.0,833,179238.0,1796.0
4028,2021-11,2021,11,North West,Flat,171885.0,768,160585.0,2102.0
4029,2021-12,2021,12,North West,Detached,375411.0,822,339509.0,4528.0
4030,2021-12,2021,12,North West,Semi-Detached,237077.0,1511,221092.0,2548.0
4031,2021-12,2021,12,North West,Terraced,202431.0,722,189946.0,1899.0
4032,2021-12,2021,12,North West,Flat,182138.0,887,169870.0,2264.0
4033,2022-01,2022,1,North West,Detached,369716.0,987,330642.0,4799.0
4034,2022-01,2022,1,North West,Semi-Detached,242090.0,1517,229956.0,2765.0
4035,2022-01,2022,1,North West,Terraced,203734.0,750,189118.0,2124.0
4036,2022-01,2022,1,North West,Flat,180871.0,791,168609.0,2232.0
4037,2022-02,2022,2,North West,Detached,379028.0,955,354691.0,3682.0
4038,2022-02,2022,2,North West,Semi-Detached,243028.0,1438,218705.0,2352.0
4039,2022-02,2022,2,North West,Terraced,204324.0,624,182436.0,2072.0
4040,2022-02,2022,2,North West,Flat,184850.0,1064,168045.0,2355.0
4041,2022-03,2022,3,North West,Detached,401012.0,1121,358303.0,5035.0
4042,2022-03,2022,3,North West,Semi-Detached,241099.0,675,216290.0,2269.0
4043,2022-03,2022,3,North West,Terraced,208720.0,491,193747.0,1927.0
4044,2022-03,2022,3,North West,Flat,193512.0,580,174316.0,2106.0
4045,2022-04,2022,4,North West,Detached,397567.0,958,364745.0,4017.0
4046,2022-04,2022,4,North West,Semi-Detached,256712.0,999,241531.0,2806.0
4047,2022-04,2022,4,North West,Terraced,220008.0,1060,200944.0,2772.0
4048,2022-04,2022,4,North West,Flat,190189.0,748,178921.0,1929.0
4049,2022-05,2022,5,North West,Detached,423436.0,734,393250.0,4514.0
4050,2022-05,2022,5,North West,Semi-Detached,252839.0,915,233409.0,2356.0
4051,2022-05,2022,5,North West,Terraced,221663.0,801,202142.0,2481.0
4052,2022-05,2022,5,North West,Flat,190909.0,721,168850.0,2470.0
4053,2022-06,2022,6,North West,Detached,415856.0,696,386866.0,5063.0
4054,2022-06,2022,6,North West,Semi-Detached,265617.0,1316,238488.0,2766.0
4055,2022-06,2022,6,North West,Terraced,220099.0,1189,198874.0,2277.0
4056,2022-06,2022,6,North West,Flat,195072.0,872,177012.0,2138.0
4057,2022-07,2022,7,North West,Detached,409738.0,643,373943.0,5455.0
4058,2022-07,2022,7,North West,Semi-Detached,257770.0,810,227276.0,2482.0
4059,2022-07,2022,7,North West,Terraced,219549.0,448,200788.0,2432.0
4060,2022-07,2022,7,North West,Flat,195268.0,983,173565.0,2541.0
4061,2022-08,2022,8,North West,Detached,415294.0,1031,379951.0,4545.0
4062,2022-08,2022,8,North West,Semi-Detached,245722.0,1009,222993.0,2657.0
4063,2022-08,2022,8,North West,Terraced,224582.0,857,208813.0,2546.0
4064,2022-08,2022,8,North West,Flat,187412.0,554,171961.0,2062.0
4065,2022-09,2022,9,North West,Detached,417756.0,860,396020.0,4296.0
4066,2022-09,2022,9,North West,Semi-Detached,260765.0,1067,247426.0,2910.0
4067,2022-09,2022,9,North West,Terraced,217753.0,822,201512.0,2531.0
4068,2022-09,2022,9,North West,Flat,189607.0,738,171191.0,2155.0
4069,2022-10,2022,10,North West,Detached,345675.0,755,322632.0,3938.0
4070,2022-10,2022,10,North West,Semi-Detached,219405.0,1520,199059.0,2355.0
4071,2022-10,2022,10,North West,Terraced,188940.0,498,167497.0,1953.0
4072,2022-10,2022,10,North West,Flat,169387.0,1087,154118.0,2185.0
4073,2022-11,2022,11,North West,Detached,351589.0,805,321636.0,4559.0
4074,2022-11,2022,11,North West,Semi-Detached,213599.0,1360,199166.0,2602.0
4075,2022-11,2022,11,North West,Terraced,185577.0,722,175603.0,2394.0
4076,2022-11,2022,11,North West,Flat,164873.0,1305,147947.0,1616.0
4077,2022-12,2022,12,North West,Detached,344147.0,805,317505.0,3733.0
4078,2022-12,2022,12,North West,Semi-Detached,214464.0,1192,196851.0,2492.0
4079,2022-12,2022,12,North West,Terraced,186274.0,694,170420.0,2096.0
4080,2022-12,2022,12,North West,Flat,161633.0,944,147525.0,1640.0
4081,2023-01,2023,1,North West,Detached,337939.0,839,316941.0,4000.0
4082,2023-01,2023,1,North West,Semi-Detached,216520.0,1160,195368.0,2686.0
4083,2023-01,2023,1,North West,Terraced,182847.0,314,162948.0,1723.0
4084,2023-01,2023,1,North West,Flat,161801.0,805,151159.0,1540.0
4085,2023-02,2023,2,North West,Detached,347563.0,809,309690.0,4486.0
4086,2023-02,2023,2,North West,Semi-Detached,213004.0,888,188406.0,2277.0
4087,2023-02,2023,2,North West,Terraced,187335.0,668,164961.0,1793.0
4088,2023-02,2023,2,North West,Flat,163720.0,823,146469.0,1491.0
4089,2023-03,2023,3,North West,Detached,356784.0,938,330301.0,3689.0
4090,2023-03,2023,3,North West,Semi-Detached,213067.0,914,192803.0,2362.0
4091,2023-03,2023,3,North West,Terraced,187678.0,652,166982.0,2137.0
4092,2023-03,2023,3,North West,Flat,163676.0,653,154879.0,1608.0
4093,2023-04,2023,4,North West,Detached,348424.0,908,321340.0,3725.0
4094,2023-04,2023,4,North West,Semi-Detached,224030.0,1103,199579.0,2966.0
4095,2023-04,2023,4,North West,Terraced,185521.0,858,164758.0,1836.0
4096,2023-04,2023,4,North West,Flat,167175.0,520,157850.0,1942.0
4097,2023-05,2023,5,North West,Detached,352385.0,772,318013.0,3533.0
4098,2023-05,2023,5,North West,Semi-Detached,218156.0,1122,200081.0,2776.0
4099,2023-05,2023,5,North West,Terraced,188952.0,618,167411.0,1808.0
4100,2023-05,2023,5,North West,Flat,169151.0,572,159172.0,1587.0
4101,2023-06,2023,6,North West,Detached,346470.0,528,318951.0,3442.0
4102,2023-06,2023,6,North West,Semi-Detached,221059.0,869,209276.0,2626.0
4103,2023-06,2023,6,North West,Terraced,190058.0,635,170428.0,1885.0
4104,2023-06,2023,6,North West,Flat,163846.0,951,152395.0,1584.0
4105,2023-07,2023,7,North West,Detached,348652.0,831,330685.0,3359.0
4106,2023-07,2023,7,North West,Semi-Detached,216583.0,1396,194831.0,2684.0
4107,2023-07,2023,7,North West,Terraced,179753.0,231,164750.0,1659.0
4108,2023-07,2023,7,North West,Flat,161087.0,1114,143200.0,1466.0
4109,2023-08,2023,8,North West,Detached,357454.0,862,324926.0,3861.0
4110,2023-08,2023,8,North West,Semi-Detached,217323.0,1066,201734.0,2039.0
4111,2023-08,2023,8,North West,Terraced,186146.0,987,171937.0,1874.0
4112,2023-08,2023,8,North West,Flat,168946.0,688,155177.0,1603.0
4113,2023-09,2023,9,North West,Detached,351548.0,775,331263.0,3848.0
4114,2023-09,2023,9,North West,Semi-Detached,215701.0,925,194944.0,2028.0
4115,2023-09,2023,9,North West,Terraced,188231.0,1077,168761.0,1740.0
4116,2023-09,2023,9,North West,Flat,163016.0,1101,144475.0,1767.0
4117,2023-10,2023,10,North West,Detached,346069.0,759,315280.0,4271.0
4118,2023-10,2023,10,North West,Semi-Detached,213969.0,1192,193484.0,2179.0
4119,2023-10,2023,10,North West,Terraced,188821.0,774,178867.0,2388.0
4120,2023-10,2023,10,North West,Flat,160059.0,951,145496.0,2102.0
4121,2023-11,2023,11,North West,Detached,338041.0,944,315029.0,3101.0
4122,2023-11,2023,11,North West,Semi-Detached,212977.0,666,192305.0,2471.0
4123,2023-11,2023,11,North West,Terraced,183314.0,1038,168128.0,2072.0
4124,2023-11,2023,11,North West,Flat,157543.0,739,147300.0,1996.0
4125,2023-12,2023,12,North West,Detached,337816.0,1095,299014.0,3266.0
4126,2023-12,2023,12,North West,Semi-Detached,208818.0,1155,196837.0,2727.0
4127,2023-12,2023,12,North West,Terraced,183263.0,648,170371.0,2153.0
4128,2023-12,2023,12,North West,Flat,157779.0,678,144545.0,1477.0
4129,2024-01,2024,1,North West,Detached,347066.0,693,327596.0,3527.0
4130,2024-01,2024,1,North West,Semi-Detached,210100.0,1549,195853.0,2059.0
4131,2024-01,2024,1,North West,Terraced,175196.0,772,157771.0,1799.0
4132,2024-01,2024,1,North West,Flat,160405.0,1149,145872.0,1996.0
4133,2024-02,2024,2,North West,Detached,350601.0,738,328145.0,3800.0
4134,2024-02,2024,2,North West,Semi-Detached,212017.0,733,198244.0,2370.0
4135,2024-02,2024,2,North West,Terraced,181222.0,1186,162536.0,1762.0
4136,2024-02,2024,2,North West,Flat,159855.0,629,143010.0,2067.0
4137,2024-03,2024,3,North West,Detached,370362.0,1003,344787.0,4146.0
4138,2024-03,2024,3,North West,Semi-Detached,219705.0,1325,199824.0,2291.0
4139,2024-03,2024,3,North West,Terraced,189572.0,578,175135.0,2382.0
4140,2024-03,2024,3,North West,Flat,160228.0,686,151465.0,1540.0
4141,2024-04,2024,4,North West,Detached,368210.0,798,338637.0,3852.0
4142,2024-04,2024,4,North West,Semi-Detached,222226.0,517,196774.0,2540.0
4143,2024-04,2024,4,North West,Terraced,190767.0,817,180736.0,2020.0
4144,2024-04,2024,4,North West,Flat,164752.0,882,153001.0,2127.0
4145,2024-05,2024,5,North West,Detached,352172.0,743,330418.0,4102.0
4146,2024-05,2024,5,North West,Semi-Detached,223827.0,852,209099.0,2595.0
4147,2024-05,2024,5,North West,Terraced,189004.0,701,172844.0,1908.0
4148,2024-05,2024,5,North West,Flat,169330.0,1022,159972.0,2040.0
4149,2024-06,2024,6,North West,Detached,368464.0,796,326257.0,4788.0
4150,2024-06,2024,6,North West,Semi-Detached,228980.0,705,205668.0,2804.0
4151,2024-06,2024,6,North West,Terraced,199255.0,637,178811.0,2330.0
4152,2024-06,2024,6,North West,Flat,171525.0,828,159043.0,1675.0
4153,2024-07,2024,7,North West,Detached,382370.0,1073,348699.0,3654.0
4154,2024-07,2024,7,North West,Semi-Detached,241173.0,788,226931.0,3181.0
4155,2024-07,2024,7,North West,Terraced,204689.0,606,193473.0,2079.0
4156,2024-07,2024,7,North West,Flat,179894.0,481,160746.0,2173.0
4157,2024-08,2024,8,North West,Detached,391183.0,689,361822.0,3980.0
4158,2024-08,2024,8,North West,Semi-Detached,248329.0,911,227806.0,3156.0
4159,2024-08,2024,8,North West,Terraced,206935.0,678,189165.0,2583.0
4160,2024-08,2024,8,North West,Flat,181894.0,937,170036.0,1847.0
4161,2024-09,2024,9,North West,Detached,388169.0,654,364227.0,4420.0
4162,2024-09,2024,9,North West,Semi-Detached,236740.0,943,221338.0,2169.0
4163,2024-09,2024,9,North West,Terraced,209795.0,909,193752.0,2025.0
4164,2024-09,2024,9,North West,Flat,179797.0,613,161092.0,2321.0
4165,2024-10,2024,10,North West,Detached,394668.0,803,367697.0,4565.0
4166,2024-10,2024,10,North West,Semi-Detached,247617.0,1203,222785.0,3280.0
4167,2024-10,2024,10,North West,Terraced,207264.0,966,186530.0,2017.0
4168,2024-10,2024,10,North West,Flat,180366.0,916,165360.0,2169.0
4169,2024-11,2024,11,North West,Detached,393517.0,721,368998.0,4541.0
4170,2024-11,2024,11,North West,Semi-Detached,245545.0,1575,217288.0,2270.0
4171,2024-11,2024,11,North West,Terraced,202014.0,858,189642.0,1918.0
4172,2024-11,2024,11,North West,Flat,188619.0,957,166839.0,2389.0
4173,2024-12,2024,12,North West,Detached,378765.0,1026,345621.0,4380.0
4174,2024-12,2024,12,North West,Semi-Detached,247350.0,947,227943.0,2251.0
4175,2024-12,2024,12,North West,Terraced,204358.0,975,183617.0,2356.0
4176,2024-12,2024,12,North West,Flat,182962.0,763,169202.0,2206.0
4177,2025-01,2025,1,North West,Detached,390296.0,741,354949.0,3745.0
4178,2025-01,2025,1,North West,Semi-Detached,246989.0,1210,226313.0,2310.0
4179,2025-01,2025,1,North West,Terraced,210237.0,617,195439.0,2239.0
4180,2025-01,2025,1,North West,Flat,182668.0,703,169121.0,2391.0
4181,2025-02,2025,2,North West,Detached,406333.0,952,368061.0,4923.0
4182,2025-02,2025,2,North West,Semi-Detached,252993.0,1076,228363.0,3018.0
4183,2025-02,2025,2,North West,Terraced,213294.0,998,189618.0,1948.0
4184,2025-02,2025,2,North West,Flat,186285.0,1295,168915.0,1750.0
4185,2025-03,2025,3,North West,Detached,391745.0,867,361067.0,4067.0
4186,2025-03,2025,3,North West,Semi-Detached,246652.0,1204,230270.0,2818.0
4187,2025-03,2025,3,North West,Terraced,207468.0,687,193582.0,2723.0
4188,2025-03,2025,3,North West,Flat,189492.0,894,179769.0,2233.0
4189,2025-04,2025,4,North West,Detached,400521.0,781,376944.0,4220.0
4190,2025-04,2025,4,North West,Semi-Detached,249631.0,971,236220.0,2668.0
4191,2025-04,2025,4,North West,Terraced,212113.0,536,190679.0,2208.0
4192,2025-04,2025,4,North West,Flat,193402.0,768,175922.0,2307.0
4193,2025-05,2025,5,North West,Detached,406477.0,804,357771.0,4612.0
4194,2025-05,2025,5,North West,Semi-Detached,258937.0,987,242184.0,2866.0
4195,2025-05,2025,5,North West,Terraced,214620.0,1137,197605.0,2045.0
4196,2025-05,2025,5,North West,Flat,186251.0,984,171279.0,2178.0
4197,2025-06,2025,6,North West,Detached,403940.0,522,373074.0,4862.0
4198,2025-06,2025,6,North West,Semi-Detached,256613.0,1243,242345.0,3349.0
4199,2025-06,2025,6,North West,Terraced,219850.0,715,194031.0,2436.0
4200,2025-06,2025,6,North West,Flat,191452.0,606,179720.0,1978.0
4201,2025-07,2025,7,North West,Detached,417852.0,822,380047.0,4647.0
4202,2025-07,2025,7,North West,Semi-Detached,257159.0,1077,239016.0,2870.0
4203,2025-07,2025,7,North West,Terraced,220378.0,946,203309.0,2381.0
4204,2025-07,2025,7,North West,Flat,189556.0,551,177344.0,1752.0
4205,2025-08,2025,8,North West,Detached,411450.0,941,373770.0,3983.0
4206,2025-08,2025,8,North West,Semi-Detached,262744.0,1617,248258.0,2802.0
4207,2025-08,2025,8,North West,Terraced,217701.0,803,192635.0,2893.0
4208,2025-08,2025,8,North West,Flat,193292.0,959,176437.0,1848.0
4209,2025-09,2025,9,North West,Detached,424626.0,969,378600.0,5525.0
4210,2025-09,2025,9,North West,Semi-Detached,257429.0,880,231625.0,2614.0
4211,2025-09,2025,9,North West,Terraced,217834.0,935,193084.0,2718.0
4212,2025-09,2025,9,North West,Flat,191422.0,964,179969.0,1758.0
4213,2025-10,2025,10,North West,Detached,417673.0,1028,385827.0,4315.0
4214,2025-10,2025,10,North West,Semi-Detached,256478.0,738,232632.0,2834.0
4215,2025-10,2025,10,North West,Terraced,214001.0,813,193706.0,2771.0
4216,2025-10,2025,10,North West,Flat,193363.0,739,176693.0,2425.0
4217,2025-11,2025,11,North West,Detached,404765.0,1068,372796.0,4207.0
4218,2025-11,2025,11,North West,Semi-Detached,252979.0,889,237590.0,3240.0
4219,2025-11,2025,11,North West,Terraced,212310.0,789,199274.0,2465.0
4220,2025-11,2025,11,North West,Flat,193803.0,1041,181196.0,2334.0
4221,2025-12,2025,12,North West,Detached,408688.0,662,380322.0,3762.0
4222,2025-12,2025,12,North West,Semi-Detached,253503.0,1021,233782.0,2978.0
4223,2025-12,2025,12,North West,Terraced,215067.0,243,190230.0,2337.0
4224,2025-12,2025,12,North West,Flat,195979.0,682,181319.0,2405.0
4225,2015-01,2015,1,North East,Detached,194289.0,901,184498.0,1986.0
4226,2015-01,2015,1,North East,Semi-Detached,120949.0,661,109082.0,1132.0
4227,2015-01,2015,1,North East,Terraced,107141.0,799,96460.0,1051.0
4228,2015-01,2015,1,North East,Flat,92849.0,873,87030.0,1170.0
4229,2015-02,2015,2,North East,Detached,198499.0,947,178099.0,2081.0
4230,2015-02,2015,2,North East,Semi-Detached,121547.0,943,110566.0,1237.0
4231,2015-02,2015,2,North East,Terraced,105134.0,692,92649.0,1039.0
4232,2015-02,2015,2,North East,Flat,92282.0,835,87441.0,1218.0
4233,2015-03,2015,3,North East,Detached,204463.0,639,180570.0,2160.0
4234,2015-03,2015,3,North East,Semi-Detached,132163.0,1407,120040.0,1336.0
4235,2015-03,2015,3,North East,Terraced,107124.0,1086,98846.0,1126.0
4236,2015-03,2015,3,North East,Flat,95478.0,573,86440.0,1110.0
4237,2015-04,2015,4,North East,Detached,202636.0,900,178505.0,2114.0
4238,2015-04,2015,4,North East,Semi-Detached,128474.0,1193,120098.0,1304.0
4239,2015-04,2015,4,North East,Terraced,111938.0,795,104963.0,1351.0
4240,2015-04,2015,4,North East,Flat,94494.0,664,86146.0,892.0
4241,2015-05,2015,5,North East,Detached,199162.0,809,182727.0,1894.0
4242,2015-05,2015,5,North East,Semi-Detached,129502.0,1562,114738.0,1594.0
4243,2015-05,2015,5,North East,Terraced,108053.0,772,102391.0,992.0
4244,2015-05,2015,5,North East,Flat,91814.0,710,86992.0,926.0
4245,2015-06,2015,6,North East,Detached,212310.0,633,187078.0,2650.0
4246,2015-06,2015,6,North East,Semi-Detached,130551.0,1312,118213.0,1411.0
4247,2015-06,2015,6,North East,Terraced,110613.0,952,100422.0,1396.0
4248,2015-06,2015,6,North East,Flat,95554.0,285,87422.0,902.0
4249,2015-07,2015,7,North East,Detached,211357.0,729,199768.0,1953.0
4250,2015-07,2015,7,North East,Semi-Detached,130258.0,1187,122327.0,1357.0
4251,2015-07,2015,7,North East,Terraced,112466.0,740,106616.0,1288.0
4252,2015-07,2015,7,North East,Flat,96353.0,559,85138.0,1217.0
4253,2015-08,2015,8,North East,Detached,205813.0,718,182029.0,2408.0
4254,2015-08,2015,8,North East,Semi-Detached,130690.0,1368,118432.0,1588.0
4255,2015-08,2015,8,North East,Terraced,109994.0,920,97862.0,1195.0
4256,2015-08,2015,8,North East,Flat,94850.0,696,88344.0,1011.0
4257,2015-09,2015,9,North East,Detached,201271.0,778,185907.0,2282.0
4258,2015-09,2015,9,North East,Semi-Detached,129738.0,995,119564.0,1525.0
4259,2015-09,2015,9,North East,Terraced,107400.0,765,97272.0,1353.0
4260,2015-09,2015,9,North East,Flat,96066.0,702,86371.0,1079.0
4261,2015-10,2015,10,North East,Detached,212659.0,527,191233.0,2279.0
4262,2015-10,2015,10,North East,Semi-Detached,123861.0,1065,116196.0,1316.0
4263,2015-10,2015,10,North East,Terraced,109183.0,770,102540.0,998.0
4264,2015-10,2015,10,North East,Flat,94400.0,1099,84928.0,961.0
4265,2015-11,2015,11,North East,Detached,204450.0,730,185740.0,1916.0
4266,2015-11,2015,11,North East,Semi-Detached,128982.0,966,118299.0,1211.0
4267,2015-11,2015,11,North East,Terraced,110817.0,474,100898.0,1191.0
4268,2015-11,2015,11,North East,Flat,96123.0,850,85324.0,1078.0
4269,2015-12,2015,12,North East,Detached,203227.0,1078,190818.0,2337.0
4270,2015-12,2015,12,North East,Semi-Detached,125760.0,1237,119338.0,1358.0
4271,2015-12,2015,12,North East,Terraced,108216.0,928,98805.0,1193.0
4272,2015-12,2015,12,North East,Flat,96072.0,391,87587.0,1259.0
4273,2016-01,2016,1,North East,Detached,202117.0,854,188667.0,1863.0
4274,2016-01,2016,1,North East,Semi-Detached,129580.0,790,117688.0,1417.0
4275,2016-01,2016,1,North East,Terraced,107564.0,828,96856.0,1065.0
4276,2016-01,2016,1,North East,Flat,97078.0,549,89348.0,908.0
4277,2016-02,2016,2,North East,Detached,208043.0,1028,188569.0,2666.0
4278,2016-02,2016,2,North East,Semi-Detached,132639.0,988,120068.0,1593.0
4279,2016-02,2016,2,North East,Terraced,108497.0,871,96577.0,1380.0
4280,2016-02,2016,2,North East,Flat,95794.0,854,89949.0,873.0
4281,2016-03,2016,3,North East,Detached,201763.0,861,190179.0,2620.0
4282,2016-03,2016,3,North East,Semi-Detached,130541.0,1174,121171.0,1639.0
4283,2016-03,2016,3,North East,Terraced,109595.0,1103,98122.0,1039.0
4284,2016-03,2016,3,North East,Flat,97704.0,491,90910.0,954.0
4285,2016-04,2016,4,North East,Detached,212323.0,919,197041.0,2210.0
4286,2016-04,2016,4,North East,Semi-Detached,135038.0,1056,118864.0,1591.0
4287,2016-04,2016,4,North East,Terraced,110886.0,831,104626.0,1135.0
4288,2016-04,2016,4,North East,Flat,101826.0,780,92820.0,1077.0
4289,2016-05,2016,5,North East,Detached,211471.0,418,193019.0,2568.0
4290,2016-05,2016,5,North East,Semi-Detached,133367.0,1049,123141.0,1558.0
4291,2016-05,2016,5,North East,Terraced,115613.0,819,109755.0,1161.0
4292,2016-05,2016,5,North East,Flat,101877.0,713,92037.0,1170.0
4293,2016-06,2016,6,North East,Detached,211122.0,1095,186350.0,1997.0
4294,2016-06,2016,6,North East,Semi-Detached,129902.0,1203,119157.0,1568.0
4295,2016-06,2016,6,North East,Terraced,112477.0,510,99301.0,1033.0
4296,2016-06,2016,6,North East,Flat,97959.0,943,89738.0,1073.0
4297,2016-07,2016,7,North East,Detached,214400.0,717,195110.0,1975.0
4298,2016-07,2016,7,North East,Semi-Detached,129149.0,1048,119615.0,1364.0
4299,2016-07,2016,7,North East,Terraced,114527.0,830,100893.0,1326.0
4300,2016-07,2016,7,North East,Flat,98400.0,762,93066.0,1175.0
4301,2016-08,2016,8,North East,Detached,214969.0,506,200633.0,2323.0
4302,2016-08,2016,8,North East,Semi-Detached,131862.0,1282,123725.0,1339.0
4303,2016-08,2016,8,North East,Terraced,111122.0,638,104120.0,1412.0
4304,2016-08,2016,8,North East,Flat,99284.0,493,93142.0,1239.0
4305,2016-09,2016,9,North East,Detached,213938.0,925,194759.0,2711.0
4306,2016-09,2016,9,North East,Semi-Detached,135230.0,1670,125531.0,1350.0
4307,2016-09,2016,9,North East,Terraced,112838.0,504,106740.0,1135.0
4308,2016-09,2016,9,North East,Flat,100146.0,649,94591.0,944.0
4309,2016-10,2016,10,North East,Detached,206467.0,780,182392.0,2431.0
4310,2016-10,2016,10,North East,Semi-Detached,132280.0,1512,122275.0,1321.0
4311,2016-10,2016,10,North East,Terraced,108810.0,718,96327.0,1117.0
4312,2016-10,2016,10,North East,Flat,98321.0,944,92146.0,1000.0
4313,2016-11,2016,11,North East,Detached,210663.0,660,199766.0,1922.0
4314,2016-11,2016,11,North East,Semi-Detached,128015.0,1178,117313.0,1175.0
4315,2016-11,2016,11,North East,Terraced,112383.0,862,101387.0,1296.0
4316,2016-11,2016,11,North East,Flat,97585.0,784,92336.0,1052.0
4317,2016-12,2016,12,North East,Detached,208622.0,912,194043.0,2270.0
4318,2016-12,2016,12,North East,Semi-Detached,130970.0,1648,124120.0,1320.0
4319,2016-12,2016,12,North East,Terraced,111777.0,757,100664.0,1270.0
4320,2016-12,2016,12,North East,Flat,96650.0,624,91278.0,937.0
4321,2017-01,2017,1,North East,Detached,212348.0,837,196813.0,2302.0
4322,2017-01,2017,1,North East,Semi-Detached,136345.0,734,127844.0,1586.0
4323,2017-01,2017,1,North East,Terraced,113450.0,352,105971.0,1235.0
4324,2017-01,2017,1,North East,Flat,98158.0,845,92886.0,1265.0
4325,2017-02,2017,2,North East,Detached,209746.0,1134,196697.0,2706.0
4326,2017-02,2017,2,North East,Semi-Detached,132244.0,794,122177.0,1336.0
4327,2017-02,2017,2,North East,Terraced,115633.0,609,106000.0,1397.0
4328,2017-02,2017,2,North East,Flat,100619.0,872,91335.0,1052.0
4329,2017-03,2017,3,North East,Detached,215308.0,971,192747.0,2851.0
4330,2017-03,2017,3,North East,Semi-Detached,135843.0,828,124375.0,1654.0
4331,2017-03,2017,3,North East,Terraced,115231.0,645,107106.0,1210.0
4332,2017-03,2017,3,North East,Flat,103824.0,873,94173.0,1024.0
4333,2017-04,2017,4,North East,Detached,215877.0,840,198402.0,2364.0
4334,2017-04,2017,4,North East,Semi-Detached,141017.0,1602,133572.0,1495.0
4335,2017-04,2017,4,North East,Terraced,116495.0,976,106088.0,1274.0
4336,2017-04,2017,4,North East,Flat,102275.0,508,94287.0,1073.0
4337,2017-05,2017,5,North East,Detached,224331.0,990,199498.0,2675.0
4338,2017-05,2017,5,North East,Semi-Detached,134303.0,1234,118761.0,1488.0
4339,2017-05,2017,5,North East,Terraced,114756.0,894,103633.0,1480.0
4340,2017-05,2017,5,North East,Flat,102821.0,1207,95314.0,1257.0
4341,2017-06,2017,6,North East,Detached,222122.0,516,209641.0,2948.0
4342,2017-06,2017,6,North East,Semi-Detached,143782.0,948,133441.0,1866.0
4343,2017-06,2017,6,North East,Terraced,121326.0,464,107328.0,1522.0
4344,2017-06,2017,6,North East,Flat,104776.0,1217,93390.0,1118.0
4345,2017-07,2017,7,North East,Detached,223297.0,1066,200906.0,2304.0
4346,2017-07,2017,7,North East,Semi-Detached,138421.0,664,126793.0,1345.0
4347,2017-07,2017,7,North East,Terraced,117403.0,857,106097.0,1142.0
4348,2017-07,2017,7,North East,Flat,104782.0,937,99164.0,1388.0
4349,2017-08,2017,8,North East,Detached,228427.0,639,212237.0,2814.0
4350,2017-08,2017,8,North East,Semi-Detached,138809.0,1124,123748.0,1833.0
4351,2017-08,2017,8,North East,Terraced,118248.0,581,109054.0,1194.0
4352,2017-08,2017,8,North East,Flat,106102.0,694,100606.0,1256.0
4353,2017-09,2017,9,North East,Detached,223288.0,1025,199991.0,2382.0
4354,2017-09,2017,9,North East,Semi-Detached,141565.0,1502,134455.0,1858.0
4355,2017-09,2017,9,North East,Terraced,119258.0,678,110143.0,1381.0
4356,2017-09,2017,9,North East,Flat,104994.0,505,98760.0,1099.0
4357,2017-10,2017,10,North East,Detached,221155.0,926,196534.0,2731.0
4358,2017-10,2017,10,North East,Semi-Detached,138178.0,990,125583.0,1611.0
4359,2017-10,2017,10,North East,Terraced,117732.0,750,104130.0,1383.0
4360,2017-10,2017,10,North East,Flat,102160.0,701,93535.0,1355.0
4361,2017-11,2017,11,North East,Detached,220547.0,594,201386.0,2330.0
4362,2017-11,2017,11,North East,Semi-Detached,135318.0,905,127337.0,1333.0
4363,2017-11,2017,11,North East,Terraced,118395.0,711,104367.0,1236.0
4364,2017-11,2017,11,North East,Flat,104033.0,849,93102.0,1331.0
4365,2017-12,2017,12,North East,Detached,225894.0,992,201515.0,2973.0
4366,2017-12,2017,12,North East,Semi-Detached,142259.0,583,132218.0,1377.0
4367,2017-12,2017,12,North East,Terraced,116545.0,850,108128.0,1065.0
4368,2017-12,2017,12,North East,Flat,105861.0,634,99465.0,1072.0
4369,2018-01,2018,1,North East,Detached,220093.0,860,200426.0,2811.0
4370,2018-01,2018,1,North East,Semi-Detached,136206.0,1248,126778.0,1659.0
4371,2018-01,2018,1,North East,Terraced,118306.0,632,111026.0,1334.0
4372,2018-01,2018,1,North East,Flat,100892.0,931,95431.0,1241.0
4373,2018-02,2018,2,North East,Detached,222614.0,722,208194.0,2960.0
4374,2018-02,2018,2,North East,Semi-Detached,140237.0,762,125839.0,1793.0
4375,2018-02,2018,2,North East,Terraced,116596.0,632,106776.0,1067.0
4376,2018-02,2018,2,North East,Flat,104520.0,617,98797.0,989.0
4377,2018-03,2018,3,North East,Detached,225805.0,850,214086.0,2407.0
4378,2018-03,2018,3,North East,Semi-Detached,141879.0,683,131148.0,1483.0
4379,2018-03,2018,3,North East,Terraced,121474.0,773,111563.0,1268.0
4380,2018-03,2018,3,North East,Flat,107261.0,676,96463.0,1074.0
4381,2018-04,2018,4,North East,Detached,231728.0,866,208717.0,2167.0
4382,2018-04,2018,4,North East,Semi-Detached,141159.0,1420,125161.0,1681.0
4383,2018-04,2018,4,North East,Terraced,120984.0,838,109259.0,1482.0
4384,2018-04,2018,4,North East,Flat,105888.0,969,95629.0,1183.0
4385,2018-05,2018,5,North East,Detached,223026.0,1072,209053.0,2167.0
4386,2018-05,2018,5,North East,Semi-Detached,142569.0,1054,126661.0,1796.0
4387,2018-05,2018,5,North East,Terraced,121019.0,1008,114878.0,1256.0
4388,2018-05,2018,5,North East,Flat,107135.0,1079,96020.0,1325.0
4389,2018-06,2018,6,North East,Detached,230468.0,1043,204991.0,2679.0
4390,2018-06,2018,6,North East,Semi-Detached,146330.0,1014,135920.0,1564.0
4391,2018-06,2018,6,North East,Terraced,125482.0,805,113976.0,1511.0
4392,2018-06,2018,6,North East,Flat,110389.0,565,101014.0,1126.0
4393,2018-07,2018,7,North East,Detached,230155.0,899,211432.0,2410.0
4394,2018-07,2018,7,North East,Semi-Detached,142776.0,1295,133933.0,1299.0
4395,2018-07,2018,7,North East,Terraced,120929.0,841,108055.0,1223.0
4396,2018-07,2018,7,North East,Flat,110951.0,669,103359.0,1243.0
4397,2018-08,2018,8,North East,Detached,224587.0,931,203044.0,2637.0
4398,2018-08,2018,8,North East,Semi-Detached,140175.0,897,128730.0,1373.0
4399,2018-08,2018,8,North East,Terraced,120644.0,1003,110632.0,1156.0
4400,2018-08,2018,8,North East,Flat,111707.0,964,99955.0,1105.0
4401,2018-09,2018,9,North East,Detached,232592.0,903,206043.0,2454.0
4402,2018-09,2018,9,North East,Semi-Detached,143411.0,481,134680.0,1908.0
4403,2018-09,2018,9,North East,Terraced,125008.0,499,116513.0,1634.0
4404,2018-09,2018,9,North East,Flat,108849.0,866,102133.0,1355.0
4405,2018-10,2018,10,North East,Detached,232048.0,946,212830.0,2307.0
4406,2018-10,2018,10,North East,Semi-Detached,144151.0,804,129792.0,1322.0
4407,2018-10,2018,10,North East,Terraced,123211.0,933,116479.0,1414.0
4408,2018-10,2018,10,North East,Flat,107536.0,934,100148.0,1067.0
4409,2018-11,2018,11,North East,Detached,226015.0,677,206567.0,2348.0
4410,2018-11,2018,11,North East,Semi-Detached,144779.0,1158,130439.0,1757.0
4411,2018-11,2018,11,North East,Terraced,120956.0,383,114233.0,1143.0
4412,2018-11,2018,11,North East,Flat,109808.0,353,99133.0,1302.0
4413,2018-12,2018,12,North East,Detached,234067.0,840,211070.0,2867.0
4414,2018-12,2018,12,North East,Semi-Detached,141686.0,1028,131639.0,1521.0
4415,2018-12,2018,12,North East,Terraced,118330.0,793,111624.0,1514.0
4416,2018-12,2018,12,North East,Flat,106990.0,989,100747.0,1065.0
4417,2019-01,2019,1,North East,Detached,228195.0,1042,212317.0,2327.0
4418,2019-01,2019,1,North East,Semi-Detached,146376.0,1148,131483.0,1369.0
4419,2019-01,2019,1,North East,Terraced,125679.0,798,117009.0,1397.0
4420,2019-01,2019,1,North East,Flat,108444.0,859,99620.0,1169.0
4421,2019-02,2019,2,North East,Detached,229158.0,630,201995.0,2710.0
4422,2019-02,2019,2,North East,Semi-Detached,142680.0,979,126431.0,1425.0
4423,2019-02,2019,2,North East,Terraced,122840.0,828,114470.0,1558.0
4424,2019-02,2019,2,North East,Flat,111099.0,935,103412.0,1026.0
4425,2019-03,2019,3,North East,Detached,240660.0,856,214806.0,2256.0
4426,2019-03,2019,3,North East,Semi-Detached,147650.0,839,138476.0,1966.0
4427,2019-03,2019,3,North East,Terraced,125063.0,695,117801.0,1261.0
4428,2019-03,2019,3,North East,Flat,112220.0,567,99220.0,1078.0
4429,2019-04,2019,4,North East,Detached,238641.0,579,220033.0,2597.0
4430,2019-04,2019,4,North East,Semi-Detached,149239.0,955,132618.0,1419.0
4431,2019-04,2019,4,North East,Terraced,127228.0,770,117099.0,1635.0
4432,2019-04,2019,4,North East,Flat,114401.0,862,101056.0,1111.0
4433,2019-05,2019,5,North East,Detached,237231.0,689,216476.0,2290.0
4434,2019-05,2019,5,North East,Semi-Detached,149157.0,1017,140238.0,1883.0
4435,2019-05,2019,5,North East,Terraced,130061.0,975,119405.0,1319.0
4436,2019-05,2019,5,North East,Flat,112742.0,402,103702.0,1342.0
4437,2019-06,2019,6,North East,Detached,236413.0,706,210077.0,2741.0
4438,2019-06,2019,6,North East,Semi-Detached,150863.0,1308,140659.0,1859.0
4439,2019-06,2019,6,North East,Terraced,127041.0,762,113029.0,1315.0
4440,2019-06,2019,6,North East,Flat,111504.0,898,101827.0,1060.0
4441,2019-07,2019,7,North East,Detached,241577.0,811,220542.0,2683.0
4442,2019-07,2019,7,North East,Semi-Detached,151183.0,820,142883.0,1560.0
4443,2019-07,2019,7,North East,Terraced,128328.0,851,114126.0,1697.0
4444,2019-07,2019,7,North East,Flat,110771.0,1089,102004.0,1360.0
4445,2019-08,2019,8,North East,Detached,240928.0,827,222291.0,2552.0
4446,2019-08,2019,8,North East,Semi-Detached,153649.0,1116,144357.0,1405.0
4447,2019-08,2019,8,North East,Terraced,128488.0,836,113511.0,1232.0
4448,2019-08,2019,8,North East,Flat,116277.0,791,104871.0,1308.0
4449,2019-09,2019,9,North East,Detached,241834.0,670,218827.0,3156.0
4450,2019-09,2019,9,North East,Semi-Detached,152905.0,1035,135579.0,1869.0
4451,2019-09,2019,9,North East,Terraced,127326.0,847,117694.0,1561.0
4452,2019-09,2019,9,North East,Flat,114892.0,834,105313.0,1074.0
4453,2019-10,2019,10,North East,Detached,241103.0,943,224560.0,3064.0
4454,2019-10,2019,10,North East,Semi-Detached,149049.0,1005,131254.0,1851.0
4455,2019-10,2019,10,North East,Terraced,126556.0,894,119964.0,1320.0
4456,2019-10,2019,10,North East,Flat,112179.0,479,100438.0,1025.0
4457,2019-11,2019,11,North East,Detached,238879.0,848,221031.0,2890.0
4458,2019-11,2019,11,North East,Semi-Detached,147829.0,968,135154.0,1962.0
4459,2019-11,2019,11,North East,Terraced,127109.0,710,113285.0,1248.0
4460,2019-11,2019,11,North East,Flat,110243.0,832,98658.0,1258.0
4461,2019-12,2019,12,North East,Detached,248228.0,694,230059.0,2630.0
4462,2019-12,2019,12,North East,Semi-Detached,151468.0,961,134155.0,1659.0
4463,2019-12,2019,12,North East,Terraced,128923.0,913,119416.0,1709.0
4464,2019-12,2019,12,North East,Flat,111405.0,591,99858.0,1025.0
4465,2020-01,2020,1,North East,Detached,241711.0,824,217521.0,2739.0
4466,2020-01,2020,1,North East,Semi-Detached,149347.0,1290,135047.0,1421.0
4467,2020-01,2020,1,North East,Terraced,126616.0,752,118289.0,1250.0
4468,2020-01,2020,1,North East,Flat,112844.0,740,102980.0,1072.0
4469,2020-02,2020,2,North East,Detached,241353.0,1068,226679.0,3149.0
4470,2020-02,2020,2,North East,Semi-Detached,150524.0,1203,135476.0,1631.0
4471,2020-02,2020,2,North East,Terraced,131402.0,248,120644.0,1517.0
4472,2020-02,2020,2,North East,Flat,114914.0,672,104342.0,1240.0
4473,2020-03,2020,3,North East,Detached,239522.0,790,224839.0,2185.0
4474,2020-03,2020,3,North East,Semi-Detached,149189.0,1168,137003.0,1638.0
4475,2020-03,2020,3,North East,Terraced,126716.0,1040,113549.0,1611.0
4476,2020-03,2020,3,North East,Flat,109701.0,1015,98785.0,1002.0
4477,2020-04,2020,4,North East,Detached,235130.0,447,208614.0,2795.0
4478,2020-04,2020,4,North East,Semi-Detached,148241.0,882,138246.0,1811.0
4479,2020-04,2020,4,North East,Terraced,126713.0,910,112069.0,1444.0
4480,2020-04,2020,4,North East,Flat,110850.0,900,101631.0,1268.0
4481,2020-05,2020,5,North East,Detached,242937.0,770,219851.0,2219.0
4482,2020-05,2020,5,North East,Semi-Detached,145856.0,925,128477.0,1565.0
4483,2020-05,2020,5,North East,Terraced,132401.0,803,118204.0,1747.0
4484,2020-05,2020,5,North East,Flat,114376.0,931,108630.0,1058.0
4485,2020-06,2020,6,North East,Detached,244720.0,1135,225472.0,2607.0
4486,2020-06,2020,6,North East,Semi-Detached,150484.0,1475,139475.0,1899.0
4487,2020-06,2020,6,North East,Terraced,130603.0,697,123193.0,1391.0
4488,2020-06,2020,6,North East,Flat,112772.0,1133,103963.0,1252.0
4489,2020-07,2020,7,North East,Detached,252606.0,719,222492.0,3045.0
4490,2020-07,2020,7,North East,Semi-Detached,156889.0,1004,144738.0,1653.0
4491,2020-07,2020,7,North East,Terraced,134280.0,839,127553.0,1243.0
4492,2020-07,2020,7,North East,Flat,117065.0,690,105442.0,1357.0
4493,2020-08,2020,8,North East,Detached,260560.0,860,242955.0,3116.0
4494,2020-08,2020,8,North East,Semi-Detached,155093.0,755,140420.0,1410.0
4495,2020-08,2020,8,North East,Terraced,132584.0,1130,120291.0,1440.0
4496,2020-08,2020,8,North East,Flat,120562.0,738,110019.0,1413.0
4497,2020-09,2020,9,North East,Detached,256277.0,1159,226579.0,2740.0
4498,2020-09,2020,9,North East,Semi-Detached,157172.0,639,146481.0,1478.0
4499,2020-09,2020,9,North East,Terraced,137125.0,885,125608.0,1737.0
4500,2020-09,2020,9,North East,Flat,118178.0,1032,108263.0,1100.0
4501,2020-10,2020,10,North East,Detached,258420.0,802,236621.0,3269.0
4502,2020-10,2020,10,North East,Semi-Detached,157640.0,1007,145313.0,1588.0
4503,2020-10,2020,10,North East,Terraced,134839.0,785,123081.0,1732.0
4504,2020-10,2020,10,North East,Flat,122530.0,930,116081.0,1528.0
4505,2020-11,2020,11,North East,Detached,264923.0,840,235831.0,2935.0
4506,2020-11,2020,11,North East,Semi-Detached,164319.0,1379,154528.0,2021.0
4507,2020-11,2020,11,North East,Terraced,140360.0,1048,124231.0,1836.0
4508,2020-11,2020,11,North East,Flat,123549.0,507,116163.0,1364.0
4509,2020-12,2020,12,North East,Detached,262991.0,1063,237320.0,3149.0
4510,2020-12,2020,12,North East,Semi-Detached,164571.0,886,151576.0,1962.0
4511,2020-12,2020,12,North East,Terraced,136457.0,1157,127067.0,1270.0
4512,2020-12,2020,12,North East,Flat,120727.0,1118,107516.0,1170.0
4513,2021-01,2021,1,North East,Detached,260444.0,604,230082.0,2443.0
4514,2021-01,2021,1,North East,Semi-Detached,165472.0,569,153913.0,1561.0
4515,2021-01,2021,1,North East,Terraced,138224.0,656,126374.0,1769.0
4516,2021-01,2021,1,North East,Flat,123428.0,930,109552.0,1192.0
4517,2021-02,2021,2,North East,Detached,264501.0,1039,245541.0,3527.0
4518,2021-02,2021,2,North East,Semi-Detached,167221.0,1233,154416.0,1702.0
4519,2021-02,2021,2,North East,Terraced,144338.0,838,133178.0,1352.0
4520,2021-02,2021,2,North East,Flat,122981.0,860,116088.0,1244.0
4521,2021-03,2021,3,North East,Detached,267917.0,931,250898.0,2462.0
4522,2021-03,2021,3,North East,Semi-Detached,166046.0,1419,156780.0,1679.0
4523,2021-03,2021,3,North East,Terraced,143476.0,918,136000.0,1310.0
4524,2021-03,2021,3,North East,Flat,124352.0,964,111174.0,1487.0
4525,2021-04,2021,4,North East,Detached,275423.0,540,253739.0,2865.0
4526,2021-04,2021,4,North East,Semi-Detached,174179.0,981,164435.0,1963.0
4527,2021-04,2021,4,North East,Terraced,150933.0,685,139826.0,1708.0
4528,2021-04,2021,4,North East,Flat,126276.0,598,113204.0,1387.0
4529,2021-05,2021,5,North East,Detached,286365.0,685,267329.0,3807.0
4530,2021-05,2021,5,North East,Semi-Detached,180099.0,1416,166430.0,1966.0
4531,2021-05,2021,5,North East,Terraced,149946.0,944,137897.0,1456.0
4532,2021-05,2021,5,North East,Flat,133040.0,698,120563.0,1404.0
4533,2021-06,2021,6,North East,Detached,283329.0,1076,268370.0,3353.0
4534,2021-06,2021,6,North East,Semi-Detached,176484.0,1441,161309.0,1712.0
4535,2021-06,2021,6,North East,Terraced,149883.0,742,137355.0,1603.0
4536,2021-06,2021,6,North East,Flat,133638.0,678,123974.0,1220.0
4537,2021-07,2021,7,North East,Detached,288133.0,551,261306.0,3018.0
4538,2021-07,2021,7,North East,Semi-Detached,179643.0,1254,167066.0,1996.0
4539,2021-07,2021,7,North East,Terraced,155658.0,661,138751.0,1929.0
4540,2021-07,2021,7,North East,Flat,135461.0,676,123647.0,1265.0
4541,2021-08,2021,8,North East,Detached,283759.0,880,255351.0,2647.0
4542,2021-08,2021,8,North East,Semi-Detached,186114.0,633,169772.0,2109.0
4543,2021-08,2021,8,North East,Terraced,155526.0,588,144682.0,1838.0
4544,2021-08,2021,8,North East,Flat,136724.0,875,129129.0,1695.0
4545,2021-09,2021,9,North East,Detached,288906.0,724,262619.0,3188.0
4546,2021-09,2021,9,North East,Semi-Detached,183932.0,927,173349.0,1904.0
4547,2021-09,2021,9,North East,Terraced,156623.0,396,140500.0,1617.0
4548,2021-09,2021,9,North East,Flat,136939.0,972,125219.0,1474.0
4549,2021-10,2021,10,North East,Detached,295939.0,721,269227.0,3505.0
4550,2021-10,2021,10,North East,Semi-Detached,181994.0,1309,167691.0,1888.0
4551,2021-10,2021,10,North East,Terraced,151823.0,1026,133964.0,1469.0
4552,2021-10,2021,10,North East,Flat,136728.0,669,121108.0,1551.0
4553,2021-11,2021,11,North East,Detached,288534.0,594,261416.0,2683.0
4554,2021-11,2021,11,North East,Semi-Detached,183640.0,1395,173522.0,1683.0
4555,2021-11,2021,11,North East,Terraced,154374.0,739,146251.0,1492.0
4556,2021-11,2021,11,North East,Flat,138102.0,773,123778.0,1271.0
4557,2021-12,2021,12,North East,Detached,283117.0,803,265789.0,3627.0
4558,2021-12,2021,12,North East,Semi-Detached,178860.0,722,161777.0,2085.0
4559,2021-12,2021,12,North East,Terraced,155029.0,702,143375.0,1446.0
4560,2021-12,2021,12,North East,Flat,133992.0,816,119406.0,1288.0
4561,2022-01,2022,1,North East,Detached,298534.0,952,278912.0,3283.0
4562,2022-01,2022,1,North East,Semi-Detached,181657.0,1408,172073.0,2249.0
4563,2022-01,2022,1,North East,Terraced,160163.0,907,146400.0,1611.0
4564,2022-01,2022,1,North East,Flat,143003.0,606,130736.0,1533.0
4565,2022-02,2022,2,North East,Detached,299957.0,517,267216.0,3199.0
4566,2022-02,2022,2,North East,Semi-Detached,188498.0,532,168842.0,2452.0
4567,2022-02,2022,2,North East,Terraced,161972.0,1044,146399.0,2113.0
4568,2022-02,2022,2,North East,Flat,141257.0,836,133510.0,1540.0
4569,2022-03,2022,3,North East,Detached,306448.0,738,278412.0,3399.0
4570,2022-03,2022,3,North East,Semi-Detached,196520.0,1098,176344.0,2412.0
4571,2022-03,2022,3,North East,Terraced,166040.0,647,148791.0,1693.0
4572,2022-03,2022,3,North East,Flat,143532.0,746,132588.0,1685.0
4573,2022-04,2022,4,North East,Detached,309198.0,837,280559.0,3648.0
4574,2022-04,2022,4,North East,Semi-Detached,196977.0,1712,179973.0,2290.0
4575,2022-04,2022,4,North East,Terraced,166576.0,676,156847.0,1542.0
4576,2022-04,2022,4,North East,Flat,147937.0,626,130750.0,1524.0
4577,2022-05,2022,5,North East,Detached,317474.0,729,291057.0,4013.0
4578,2022-05,2022,5,North East,Semi-Detached,203298.0,566,181509.0,1912.0
4579,2022-05,2022,5,North East,Terraced,167606.0,876,157937.0,1568.0
4580,2022-05,2022,5,North East,Flat,148107.0,691,138809.0,1749.0
4581,2022-06,2022,6,North East,Detached,322439.0,887,301470.0,4135.0
4582,2022-06,2022,6,North East,Semi-Detached,204614.0,1123,192401.0,2692.0
4583,2022-06,2022,6,North East,Terraced,174685.0,982,155035.0,2278.0
4584,2022-06,2022,6,North East,Flat,149473.0,1058,132657.0,1470.0
4585,2022-07,2022,7,North East,Detached,326745.0,891,302421.0,3158.0
4586,2022-07,2022,7,North East,Semi-Detached,206355.0,773,195170.0,2193.0
4587,2022-07,2022,7,North East,Terraced,170274.0,927,160945.0,1792.0
4588,2022-07,2022,7,North East,Flat,151031.0,628,138826.0,1686.0
4589,2022-08,2022,8,North East,Detached,323303.0,1000,303144.0,3097.0
4590,2022-08,2022,8,North East,Semi-Detached,203883.0,1250,191617.0,2302.0
4591,2022-08,2022,8,North East,Terraced,169076.0,798,150151.0,2098.0
4592,2022-08,2022,8,North East,Flat,153553.0,999,137317.0,1467.0
4593,2022-09,2022,9,North East,Detached,317355.0,1150,287745.0,3641.0
4594,2022-09,2022,9,North East,Semi-Detached,200104.0,1051,182150.0,2063.0
4595,2022-09,2022,9,North East,Terraced,170662.0,807,161951.0,2050.0
4596,2022-09,2022,9,North East,Flat,147881.0,701,136889.0,1800.0
4597,2022-10,2022,10,North East,Detached,273444.0,795,244368.0,2811.0
4598,2022-10,2022,10,North East,Semi-Detached,174122.0,1540,160725.0,1881.0
4599,2022-10,2022,10,North East,Terraced,143551.0,880,130478.0,1408.0
4600,2022-10,2022,10,North East,Flat,124785.0,477,113828.0,1274.0
4601,2022-11,2022,11,North East,Detached,262250.0,989,232738.0,2448.0
4602,2022-11,2022,11,North East,Semi-Detached,164734.0,912,150018.0,2070.0
4603,2022-11,2022,11,North East,Terraced,142322.0,1080,134415.0,1403.0
4604,2022-11,2022,11,North East,Flat,125819.0,722,116053.0,1607.0
4605,2022-12,2022,12,North East,Detached,269780.0,1001,238164.0,2517.0
4606,2022-12,2022,12,North East,Semi-Detached,171107.0,1031,160838.0,1652.0
4607,2022-12,2022,12,North East,Terraced,138197.0,482,123308.0,1269.0
4608,2022-12,2022,12,North East,Flat,125096.0,687,115870.0,1498.0
4609,2023-01,2023,1,North East,Detached,265163.0,548,242522.0,2966.0
4610,2023-01,2023,1,North East,Semi-Detached,166151.0,1056,147979.0,2168.0
4611,2023-01,2023,1,North East,Terraced,141836.0,487,127805.0,1697.0
4612,2023-01,2023,1,North East,Flat,125117.0,943,110786.0,1339.0
4613,2023-02,2023,2,North East,Detached,271089.0,987,256597.0,3381.0
4614,2023-02,2023,2,North East,Semi-Detached,170526.0,1753,150345.0,1581.0
4615,2023-02,2023,2,North East,Terraced,142068.0,850,125229.0,1850.0
4616,2023-02,2023,2,North East,Flat,129658.0,1097,118634.0,1512.0
4617,2023-03,2023,3,North East,Detached,282821.0,940,260821.0,3113.0
4618,2023-03,2023,3,North East,Semi-Detached,168482.0,1229,158927.0,2024.0
4619,2023-03,2023,3,North East,Terraced,142173.0,908,134835.0,1404.0
4620,2023-03,2023,3,North East,Flat,125348.0,677,113678.0,1196.0
4621,2023-04,2023,4,North East,Detached,269116.0,1084,242002.0,2496.0
4622,2023-04,2023,4,North East,Semi-Detached,167515.0,1056,154216.0,1615.0
4623,2023-04,2023,4,North East,Terraced,140816.0,1009,133420.0,1859.0
4624,2023-04,2023,4,North East,Flat,127584.0,532,117295.0,1255.0
4625,2023-05,2023,5,North East,Detached,275571.0,686,246912.0,3059.0
4626,2023-05,2023,5,North East,Semi-Detached,172098.0,780,159643.0,1938.0
4627,2023-05,2023,5,North East,Terraced,145446.0,1037,137573.0,1455.0
4628,2023-05,2023,5,North East,Flat,129798.0,561,122125.0,1283.0
4629,2023-06,2023,6,North East,Detached,279551.0,678,262984.0,2561.0
4630,2023-06,2023,6,North East,Semi-Detached,170081.0,1124,154692.0,2157.0
4631,2023-06,2023,6,North East,Terraced,145914.0,734,132090.0,1509.0
4632,2023-06,2023,6,North East,Flat,129955.0,932,116024.0,1517.0
4633,2023-07,2023,7,North East,Detached,263208.0,1009,238029.0,2568.0
4634,2023-07,2023,7,North East,Semi-Detached,166351.0,1223,151704.0,2112.0
4635,2023-07,2023,7,North East,Terraced,139994.0,667,130538.0,1805.0
4636,2023-07,2023,7,North East,Flat,121979.0,1053,112925.0,1200.0
4637,2023-08,2023,8,North East,Detached,270766.0,554,256112.0,2809.0
4638,2023-08,2023,8,North East,Semi-Detached,172070.0,1218,155435.0,1729.0
4639,2023-08,2023,8,North East,Terraced,142429.0,885,129883.0,1359.0
4640,2023-08,2023,8,North East,Flat,126135.0,937,116794.0,1423.0
4641,2023-09,2023,9,North East,Detached,256228.0,802,240081.0,2535.0
4642,2023-09,2023,9,North East,Semi-Detached,169088.0,1050,153965.0,1858.0
4643,2023-09,2023,9,North East,Terraced,139834.0,839,131723.0,1399.0
4644,2023-09,2023,9,North East,Flat,126100.0,1116,111307.0,1660.0
4645,2023-10,2023,10,North East,Detached,262807.0,636,235601.0,2401.0
4646,2023-10,2023,10,North East,Semi-Detached,169549.0,1176,152512.0,1965.0
4647,2023-10,2023,10,North East,Terraced,142503.0,592,130128.0,1530.0
4648,2023-10,2023,10,North East,Flat,126051.0,897,111723.0,1233.0
4649,2023-11,2023,11,North East,Detached,266590.0,619,238913.0,2440.0
4650,2023-11,2023,11,North East,Semi-Detached,160619.0,1086,146852.0,1942.0
4651,2023-11,2023,11,North East,Terraced,140137.0,685,132196.0,1352.0
4652,2023-11,2023,11,North East,Flat,123670.0,945,113849.0,1125.0
4653,2023-12,2023,12,North East,Detached,265629.0,655,244565.0,2433.0
4654,2023-12,2023,12,North East,Semi-Detached,160513.0,1143,146911.0,1607.0
4655,2023-12,2023,12,North East,Terraced,135889.0,806,127904.0,1691.0
4656,2023-12,2023,12,North East,Flat,120603.0,972,109140.0,1118.0
4657,2024-01,2024,1,North East,Detached,258203.0,801,238817.0,2987.0
4658,2024-01,2024,1,North East,Semi-Detached,160017.0,939,150418.0,1545.0
4659,2024-01,2024,1,North East,Terraced,137953.0,565,128602.0,1731.0
4660,2024-01,2024,1,North East,Flat,118367.0,654,107932.0,1255.0
4661,2024-02,2024,2,North East,Detached,257251.0,1179,227455.0,2811.0
4662,2024-02,2024,2,North East,Semi-Detached,165475.0,1054,154101.0,2128.0
4663,2024-02,2024,2,North East,Terraced,136865.0,596,121557.0,1504.0
4664,2024-02,2024,2,North East,Flat,121987.0,870,113684.0,1233.0
4665,2024-03,2024,3,North East,Detached,264908.0,898,236300.0,3040.0
4666,2024-03,2024,3,North East,Semi-Detached,165145.0,1170,150001.0,1792.0
4667,2024-03,2024,3,North East,Terraced,136110.0,532,126205.0,1331.0
4668,2024-03,2024,3,North East,Flat,121631.0,689,110673.0,1142.0
4669,2024-04,2024,4,North East,Detached,262110.0,758,233590.0,2863.0
4670,2024-04,2024,4,North East,Semi-Detached,168214.0,1112,156834.0,1582.0
4671,2024-04,2024,4,North East,Terraced,143755.0,764,127267.0,1437.0
4672,2024-04,2024,4,North East,Flat,124369.0,1067,114296.0,1416.0
4673,2024-05,2024,5,North East,Detached,264728.0,852,249752.0,2475.0
4674,2024-05,2024,5,North East,Semi-Detached,163599.0,827,145053.0,1847.0
4675,2024-05,2024,5,North East,Terraced,140425.0,1120,128916.0,1617.0
4676,2024-05,2024,5,North East,Flat,128886.0,971,116544.0,1653.0
4677,2024-06,2024,6,North East,Detached,268071.0,715,244673.0,3332.0
4678,2024-06,2024,6,North East,Semi-Detached,165627.0,987,154316.0,2180.0
4679,2024-06,2024,6,North East,Terraced,141332.0,841,124382.0,1341.0
4680,2024-06,2024,6,North East,Flat,125790.0,858,116542.0,1305.0
4681,2024-07,2024,7,North East,Detached,285803.0,739,259475.0,3303.0
4682,2024-07,2024,7,North East,Semi-Detached,182139.0,1073,171117.0,1770.0
4683,2024-07,2024,7,North East,Terraced,153953.0,867,145003.0,1474.0
4684,2024-07,2024,7,North East,Flat,136062.0,811,119800.0,1805.0
4685,2024-08,2024,8,North East,Detached,284756.0,1108,259580.0,3199.0
4686,2024-08,2024,8,North East,Semi-Detached,183532.0,1214,172508.0,1722.0
4687,2024-08,2024,8,North East,Terraced,149502.0,794,139526.0,1498.0
4688,2024-08,2024,8,North East,Flat,136674.0,739,122807.0,1717.0
4689,2024-09,2024,9,North East,Detached,286447.0,886,265823.0,2666.0
4690,2024-09,2024,9,North East,Semi-Detached,181808.0,1223,165260.0,2105.0
4691,2024-09,2024,9,North East,Terraced,156264.0,753,146181.0,1839.0
4692,2024-09,2024,9,North East,Flat,136041.0,1195,128426.0,1448.0
4693,2024-10,2024,10,North East,Detached,283147.0,805,255219.0,2752.0
4694,2024-10,2024,10,North East,Semi-Detached,178713.0,991,158450.0,1952.0
4695,2024-10,2024,10,North East,Terraced,159619.0,704,145728.0,1995.0
4696,2024-10,2024,10,North East,Flat,138406.0,803,123342.0,1396.0
4697,2024-11,2024,11,North East,Detached,295467.0,1009,265112.0,2929.0
4698,2024-11,2024,11,North East,Semi-Detached,184127.0,912,166981.0,1878.0
4699,2024-11,2024,11,North East,Terraced,158799.0,849,140220.0,1944.0
4700,2024-11,2024,11,North East,Flat,136455.0,660,129363.0,1295.0
4701,2024-12,2024,12,North East,Detached,296157.0,890,279019.0,3522.0
4702,2024-12,2024,12,North East,Semi-Detached,181001.0,1147,164518.0,1915.0
4703,2024-12,2024,12,North East,Terraced,156536.0,492,141668.0,1533.0
4704,2024-12,2024,12,North East,Flat,133995.0,939,119284.0,1381.0
4705,2025-01,2025,1,North East,Detached,289099.0,559,256596.0,3071.0
4706,2025-01,2025,1,North East,Semi-Detached,178312.0,1150,167228.0,2244.0
4707,2025-01,2025,1,North East,Terraced,157460.0,1203,146016.0,1585.0
4708,2025-01,2025,1,North East,Flat,133477.0,970,118340.0,1344.0
4709,2025-02,2025,2,North East,Detached,302049.0,1026,276688.0,2866.0
4710,2025-02,2025,2,North East,Semi-Detached,183736.0,1089,171035.0,1841.0
4711,2025-02,2025,2,North East,Terraced,156854.0,863,145210.0,1838.0
4712,2025-02,2025,2,North East,Flat,137662.0,957,127734.0,1613.0
4713,2025-03,2025,3,North East,Detached,295090.0,938,266983.0,2770.0
4714,2025-03,2025,3,North East,Semi-Detached,184966.0,592,172936.0,2070.0
4715,2025-03,2025,3,North East,Terraced,156288.0,980,148207.0,1449.0
4716,2025-03,2025,3,North East,Flat,143373.0,1130,134493.0,1347.0
4717,2025-04,2025,4,North East,Detached,299353.0,717,270141.0,3319.0
4718,2025-04,2025,4,North East,Semi-Detached,187584.0,705,173783.0,2030.0
4719,2025-04,2025,4,North East,Terraced,158264.0,838,148977.0,1467.0
4720,2025-04,2025,4,North East,Flat,142633.0,856,126830.0,1386.0
4721,2025-05,2025,5,North East,Detached,299032.0,969,269459.0,3073.0
4722,2025-05,2025,5,North East,Semi-Detached,184672.0,1290,170706.0,2237.0
4723,2025-05,2025,5,North East,Terraced,160326.0,985,145424.0,1710.0
4724,2025-05,2025,5,North East,Flat,141285.0,535,127238.0,1542.0
4725,2025-06,2025,6,North East,Detached,304680.0,615,269442.0,3558.0
4726,2025-06,2025,6,North East,Semi-Detached,192959.0,1021,177769.0,1881.0
4727,2025-06,2025,6,North East,Terraced,164699.0,1033,147137.0,1847.0
4728,2025-06,2025,6,North East,Flat,146945.0,827,129933.0,1533.0
4729,2025-07,2025,7,North East,Detached,308524.0,996,287261.0,2975.0
4730,2025-07,2025,7,North East,Semi-Detached,192648.0,1074,172933.0,2500.0
4731,2025-07,2025,7,North East,Terraced,161422.0,1042,143481.0,1639.0
4732,2025-07,2025,7,North East,Flat,142006.0,668,133374.0,1349.0
4733,2025-08,2025,8,North East,Detached,301047.0,959,275948.0,3696.0
4734,2025-08,2025,8,North East,Semi-Detached,190829.0,569,177748.0,2437.0
4735,2025-08,2025,8,North East,Terraced,162924.0,759,148267.0,1511.0
4736,2025-08,2025,8,North East,Flat,142867.0,850,128604.0,1391.0
4737,2025-09,2025,9,North East,Detached,299927.0,733,268167.0,3067.0
4738,2025-09,2025,9,North East,Semi-Detached,193405.0,883,173947.0,2337.0
4739,2025-09,2025,9,North East,Terraced,161851.0,1068,150515.0,1648.0
4740,2025-09,2025,9,North East,Flat,140709.0,653,125266.0,1575.0
4741,2025-10,2025,10,North East,Detached,301463.0,758,281910.0,3170.0
4742,2025-10,2025,10,North East,Semi-Detached,190379.0,1167,174728.0,2206.0
4743,2025-10,2025,10,North East,Terraced,163993.0,197,148913.0,1525.0
4744,2025-10,2025,10,North East,Flat,139257.0,960,128254.0,1405.0
4745,2025-11,2025,11,North East,Detached,296948.0,828,265825.0,3745.0
4746,2025-11,2025,11,North East,Semi-Detached,190722.0,1773,172300.0,1965.0
4747,2025-11,2025,11,North East,Terraced,162607.0,658,153121.0,2033.0
4748,2025-11,2025,11,North East,Flat,141351.0,599,128344.0,1389.0
4749,2025-12,2025,12,North East,Detached,313476.0,799,286945.0,3274.0
4750,2025-12,2025,12,North East,Semi-Detached,192466.0,1403,177664.0,1875.0
4751,2025-12,2025,12,North East,Terraced,161851.0,902,148967.0,2074.0
4752,2025-12,2025,12,North East,Flat,140731.0,443,132071.0,1514.0
4753,2015-01,2015,1,Scotland,Detached,246005.0,1149,224311.0,2700.0
4754,2015-01,2015,1,Scotland,Semi-Detached,152628.0,732,142346.0,1899.0
4755,2015-01,2015,1,Scotland,Terraced,132454.0,1129,124240.0,1290.0
4756,2015-01,2015,1,Scotland,Flat,113552.0,627,100898.0,1375.0
4757,2015-02,2015,2,Scotland,Detached,257199.0,904,239130.0,2637.0
4758,2015-02,2015,2,Scotland,Semi-Detached,154294.0,1364,137717.0,1878.0
4759,2015-02,2015,2,Scotland,Terraced,131902.0,675,121874.0,1241.0
4760,2015-02,2015,2,Scotland,Flat,116000.0,934,103168.0,1419.0
4761,2015-03,2015,3,Scotland,Detached,251645.0,877,228409.0,2363.0
4762,2015-03,2015,3,Scotland,Semi-Detached,155342.0,869,142191.0,1462.0
4763,2015-03,2015,3,Scotland,Terraced,129840.0,842,116275.0,1457.0
4764,2015-03,2015,3,Scotland,Flat,118982.0,813,111210.0,1311.0
4765,2015-04,2015,4,Scotland,Detached,243709.0,1024,226456.0,2325.0
4766,2015-04,2015,4,Scotland,Semi-Detached,150302.0,1373,135846.0,1851.0
4767,2015-04,2015,4,Scotland,Terraced,134142.0,881,125563.0,1341.0
4768,2015-04,2015,4,Scotland,Flat,120116.0,850,107112.0,1239.0
4769,2015-05,2015,5,Scotland,Detached,257049.0,967,241159.0,2991.0
4770,2015-05,2015,5,Scotland,Semi-Detached,160248.0,738,149308.0,1757.0
4771,2015-05,2015,5,Scotland,Terraced,136925.0,495,122047.0,1686.0
4772,2015-05,2015,5,Scotland,Flat,122040.0,838,114645.0,1612.0
4773,2015-06,2015,6,Scotland,Detached,254896.0,652,237471.0,3166.0
4774,2015-06,2015,6,Scotland,Semi-Detached,157326.0,840,142842.0,1898.0
4775,2015-06,2015,6,Scotland,Terraced,138228.0,630,127552.0,1776.0
4776,2015-06,2015,6,Scotland,Flat,118947.0,1245,112455.0,1397.0
4777,2015-07,2015,7,Scotland,Detached,262032.0,846,239598.0,2653.0
4778,2015-07,2015,7,Scotland,Semi-Detached,161140.0,925,148414.0,1870.0
4779,2015-07,2015,7,Scotland,Terraced,135970.0,330,125751.0,1477.0
4780,2015-07,2015,7,Scotland,Flat,121137.0,433,107399.0,1465.0
4781,2015-08,2015,8,Scotland,Detached,252699.0,783,224831.0,3249.0
4782,2015-08,2015,8,Scotland,Semi-Detached,156241.0,1132,142945.0,1776.0
4783,2015-08,2015,8,Scotland,Terraced,134143.0,1003,122349.0,1338.0
4784,2015-08,2015,8,Scotland,Flat,121929.0,736,112945.0,1364.0
4785,2015-09,2015,9,Scotland,Detached,256300.0,937,228751.0,2788.0
4786,2015-09,2015,9,Scotland,Semi-Detached,160836.0,969,152430.0,2052.0
4787,2015-09,2015,9,Scotland,Terraced,137423.0,775,121642.0,1299.0
4788,2015-09,2015,9,Scotland,Flat,121759.0,876,115482.0,1543.0
4789,2015-10,2015,10,Scotland,Detached,247889.0,768,231071.0,3133.0
4790,2015-10,2015,10,Scotland,Semi-Detached,156356.0,879,143640.0,1481.0
4791,2015-10,2015,10,Scotland,Terraced,132933.0,803,122224.0,1292.0
4792,2015-10,2015,10,Scotland,Flat,119598.0,649,110200.0,1273.0
4793,2015-11,2015,11,Scotland,Detached,248090.0,835,220460.0,2716.0
4794,2015-11,2015,11,Scotland,Semi-Detached,159928.0,1011,150402.0,1904.0
4795,2015-11,2015,11,Scotland,Terraced,135380.0,1032,127859.0,1471.0
4796,2015-11,2015,11,Scotland,Flat,118817.0,628,105337.0,1401.0
4797,2015-12,2015,12,Scotland,Detached,249654.0,1166,236962.0,3107.0
4798,2015-12,2015,12,Scotland,Semi-Detached,163082.0,948,144147.0,1629.0
4799,2015-12,2015,12,Scotland,Terraced,136476.0,1061,125406.0,1601.0
4800,2015-12,2015,12,Scotland,Flat,116131.0,1151,103377.0,1171.0
4801,2016-01,2016,1,Scotland,Detached,254270.0,905,234988.0,2837.0
4802,2016-01,2016,1,Scotland,Semi-Detached,162105.0,1457,151049.0,1746.0
4803,2016-01,2016,1,Scotland,Terraced,133888.0,1046,122913.0,1441.0
4804,2016-01,2016,1,Scotland,Flat,119103.0,821,112319.0,1164.0
4805,2016-02,2016,2,Scotland,Detached,255037.0,888,230831.0,3067.0
4806,2016-02,2016,2,Scotland,Semi-Detached,162489.0,583,147140.0,1717.0
4807,2016-02,2016,2,Scotland,Terraced,133016.0,700,117942.0,1252.0
4808,2016-02,2016,2,Scotland,Flat,121015.0,1065,108500.0,1603.0
4809,2016-03,2016,3,Scotland,Detached,260204.0,915,231804.0,2771.0
4810,2016-03,2016,3,Scotland,Semi-Detached,161099.0,1061,148363.0,2065.0
4811,2016-03,2016,3,Scotland,Terraced,138476.0,831,130792.0,1293.0
4812,2016-03,2016,3,Scotland,Flat,124582.0,478,116344.0,1479.0
4813,2016-04,2016,4,Scotland,Detached,266841.0,901,249469.0,3154.0
4814,2016-04,2016,4,Scotland,Semi-Detached,161126.0,588,147332.0,1993.0
4815,2016-04,2016,4,Scotland,Terraced,141594.0,204,129873.0,1365.0
4816,2016-04,2016,4,Scotland,Flat,120775.0,820,111888.0,1174.0
4817,2016-05,2016,5,Scotland,Detached,262883.0,717,248068.0,2459.0
4818,2016-05,2016,5,Scotland,Semi-Detached,165413.0,1486,155452.0,1524.0
4819,2016-05,2016,5,Scotland,Terraced,143946.0,1369,130861.0,1857.0
4820,2016-05,2016,5,Scotland,Flat,124922.0,1075,116970.0,1176.0
4821,2016-06,2016,6,Scotland,Detached,263401.0,669,233774.0,3211.0
4822,2016-06,2016,6,Scotland,Semi-Detached,164510.0,1285,153504.0,2129.0
4823,2016-06,2016,6,Scotland,Terraced,143542.0,631,127658.0,1661.0
4824,2016-06,2016,6,Scotland,Flat,123743.0,692,117303.0,1190.0
4825,2016-07,2016,7,Scotland,Detached,269154.0,294,252269.0,3308.0
4826,2016-07,2016,7,Scotland,Semi-Detached,166702.0,806,154841.0,1609.0
4827,2016-07,2016,7,Scotland,Terraced,143183.0,958,134064.0,1710.0
4828,2016-07,2016,7,Scotland,Flat,122723.0,646,115594.0,1464.0
4829,2016-08,2016,8,Scotland,Detached,274841.0,658,258742.0,2944.0
4830,2016-08,2016,8,Scotland,Semi-Detached,168908.0,954,152308.0,2172.0
4831,2016-08,2016,8,Scotland,Terraced,144626.0,744,127583.0,1514.0
4832,2016-08,2016,8,Scotland,Flat,126221.0,831,113605.0,1489.0
4833,2016-09,2016,9,Scotland,Detached,256094.0,958,238968.0,2470.0
4834,2016-09,2016,9,Scotland,Semi-Detached,165298.0,1007,156856.0,2002.0
4835,2016-09,2016,9,Scotland,Terraced,139369.0,857,130615.0,1520.0
4836,2016-09,2016,9,Scotland,Flat,124850.0,974,110455.0,1519.0
4837,2016-10,2016,10,Scotland,Detached,255221.0,985,225388.0,2903.0
4838,2016-10,2016,10,Scotland,Semi-Detached,160817.0,1038,143468.0,1733.0
4839,2016-10,2016,10,Scotland,Terraced,136715.0,897,125931.0,1284.0
4840,2016-10,2016,10,Scotland,Flat,125486.0,782,118573.0,1604.0
4841,2016-11,2016,11,Scotland,Detached,257680.0,487,232647.0,2645.0
4842,2016-11,2016,11,Scotland,Semi-Detached,167839.0,1080,148979.0,2014.0
4843,2016-11,2016,11,Scotland,Terraced,138594.0,876,125481.0,1277.0
4844,2016-11,2016,11,Scotland,Flat,123975.0,768,114074.0,1139.0
4845,2016-12,2016,12,Scotland,Detached,263310.0,869,247331.0,3077.0
4846,2016-12,2016,12,Scotland,Semi-Detached,162000.0,933,144932.0,1653.0
4847,2016-12,2016,12,Scotland,Terraced,136656.0,812,124112.0,1552.0
4848,2016-12,2016,12,Scotland,Flat,124895.0,759,112903.0,1270.0
4849,2017-01,2017,1,Scotland,Detached,268736.0,565,241497.0,2826.0
4850,2017-01,2017,1,Scotland,Semi-Detached,169543.0,1030,160326.0,1584.0
4851,2017-01,2017,1,Scotland,Terraced,142737.0,681,132036.0,1533.0
4852,2017-01,2017,1,Scotland,Flat,122440.0,722,113045.0,1568.0
4853,2017-02,2017,2,Scotland,Detached,275792.0,798,260006.0,3177.0
4854,2017-02,2017,2,Scotland,Semi-Detached,175232.0,1118,158375.0,2268.0
4855,2017-02,2017,2,Scotland,Terraced,150312.0,826,132336.0,1919.0
4856,2017-02,2017,2,Scotland,Flat,126659.0,570,116257.0,1485.0
4857,2017-03,2017,3,Scotland,Detached,272391.0,797,257872.0,2812.0
4858,2017-03,2017,3,Scotland,Semi-Detached,168257.0,900,148301.0,1724.0
4859,2017-03,2017,3,Scotland,Terraced,149265.0,632,136182.0,1395.0
4860,2017-03,2017,3,Scotland,Flat,128994.0,762,117678.0,1248.0
4861,2017-04,2017,4,Scotland,Detached,275414.0,934,249410.0,3553.0
4862,2017-04,2017,4,Scotland,Semi-Detached,174175.0,749,161842.0,1601.0
4863,2017-04,2017,4,Scotland,Terraced,149777.0,651,137456.0,1866.0
4864,2017-04,2017,4,Scotland,Flat,132310.0,417,125239.0,1506.0
4865,2017-05,2017,5,Scotland,Detached,280054.0,656,249225.0,3083.0
4866,2017-05,2017,5,Scotland,Semi-Detached,172471.0,1028,163707.0,1752.0
4867,2017-05,2017,5,Scotland,Terraced,147068.0,705,134291.0,1730.0
4868,2017-05,2017,5,Scotland,Flat,131155.0,1263,120136.0,1260.0
4869,2017-06,2017,6,Scotland,Detached,275406.0,535,257628.0,2946.0
4870,2017-06,2017,6,Scotland,Semi-Detached,172686.0,1018,161071.0,1584.0
4871,2017-06,2017,6,Scotland,Terraced,149883.0,868,137320.0,1803.0
4872,2017-06,2017,6,Scotland,Flat,133230.0,792,123721.0,1216.0
4873,2017-07,2017,7,Scotland,Detached,276858.0,760,260552.0,3620.0
4874,2017-07,2017,7,Scotland,Semi-Detached,167315.0,603,149849.0,1976.0
4875,2017-07,2017,7,Scotland,Terraced,148368.0,792,131159.0,1482.0
4876,2017-07,2017,7,Scotland,Flat,127779.0,560,117319.0,1171.0
4877,2017-08,2017,8,Scotland,Detached,278641.0,1187,260358.0,2764.0
4878,2017-08,2017,8,Scotland,Semi-Detached,173931.0,1097,163516.0,2033.0
4879,2017-08,2017,8,Scotland,Terraced,147965.0,844,139809.0,1361.0
4880,2017-08,2017,8,Scotland,Flat,131089.0,796,119841.0,1391.0
4881,2017-09,2017,9,Scotland,Detached,280505.0,680,259499.0,3449.0
4882,2017-09,2017,9,Scotland,Semi-Detached,172751.0,1171,155972.0,1822.0
4883,2017-09,2017,9,Scotland,Terraced,146786.0,658,132900.0,1644.0
4884,2017-09,2017,9,Scotland,Flat,129800.0,738,117670.0,1268.0
4885,2017-10,2017,10,Scotland,Detached,282184.0,927,267161.0,2744.0
4886,2017-10,2017,10,Scotland,Semi-Detached,177635.0,948,162644.0,2097.0
4887,2017-10,2017,10,Scotland,Terraced,146024.0,655,129984.0,1793.0
4888,2017-10,2017,10,Scotland,Flat,131113.0,940,123093.0,1610.0
4889,2017-11,2017,11,Scotland,Detached,281210.0,762,253553.0,3647.0
4890,2017-11,2017,11,Scotland,Semi-Detached,173119.0,836,164395.0,2080.0
4891,2017-11,2017,11,Scotland,Terraced,145375.0,955,136675.0,1642.0
4892,2017-11,2017,11,Scotland,Flat,127881.0,729,114299.0,1478.0
4893,2017-12,2017,12,Scotland,Detached,272616.0,1062,252743.0,3273.0
4894,2017-12,2017,12,Scotland,Semi-Detached,171942.0,1382,156796.0,1819.0
4895,2017-12,2017,12,Scotland,Terraced,145962.0,954,136988.0,1456.0
4896,2017-12,2017,12,Scotland,Flat,129794.0,1197,115650.0,1386.0
4897,2018-01,2018,1,Scotland,Detached,273821.0,1118,244650.0,2639.0
4898,2018-01,2018,1,Scotland,Semi-Detached,172558.0,879,161181.0,1781.0
4899,2018-01,2018,1,Scotland,Terraced,143897.0,616,129710.0,1502.0
4900,2018-01,2018,1,Scotland,Flat,127684.0,1043,117544.0,1594.0
4901,2018-02,2018,2,Scotland,Detached,275835.0,658,250271.0,2964.0
4902,2018-02,2018,2,Scotland,Semi-Detached,179438.0,1051,160282.0,1660.0
4903,2018-02,2018,2,Scotland,Terraced,145968.0,596,135453.0,1415.0
4904,2018-02,2018,2,Scotland,Flat,134075.0,663,126280.0,1317.0
4905,2018-03,2018,3,Scotland,Detached,291274.0,656,265719.0,3801.0
4906,2018-03,2018,3,Scotland,Semi-Detached,178713.0,1221,161141.0,1805.0
4907,2018-03,2018,3,Scotland,Terraced,148391.0,738,139934.0,1907.0
4908,2018-03,2018,3,Scotland,Flat,136770.0,865,123440.0,1600.0
4909,2018-04,2018,4,Scotland,Detached,293027.0,682,274923.0,3386.0
4910,2018-04,2018,4,Scotland,Semi-Detached,177748.0,1110,162251.0,1617.0
4911,2018-04,2018,4,Scotland,Terraced,152310.0,684,134212.0,1518.0
4912,2018-04,2018,4,Scotland,Flat,133253.0,896,124642.0,1559.0
4913,2018-05,2018,5,Scotland,Detached,285870.0,752,258996.0,2727.0
4914,2018-05,2018,5,Scotland,Semi-Detached,180432.0,968,167932.0,1901.0
4915,2018-05,2018,5,Scotland,Terraced,157586.0,1051,146215.0,1630.0
4916,2018-05,2018,5,Scotland,Flat,134351.0,1106,121846.0,1274.0
4917,2018-06,2018,6,Scotland,Detached,290823.0,729,268140.0,3299.0
4918,2018-06,2018,6,Scotland,Semi-Detached,183294.0,1375,169877.0,2137.0
4919,2018-06,2018,6,Scotland,Terraced,155304.0,543,143264.0,1585.0
4920,2018-06,2018,6,Scotland,Flat,138496.0,806,128576.0,1287.0
4921,2018-07,2018,7,Scotland,Detached,289696.0,1192,266594.0,2866.0
4922,2018-07,2018,7,Scotland,Semi-Detached,189489.0,952,170143.0,2334.0
4923,2018-07,2018,7,Scotland,Terraced,153004.0,1230,137077.0,1531.0
4924,2018-07,2018,7,Scotland,Flat,140342.0,978,128612.0,1610.0
4925,2018-08,2018,8,Scotland,Detached,288388.0,638,255795.0,2784.0
4926,2018-08,2018,8,Scotland,Semi-Detached,181862.0,910,160620.0,1777.0
4927,2018-08,2018,8,Scotland,Terraced,155086.0,783,142699.0,1736.0
4928,2018-08,2018,8,Scotland,Flat,134891.0,609,126237.0,1237.0
4929,2018-09,2018,9,Scotland,Detached,290318.0,1091,269655.0,2719.0
4930,2018-09,2018,9,Scotland,Semi-Detached,182479.0,1100,166651.0,2127.0
4931,2018-09,2018,9,Scotland,Terraced,155200.0,1032,143206.0,1904.0
4932,2018-09,2018,9,Scotland,Flat,144369.0,685,133312.0,1731.0
4933,2018-10,2018,10,Scotland,Detached,288114.0,736,271194.0,3129.0
4934,2018-10,2018,10,Scotland,Semi-Detached,180982.0,1212,171801.0,1932.0
4935,2018-10,2018,10,Scotland,Terraced,158609.0,543,142631.0,1529.0
4936,2018-10,2018,10,Scotland,Flat,140234.0,866,124120.0,1608.0
4937,2018-11,2018,11,Scotland,Detached,296891.0,693,266739.0,3078.0
4938,2018-11,2018,11,Scotland,Semi-Detached,179017.0,700,160134.0,2004.0
4939,2018-11,2018,11,Scotland,Terraced,152328.0,412,136515.0,1566.0
4940,2018-11,2018,11,Scotland,Flat,134258.0,731,118670.0,1253.0
4941,2018-12,2018,12,Scotland,Detached,293839.0,868,271200.0,3238.0
4942,2018-12,2018,12,Scotland,Semi-Detached,182293.0,980,166237.0,1759.0
4943,2018-12,2018,12,Scotland,Terraced,156329.0,743,147208.0,1892.0
4944,2018-12,2018,12,Scotland,Flat,138982.0,671,124786.0,1701.0
4945,2019-01,2019,1,Scotland,Detached,282244.0,859,256395.0,3012.0
4946,2019-01,2019,1,Scotland,Semi-Detached,183258.0,976,161905.0,1871.0
4947,2019-01,2019,1,Scotland,Terraced,151067.0,918,137452.0,1727.0
4948,2019-01,2019,1,Scotland,Flat,135496.0,801,122796.0,1531.0
4949,2019-02,2019,2,Scotland,Detached,295033.0,519,268692.0,3492.0
4950,2019-02,2019,2,Scotland,Semi-Detached,182890.0,811,167456.0,2374.0
4951,2019-02,2019,2,Scotland,Terraced,154912.0,814,143839.0,2008.0
4952,2019-02,2019,2,Scotland,Flat,140000.0,967,129581.0,1391.0
4953,2019-03,2019,3,Scotland,Detached,296462.0,722,280451.0,3202.0
4954,2019-03,2019,3,Scotland,Semi-Detached,184046.0,851,170079.0,2367.0
4955,2019-03,2019,3,Scotland,Terraced,158438.0,690,147729.0,1962.0
4956,2019-03,2019,3,Scotland,Flat,138324.0,780,131209.0,1754.0
4957,2019-04,2019,4,Scotland,Detached,301566.0,717,271968.0,3013.0
4958,2019-04,2019,4,Scotland,Semi-Detached,187216.0,674,168227.0,2062.0
4959,2019-04,2019,4,Scotland,Terraced,161368.0,953,147830.0,1501.0
4960,2019-04,2019,4,Scotland,Flat,138949.0,639,128245.0,1436.0
4961,2019-05,2019,5,Scotland,Detached,301913.0,1073,282762.0,3201.0
4962,2019-05,2019,5,Scotland,Semi-Detached,188185.0,822,171724.0,1730.0
4963,2019-05,2019,5,Scotland,Terraced,163652.0,601,146429.0,1731.0
4964,2019-05,2019,5,Scotland,Flat,141075.0,826,127141.0,1449.0
4965,2019-06,2019,6,Scotland,Detached,312912.0,1139,278855.0,3219.0
4966,2019-06,2019,6,Scotland,Semi-Detached,190840.0,1027,175149.0,1741.0
4967,2019-06,2019,6,Scotland,Terraced,163703.0,781,145162.0,1627.0
4968,2019-06,2019,6,Scotland,Flat,143108.0,684,131653.0,1495.0
4969,2019-07,2019,7,Scotland,Detached,313512.0,959,285814.0,3783.0
4970,2019-07,2019,7,Scotland,Semi-Detached,192648.0,952,179142.0,2519.0
4971,2019-07,2019,7,Scotland,Terraced,160531.0,502,143136.0,1677.0
4972,2019-07,2019,7,Scotland,Flat,145159.0,650,133615.0,1851.0
4973,2019-08,2019,8,Scotland,Detached,307232.0,901,291816.0,2812.0
4974,2019-08,2019,8,Scotland,Semi-Detached,190095.0,1063,179195.0,1852.0
4975,2019-08,2019,8,Scotland,Terraced,163877.0,868,150202.0,1759.0
4976,2019-08,2019,8,Scotland,Flat,143041.0,336,132239.0,1329.0
4977,2019-09,2019,9,Scotland,Detached,308044.0,811,278571.0,3163.0
4978,2019-09,2019,9,Scotland,Semi-Detached,194954.0,827,176716.0,1776.0
4979,2019-09,2019,9,Scotland,Terraced,162694.0,819,152750.0,1665.0
4980,2019-09,2019,9,Scotland,Flat,143294.0,1144,130405.0,1832.0
4981,2019-10,2019,10,Scotland,Detached,304220.0,902,281883.0,3250.0
4982,2019-10,2019,10,Scotland,Semi-Detached,189035.0,1140,179340.0,1876.0
4983,2019-10,2019,10,Scotland,Terraced,167514.0,682,148664.0,1770.0
4984,2019-10,2019,10,Scotland,Flat,142940.0,643,131317.0,1354.0
4985,2019-11,2019,11,Scotland,Detached,304691.0,835,281061.0,3766.0
4986,2019-11,2019,11,Scotland,Semi-Detached,190748.0,1241,174386.0,2363.0
4987,2019-11,2019,11,Scotland,Terraced,158836.0,1045,142966.0,2091.0
4988,2019-11,2019,11,Scotland,Flat,143428.0,714,127899.0,1754.0
4989,2019-12,2019,12,Scotland,Detached,302689.0,778,282560.0,3512.0
4990,2019-12,2019,12,Scotland,Semi-Detached,188318.0,1153,171724.0,2061.0
4991,2019-12,2019,12,Scotland,Terraced,156290.0,703,141765.0,1672.0
4992,2019-12,2019,12,Scotland,Flat,144309.0,834,130617.0,1442.0
4993,2020-01,2020,1,Scotland,Detached,306467.0,963,287296.0,3149.0
4994,2020-01,2020,1,Scotland,Semi-Detached,190627.0,870,180431.0,2421.0
4995,2020-01,2020,1,Scotland,Terraced,163194.0,422,148521.0,1694.0
4996,2020-01,2020,1,Scotland,Flat,144985.0,781,137611.0,1514.0
4997,2020-02,2020,2,Scotland,Detached,307876.0,714,286364.0,4011.0
4998,2020-02,2020,2,Scotland,Semi-Detached,190127.0,1022,173078.0,1878.0
4999,2020-02,2020,2,Scotland,Terraced,161471.0,769,144942.0,1838.0
5000,2020-02,2020,2,Scotland,Flat,145471.0,657,134201.0,1885.0
5001,2020-03,2020,3,Scotland,Detached,291056.0,934,263178.0,3249.0
5002,2020-03,2020,3,Scotland,Semi-Detached,181380.0,913,167475.0,1957.0
5003,2020-03,2020,3,Scotland,Terraced,159791.0,1017,146781.0,1742.0
5004,2020-03,2020,3,Scotland,Flat,138136.0,1012,130965.0,1424.0
5005,2020-04,2020,4,Scotland,Detached,299771.0,831,265775.0,3202.0
5006,2020-04,2020,4,Scotland,Semi-Detached,190069.0,1433,176176.0,2063.0
5007,2020-04,2020,4,Scotland,Terraced,158622.0,695,143835.0,1818.0
5008,2020-04,2020,4,Scotland,Flat,141927.0,863,125816.0,1447.0
5009,2020-05,2020,5,Scotland,Detached,310258.0,742,290179.0,2923.0
5010,2020-05,2020,5,Scotland,Semi-Detached,186530.0,956,172900.0,2236.0
5011,2020-05,2020,5,Scotland,Terraced,161610.0,600,150992.0,1654.0
5012,2020-05,2020,5,Scotland,Flat,140987.0,1117,126406.0,1557.0
5013,2020-06,2020,6,Scotland,Detached,318697.0,1074,298119.0,3747.0
5014,2020-06,2020,6,Scotland,Semi-Detached,194102.0,1430,179916.0,2134.0
5015,2020-06,2020,6,Scotland,Terraced,167768.0,1159,149665.0,2170.0
5016,2020-06,2020,6,Scotland,Flat,145288.0,881,129750.0,1330.0
5017,2020-07,2020,7,Scotland,Detached,321966.0,979,302362.0,3203.0
5018,2020-07,2020,7,Scotland,Semi-Detached,205858.0,917,190380.0,2694.0
5019,2020-07,2020,7,Scotland,Terraced,170278.0,834,150135.0,1787.0
5020,2020-07,2020,7,Scotland,Flat,148247.0,724,130923.0,1483.0
5021,2020-08,2020,8,Scotland,Detached,325305.0,869,299440.0,3917.0
5022,2020-08,2020,8,Scotland,Semi-Detached,204395.0,936,186541.0,2184.0
5023,2020-08,2020,8,Scotland,Terraced,174393.0,942,161311.0,1617.0
5024,2020-08,2020,8,Scotland,Flat,153343.0,973,142062.0,1950.0
5025,2020-09,2020,9,Scotland,Detached,317817.0,943,297544.0,2940.0
5026,2020-09,2020,9,Scotland,Semi-Detached,200239.0,650,186841.0,2343.0
5027,2020-09,2020,9,Scotland,Terraced,170268.0,830,159299.0,2011.0
5028,2020-09,2020,9,Scotland,Flat,154602.0,1367,146256.0,1833.0
5029,2020-10,2020,10,Scotland,Detached,329797.0,938,304198.0,3948.0
5030,2020-10,2020,10,Scotland,Semi-Detached,204428.0,972,190274.0,2479.0
5031,2020-10,2020,10,Scotland,Terraced,170446.0,1226,151886.0,1821.0
5032,2020-10,2020,10,Scotland,Flat,151443.0,744,138220.0,1583.0
5033,2020-11,2020,11,Scotland,Detached,323923.0,899,295018.0,4042.0
5034,2020-11,2020,11,Scotland,Semi-Detached,202501.0,962,189513.0,2308.0
5035,2020-11,2020,11,Scotland,Terraced,171943.0,736,157993.0,2261.0
5036,2020-11,2020,11,Scotland,Flat,150470.0,532,132516.0,1526.0
5037,2020-12,2020,12,Scotland,Detached,337844.0,1086,305389.0,3612.0
5038,2020-12,2020,12,Scotland,Semi-Detached,213240.0,815,196362.0,2739.0
5039,2020-12,2020,12,Scotland,Terraced,180837.0,1010,163829.0,1712.0
5040,2020-12,2020,12,Scotland,Flat,155562.0,869,146741.0,1720.0
5041,2021-01,2021,1,Scotland,Detached,339262.0,294,320291.0,4084.0
5042,2021-01,2021,1,Scotland,Semi-Detached,210578.0,843,197978.0,1952.0
5043,2021-01,2021,1,Scotland,Terraced,175098.0,892,157251.0,1607.0
5044,2021-01,2021,1,Scotland,Flat,156789.0,914,140419.0,1439.0
5045,2021-02,2021,2,Scotland,Detached,345813.0,1000,309588.0,3255.0
5046,2021-02,2021,2,Scotland,Semi-Detached,214344.0,1142,202974.0,2700.0
5047,2021-02,2021,2,Scotland,Terraced,180536.0,1008,163497.0,1845.0
5048,2021-02,2021,2,Scotland,Flat,156228.0,643,142819.0,1892.0
5049,2021-03,2021,3,Scotland,Detached,347712.0,693,325752.0,3240.0
5050,2021-03,2021,3,Scotland,Semi-Detached,221063.0,1076,197806.0,2894.0
5051,2021-03,2021,3,Scotland,Terraced,185732.0,1030,169490.0,1893.0
5052,2021-03,2021,3,Scotland,Flat,162741.0,1199,145166.0,1599.0
5053,2021-04,2021,4,Scotland,Detached,356588.0,704,316242.0,3609.0
5054,2021-04,2021,4,Scotland,Semi-Detached,222268.0,869,201853.0,2261.0
5055,2021-04,2021,4,Scotland,Terraced,182548.0,990,166960.0,2387.0
5056,2021-04,2021,4,Scotland,Flat,163595.0,537,153515.0,1782.0
5057,2021-05,2021,5,Scotland,Detached,362591.0,1022,340951.0,4417.0
5058,2021-05,2021,5,Scotland,Semi-Detached,222245.0,1006,201763.0,2458.0
5059,2021-05,2021,5,Scotland,Terraced,191249.0,963,172721.0,1826.0
5060,2021-05,2021,5,Scotland,Flat,169994.0,657,154265.0,1598.0
5061,2021-06,2021,6,Scotland,Detached,368089.0,598,331709.0,4807.0
5062,2021-06,2021,6,Scotland,Semi-Detached,231503.0,1093,210358.0,2396.0
5063,2021-06,2021,6,Scotland,Terraced,193600.0,835,172995.0,1923.0
5064,2021-06,2021,6,Scotland,Flat,174799.0,802,159874.0,2199.0
5065,2021-07,2021,7,Scotland,Detached,381501.0,1009,359617.0,4198.0
5066,2021-07,2021,7,Scotland,Semi-Detached,229053.0,1299,209898.0,2116.0
5067,2021-07,2021,7,Scotland,Terraced,186053.0,537,170650.0,1919.0
5068,2021-07,2021,7,Scotland,Flat,173928.0,1020,155221.0,2283.0
5069,2021-08,2021,8,Scotland,Detached,368942.0,428,326265.0,3564.0
5070,2021-08,2021,8,Scotland,Semi-Detached,235797.0,975,210050.0,3063.0
5071,2021-08,2021,8,Scotland,Terraced,194381.0,784,183810.0,2579.0
5072,2021-08,2021,8,Scotland,Flat,177034.0,770,160553.0,2262.0
5073,2021-09,2021,9,Scotland,Detached,359679.0,771,337574.0,3408.0
5074,2021-09,2021,9,Scotland,Semi-Detached,226831.0,1211,205343.0,2170.0
5075,2021-09,2021,9,Scotland,Terraced,192167.0,691,177508.0,2434.0
5076,2021-09,2021,9,Scotland,Flat,174391.0,653,155577.0,1806.0
5077,2021-10,2021,10,Scotland,Detached,363252.0,849,344839.0,4047.0
5078,2021-10,2021,10,Scotland,Semi-Detached,232559.0,1054,213962.0,2149.0
5079,2021-10,2021,10,Scotland,Terraced,190785.0,450,174569.0,1919.0
5080,2021-10,2021,10,Scotland,Flat,176040.0,730,155276.0,1948.0
5081,2021-11,2021,11,Scotland,Detached,381370.0,693,348541.0,3851.0
5082,2021-11,2021,11,Scotland,Semi-Detached,231572.0,1233,209320.0,2106.0
5083,2021-11,2021,11,Scotland,Terraced,204428.0,707,182688.0,2377.0
5084,2021-11,2021,11,Scotland,Flat,179887.0,1032,168102.0,1717.0
5085,2021-12,2021,12,Scotland,Detached,380167.0,488,342084.0,4823.0
5086,2021-12,2021,12,Scotland,Semi-Detached,232417.0,1151,215390.0,2379.0
5087,2021-12,2021,12,Scotland,Terraced,199031.0,858,186063.0,1810.0
5088,2021-12,2021,12,Scotland,Flat,177694.0,924,164607.0,1980.0
5089,2022-01,2022,1,Scotland,Detached,389756.0,1040,355229.0,4918.0
5090,2022-01,2022,1,Scotland,Semi-Detached,242090.0,610,219554.0,3202.0
5091,2022-01,2022,1,Scotland,Terraced,205412.0,1040,188566.0,2726.0
5092,2022-01,2022,1,Scotland,Flat,178890.0,432,163403.0,2006.0
5093,2022-02,2022,2,Scotland,Detached,392465.0,889,371722.0,4832.0
5094,2022-02,2022,2,Scotland,Semi-Detached,240023.0,1050,219607.0,3023.0
5095,2022-02,2022,2,Scotland,Terraced,214905.0,1169,203733.0,2195.0
5096,2022-02,2022,2,Scotland,Flat,178969.0,639,159099.0,1764.0
5097,2022-03,2022,3,Scotland,Detached,406871.0,866,374771.0,4751.0
5098,2022-03,2022,3,Scotland,Semi-Detached,248824.0,742,231557.0,2494.0
5099,2022-03,2022,3,Scotland,Terraced,209854.0,706,185803.0,1963.0
5100,2022-03,2022,3,Scotland,Flat,185191.0,660,166604.0,2070.0
5101,2022-04,2022,4,Scotland,Detached,403205.0,878,359974.0,4072.0
5102,2022-04,2022,4,Scotland,Semi-Detached,244975.0,1053,216341.0,2464.0
5103,2022-04,2022,4,Scotland,Terraced,211109.0,1142,195779.0,2250.0
5104,2022-04,2022,4,Scotland,Flat,190646.0,1140,176654.0,2325.0
5105,2022-05,2022,5,Scotland,Detached,397461.0,1099,359988.0,4926.0
5106,2022-05,2022,5,Scotland,Semi-Detached,253648.0,832,236201.0,2773.0
5107,2022-05,2022,5,Scotland,Terraced,214301.0,666,201932.0,1958.0
5108,2022-05,2022,5,Scotland,Flat,195833.0,969,179296.0,1818.0
5109,2022-06,2022,6,Scotland,Detached,420763.0,913,386260.0,5005.0
5110,2022-06,2022,6,Scotland,Semi-Detached,261034.0,964,230732.0,2728.0
5111,2022-06,2022,6,Scotland,Terraced,214768.0,489,202294.0,2048.0
5112,2022-06,2022,6,Scotland,Flat,189038.0,933,172645.0,2117.0
5113,2022-07,2022,7,Scotland,Detached,408525.0,428,378399.0,4741.0
5114,2022-07,2022,7,Scotland,Semi-Detached,257967.0,878,244934.0,2781.0
5115,2022-07,2022,7,Scotland,Terraced,217639.0,807,204782.0,2133.0
5116,2022-07,2022,7,Scotland,Flat,191078.0,646,176946.0,1877.0
5117,2022-08,2022,8,Scotland,Detached,418624.0,834,376506.0,5015.0
5118,2022-08,2022,8,Scotland,Semi-Detached,259269.0,1285,228183.0,2968.0
5119,2022-08,2022,8,Scotland,Terraced,228492.0,996,206383.0,2735.0
5120,2022-08,2022,8,Scotland,Flat,200138.0,757,177574.0,2148.0
5121,2022-09,2022,9,Scotland,Detached,417545.0,645,384086.0,3816.0
5122,2022-09,2022,9,Scotland,Semi-Detached,255160.0,1256,226142.0,2984.0
5123,2022-09,2022,9,Scotland,Terraced,221975.0,768,210585.0,2821.0
5124,2022-09,2022,9,Scotland,Flat,192662.0,773,179154.0,2352.0
5125,2022-10,2022,10,Scotland,Detached,344320.0,631,321585.0,4373.0
5126,2022-10,2022,10,Scotland,Semi-Detached,216672.0,1149,201590.0,2215.0
5127,2022-10,2022,10,Scotland,Terraced,184730.0,586,164261.0,2075.0
5128,2022-10,2022,10,Scotland,Flat,166433.0,1197,147848.0,2184.0
5129,2022-11,2022,11,Scotland,Detached,349725.0,850,332145.0,4169.0
5130,2022-11,2022,11,Scotland,Semi-Detached,216984.0,624,200406.0,2745.0
5131,2022-11,2022,11,Scotland,Terraced,183226.0,788,169162.0,1732.0
5132,2022-11,2022,11,Scotland,Flat,166576.0,746,158065.0,1831.0
5133,2022-12,2022,12,Scotland,Detached,346695.0,719,312593.0,3743.0
5134,2022-12,2022,12,Scotland,Semi-Detached,211520.0,1130,194383.0,2085.0
5135,2022-12,2022,12,Scotland,Terraced,182076.0,511,163646.0,1755.0
5136,2022-12,2022,12,Scotland,Flat,163978.0,877,146252.0,2114.0
5137,2023-01,2023,1,Scotland,Detached,344042.0,876,303677.0,3202.0
5138,2023-01,2023,1,Scotland,Semi-Detached,214533.0,874,196161.0,2429.0
5139,2023-01,2023,1,Scotland,Terraced,180040.0,1103,159544.0,1857.0
5140,2023-01,2023,1,Scotland,Flat,162954.0,999,147827.0,1650.0
5141,2023-02,2023,2,Scotland,Detached,339975.0,630,308129.0,3970.0
5142,2023-02,2023,2,Scotland,Semi-Detached,215235.0,854,196976.0,2335.0
5143,2023-02,2023,2,Scotland,Terraced,178052.0,917,164949.0,1923.0
5144,2023-02,2023,2,Scotland,Flat,163587.0,699,152289.0,1843.0
5145,2023-03,2023,3,Scotland,Detached,343868.0,773,320103.0,3204.0
5146,2023-03,2023,3,Scotland,Semi-Detached,213201.0,1158,188995.0,2764.0
5147,2023-03,2023,3,Scotland,Terraced,182538.0,883,167057.0,2377.0
5148,2023-03,2023,3,Scotland,Flat,160953.0,657,145445.0,2103.0
5149,2023-04,2023,4,Scotland,Detached,346708.0,983,321387.0,4482.0
5150,2023-04,2023,4,Scotland,Semi-Detached,216962.0,881,204402.0,2321.0
5151,2023-04,2023,4,Scotland,Terraced,184607.0,845,163434.0,2249.0
5152,2023-04,2023,4,Scotland,Flat,160715.0,1193,144700.0,1793.0
5153,2023-05,2023,5,Scotland,Detached,351158.0,739,322233.0,3531.0
5154,2023-05,2023,5,Scotland,Semi-Detached,218053.0,1182,204031.0,2307.0
5155,2023-05,2023,5,Scotland,Terraced,187330.0,749,173943.0,1796.0
5156,2023-05,2023,5,Scotland,Flat,161286.0,821,147880.0,2133.0
5157,2023-06,2023,6,Scotland,Detached,350249.0,681,316479.0,3599.0
5158,2023-06,2023,6,Scotland,Semi-Detached,227107.0,1268,207357.0,2681.0
5159,2023-06,2023,6,Scotland,Terraced,185967.0,878,170324.0,2360.0
5160,2023-06,2023,6,Scotland,Flat,164205.0,652,153026.0,1945.0
5161,2023-07,2023,7,Scotland,Detached,347073.0,959,326217.0,3730.0
5162,2023-07,2023,7,Scotland,Semi-Detached,214671.0,856,203247.0,2615.0
5163,2023-07,2023,7,Scotland,Terraced,181418.0,700,172165.0,2064.0
5164,2023-07,2023,7,Scotland,Flat,164356.0,1058,155696.0,1506.0
5165,2023-08,2023,8,Scotland,Detached,348010.0,963,319974.0,3430.0
5166,2023-08,2023,8,Scotland,Semi-Detached,214130.0,1337,197725.0,2283.0
5167,2023-08,2023,8,Scotland,Terraced,184750.0,830,167179.0,2245.0
5168,2023-08,2023,8,Scotland,Flat,157243.0,756,143859.0,1475.0
5169,2023-09,2023,9,Scotland,Detached,347019.0,719,320756.0,3204.0
5170,2023-09,2023,9,Scotland,Semi-Detached,216078.0,1079,203996.0,2868.0
5171,2023-09,2023,9,Scotland,Terraced,181309.0,713,163956.0,1870.0
5172,2023-09,2023,9,Scotland,Flat,167328.0,326,150851.0,1608.0
5173,2023-10,2023,10,Scotland,Detached,345160.0,811,325990.0,3864.0
5174,2023-10,2023,10,Scotland,Semi-Detached,210774.0,965,192550.0,1949.0
5175,2023-10,2023,10,Scotland,Terraced,185770.0,938,164945.0,2321.0
5176,2023-10,2023,10,Scotland,Flat,160855.0,790,145615.0,1522.0
5177,2023-11,2023,11,Scotland,Detached,333271.0,1007,293355.0,4082.0
5178,2023-11,2023,11,Scotland,Semi-Detached,212118.0,1555,199196.0,1960.0
5179,2023-11,2023,11,Scotland,Terraced,185959.0,952,173084.0,2207.0
5180,2023-11,2023,11,Scotland,Flat,158560.0,842,144129.0,1605.0
5181,2023-12,2023,12,Scotland,Detached,332559.0,752,309389.0,3203.0
5182,2023-12,2023,12,Scotland,Semi-Detached,207940.0,1236,196911.0,2740.0
5183,2023-12,2023,12,Scotland,Terraced,175928.0,632,155409.0,1972.0
5184,2023-12,2023,12,Scotland,Flat,160189.0,857,152064.0,1551.0
5185,2024-01,2024,1,Scotland,Detached,338801.0,775,316764.0,3687.0
5186,2024-01,2024,1,Scotland,Semi-Detached,216398.0,1180,200668.0,2154.0
5187,2024-01,2024,1,Scotland,Terraced,174282.0,990,164469.0,1596.0
5188,2024-01,2024,1,Scotland,Flat,154835.0,667,143589.0,1730.0
5189,2024-02,2024,2,Scotland,Detached,336360.0,792,314991.0,3268.0
5190,2024-02,2024,2,Scotland,Semi-Detached,199744.0,871,183877.0,2416.0
5191,2024-02,2024,2,Scotland,Terraced,177948.0,803,162518.0,2051.0
5192,2024-02,2024,2,Scotland,Flat,160334.0,1081,145368.0,2131.0
5193,2024-03,2024,3,Scotland,Detached,336346.0,1051,303555.0,3650.0
5194,2024-03,2024,3,Scotland,Semi-Detached,216843.0,1287,199837.0,1987.0
5195,2024-03,2024,3,Scotland,Terraced,180717.0,1107,168748.0,1956.0
5196,2024-03,2024,3,Scotland,Flat,160583.0,668,142687.0,1787.0
5197,2024-04,2024,4,Scotland,Detached,347295.0,938,321063.0,3586.0
5198,2024-04,2024,4,Scotland,Semi-Detached,216096.0,783,200858.0,1982.0
5199,2024-04,2024,4,Scotland,Terraced,183615.0,563,162804.0,2199.0
5200,2024-04,2024,4,Scotland,Flat,164568.0,358,147476.0,1984.0
5201,2024-05,2024,5,Scotland,Detached,345472.0,845,320288.0,3351.0
5202,2024-05,2024,5,Scotland,Semi-Detached,219167.0,1071,200961.0,2571.0
5203,2024-05,2024,5,Scotland,Terraced,185097.0,906,172039.0,2430.0
5204,2024-05,2024,5,Scotland,Flat,160801.0,553,143085.0,1661.0
5205,2024-06,2024,6,Scotland,Detached,348097.0,432,315098.0,3563.0
5206,2024-06,2024,6,Scotland,Semi-Detached,221235.0,1030,200144.0,2192.0
5207,2024-06,2024,6,Scotland,Terraced,186704.0,460,171521.0,2158.0
5208,2024-06,2024,6,Scotland,Flat,160181.0,754,141026.0,1940.0
5209,2024-07,2024,7,Scotland,Detached,388556.0,667,342945.0,4665.0
5210,2024-07,2024,7,Scotland,Semi-Detached,234435.0,1172,209680.0,2791.0
5211,2024-07,2024,7,Scotland,Terraced,208244.0,695,188126.0,2119.0
5212,2024-07,2024,7,Scotland,Flat,181663.0,500,171304.0,2197.0
5213,2024-08,2024,8,Scotland,Detached,382974.0,897,353524.0,3631.0
5214,2024-08,2024,8,Scotland,Semi-Detached,248185.0,955,232656.0,3112.0
5215,2024-08,2024,8,Scotland,Terraced,207023.0,845,190532.0,2540.0
5216,2024-08,2024,8,Scotland,Flat,180384.0,683,160045.0,1940.0
5217,2024-09,2024,9,Scotland,Detached,361843.0,1149,319618.0,4650.0
5218,2024-09,2024,9,Scotland,Semi-Detached,237349.0,1009,209562.0,2347.0
5219,2024-09,2024,9,Scotland,Terraced,198076.0,224,185129.0,1982.0
5220,2024-09,2024,9,Scotland,Flat,174611.0,928,158818.0,1690.0
5221,2024-10,2024,10,Scotland,Detached,384629.0,723,345460.0,4518.0
5222,2024-10,2024,10,Scotland,Semi-Detached,232766.0,1211,208568.0,2717.0
5223,2024-10,2024,10,Scotland,Terraced,203214.0,865,188424.0,1954.0
5224,2024-10,2024,10,Scotland,Flat,175403.0,815,155588.0,1858.0
5225,2024-11,2024,11,Scotland,Detached,370717.0,1207,336221.0,3596.0
5226,2024-11,2024,11,Scotland,Semi-Detached,232639.0,1271,220766.0,2726.0
5227,2024-11,2024,11,Scotland,Terraced,201669.0,990,185649.0,1965.0
5228,2024-11,2024,11,Scotland,Flat,176588.0,1142,156085.0,1613.0
5229,2024-12,2024,12,Scotland,Detached,375791.0,856,348959.0,4610.0
5230,2024-12,2024,12,Scotland,Semi-Detached,228426.0,869,209996.0,2546.0
5231,2024-12,2024,12,Scotland,Terraced,197911.0,1233,183821.0,1887.0
5232,2024-12,2024,12,Scotland,Flat,173695.0,590,158163.0,1598.0
5233,2025-01,2025,1,Scotland,Detached,368126.0,608,348463.0,3463.0
5234,2025-01,2025,1,Scotland,Semi-Detached,241866.0,1615,213825.0,2434.0
5235,2025-01,2025,1,Scotland,Terraced,200736.0,613,179734.0,1876.0
5236,2025-01,2025,1,Scotland,Flat,180219.0,1174,159013.0,2014.0
5237,2025-02,2025,2,Scotland,Detached,378935.0,1037,349462.0,4602.0
5238,2025-02,2025,2,Scotland,Semi-Detached,240940.0,1003,221581.0,2261.0
5239,2025-02,2025,2,Scotland,Terraced,206285.0,495,187340.0,2718.0
5240,2025-02,2025,2,Scotland,Flat,171588.0,582,160088.0,2024.0
5241,2025-03,2025,3,Scotland,Detached,381383.0,963,348205.0,4394.0
5242,2025-03,2025,3,Scotland,Semi-Detached,235469.0,663,223241.0,2832.0
5243,2025-03,2025,3,Scotland,Terraced,200789.0,914,176773.0,1829.0
5244,2025-03,2025,3,Scotland,Flat,183372.0,957,166571.0,1942.0
5245,2025-04,2025,4,Scotland,Detached,397925.0,694,370819.0,4898.0
5246,2025-04,2025,4,Scotland,Semi-Detached,240623.0,584,224548.0,2307.0
5247,2025-04,2025,4,Scotland,Terraced,210410.0,624,196380.0,2052.0
5248,2025-04,2025,4,Scotland,Flat,185513.0,564,174387.0,2153.0
5249,2025-05,2025,5,Scotland,Detached,397496.0,750,352367.0,4005.0
5250,2025-05,2025,5,Scotland,Semi-Detached,249052.0,287,226737.0,2510.0
5251,2025-05,2025,5,Scotland,Terraced,216006.0,586,203394.0,2400.0
5252,2025-05,2025,5,Scotland,Flat,186858.0,810,172903.0,2208.0
5253,2025-06,2025,6,Scotland,Detached,399580.0,1012,369821.0,4453.0
5254,2025-06,2025,6,Scotland,Semi-Detached,241038.0,1224,224680.0,3144.0
5255,2025-06,2025,6,Scotland,Terraced,204359.0,641,188527.0,2052.0
5256,2025-06,2025,6,Scotland,Flat,184113.0,696,174368.0,1925.0
5257,2025-07,2025,7,Scotland,Detached,399438.0,477,357286.0,4494.0
5258,2025-07,2025,7,Scotland,Semi-Detached,251961.0,1117,223873.0,2597.0
5259,2025-07,2025,7,Scotland,Terraced,212981.0,897,193134.0,2711.0
5260,2025-07,2025,7,Scotland,Flat,184802.0,1148,171426.0,1899.0
5261,2025-08,2025,8,Scotland,Detached,421855.0,808,390003.0,4254.0
5262,2025-08,2025,8,Scotland,Semi-Detached,253879.0,1501,226183.0,3082.0
5263,2025-08,2025,8,Scotland,Terraced,213640.0,763,199360.0,2264.0
5264,2025-08,2025,8,Scotland,Flat,186260.0,739,175627.0,1753.0
5265,2025-09,2025,9,Scotland,Detached,395712.0,417,368700.0,4101.0
5266,2025-09,2025,9,Scotland,Semi-Detached,246011.0,739,222168.0,2657.0
5267,2025-09,2025,9,Scotland,Terraced,207276.0,711,187739.0,2058.0
5268,2025-09,2025,9,Scotland,Flat,181281.0,1130,162199.0,2098.0
5269,2025-10,2025,10,Scotland,Detached,396891.0,779,366007.0,3610.0
5270,2025-10,2025,10,Scotland,Semi-Detached,250071.0,838,231321.0,2346.0
5271,2025-10,2025,10,Scotland,Terraced,210383.0,657,186474.0,2357.0
5272,2025-10,2025,10,Scotland,Flat,186748.0,817,173788.0,1994.0
5273,2025-11,2025,11,Scotland,Detached,399920.0,845,359758.0,5202.0
5274,2025-11,2025,11,Scotland,Semi-Detached,245360.0,1112,226343.0,2917.0
5275,2025-11,2025,11,Scotland,Terraced,206292.0,979,194829.0,2161.0
5276,2025-11,2025,11,Scotland,Flat,186745.0,942,167706.0,2175.0
5277,2025-12,2025,12,Scotland,Detached,394765.0,796,355611.0,4310.0
5278,2025-12,2025,12,Scotland,Semi-Detached,254584.0,968,238892.0,2705.0
5279,2025-12,2025,12,Scotland,Terraced,203528.0,697,181854.0,2540.0
5280,2025-12,2025,12,Scotland,Flat,185646.0,1089,173639.0,1863.0
5281,2015-01,2015,1,Wales,Detached,224248.0,384,205855.0,2050.0
5282,2015-01,2015,1,Wales,Semi-Detached,139876.0,985,127418.0,1435.0
5283,2015-01,2015,1,Wales,Terraced,121013.0,985,114453.0,1499.0
5284,2015-01,2015,1,Wales,Flat,107373.0,787,97896.0,1048.0
5285,2015-02,2015,2,Wales,Detached,235759.0,872,223880.0,2532.0
5286,2015-02,2015,2,Wales,Semi-Detached,144101.0,960,135034.0,1688.0
5287,2015-02,2015,2,Wales,Terraced,123587.0,540,112795.0,1340.0
5288,2015-02,2015,2,Wales,Flat,108393.0,807,100593.0,1178.0
5289,2015-03,2015,3,Wales,Detached,236636.0,471,210835.0,2782.0
5290,2015-03,2015,3,Wales,Semi-Detached,145928.0,832,135111.0,1726.0
5291,2015-03,2015,3,Wales,Terraced,121338.0,771,114045.0,1313.0
5292,2015-03,2015,3,Wales,Flat,109212.0,800,98215.0,1336.0
5293,2015-04,2015,4,Wales,Detached,238700.0,1178,220148.0,2353.0
5294,2015-04,2015,4,Wales,Semi-Detached,148737.0,1404,134967.0,1585.0
5295,2015-04,2015,4,Wales,Terraced,124146.0,867,112876.0,1431.0
5296,2015-04,2015,4,Wales,Flat,110131.0,748,98148.0,1365.0
5297,2015-05,2015,5,Wales,Detached,239193.0,723,215707.0,2332.0
5298,2015-05,2015,5,Wales,Semi-Detached,147055.0,757,132211.0,1818.0
5299,2015-05,2015,5,Wales,Terraced,127987.0,851,117070.0,1318.0
5300,2015-05,2015,5,Wales,Flat,112018.0,923,100596.0,1306.0
5301,2015-06,2015,6,Wales,Detached,233886.0,883,215925.0,2231.0
5302,2015-06,2015,6,Wales,Semi-Detached,147798.0,875,136378.0,1563.0
5303,2015-06,2015,6,Wales,Terraced,126312.0,987,119430.0,1556.0
5304,2015-06,2015,6,Wales,Flat,111799.0,951,101281.0,1369.0
5305,2015-07,2015,7,Wales,Detached,245828.0,636,230551.0,2830.0
5306,2015-07,2015,7,Wales,Semi-Detached,146295.0,628,130833.0,1375.0
5307,2015-07,2015,7,Wales,Terraced,125999.0,918,118647.0,1653.0
5308,2015-07,2015,7,Wales,Flat,111087.0,735,102873.0,1262.0
5309,2015-08,2015,8,Wales,Detached,238476.0,969,210225.0,2205.0
5310,2015-08,2015,8,Wales,Semi-Detached,150625.0,742,141222.0,1832.0
5311,2015-08,2015,8,Wales,Terraced,128739.0,1023,116590.0,1311.0
5312,2015-08,2015,8,Wales,Flat,111464.0,539,103811.0,1298.0
5313,2015-09,2015,9,Wales,Detached,238577.0,797,218743.0,2401.0
5314,2015-09,2015,9,Wales,Semi-Detached,153506.0,348,145776.0,1915.0
5315,2015-09,2015,9,Wales,Terraced,128358.0,986,119130.0,1213.0
5316,2015-09,2015,9,Wales,Flat,113135.0,553,106300.0,1274.0
5317,2015-10,2015,10,Wales,Detached,234738.0,891,218989.0,2492.0
5318,2015-10,2015,10,Wales,Semi-Detached,148323.0,583,137761.0,1967.0
5319,2015-10,2015,10,Wales,Terraced,127378.0,1227,114057.0,1257.0
5320,2015-10,2015,10,Wales,Flat,109506.0,609,99977.0,1110.0
5321,2015-11,2015,11,Wales,Detached,236897.0,736,220192.0,2746.0
5322,2015-11,2015,11,Wales,Semi-Detached,151903.0,1071,143708.0,1954.0
5323,2015-11,2015,11,Wales,Terraced,128435.0,1116,118419.0,1694.0
5324,2015-11,2015,11,Wales,Flat,111451.0,781,102307.0,1095.0
5325,2015-12,2015,12,Wales,Detached,232274.0,386,213099.0,2616.0
5326,2015-12,2015,12,Wales,Semi-Detached,146377.0,921,130655.0,1420.0
5327,2015-12,2015,12,Wales,Terraced,126616.0,819,113474.0,1376.0
5328,2015-12,2015,12,Wales,Flat,109449.0,920,102210.0,1256.0
5329,2016-01,2016,1,Wales,Detached,246506.0,1098,228343.0,3185.0
5330,2016-01,2016,1,Wales,Semi-Detached,154213.0,1563,138903.0,1794.0
5331,2016-01,2016,1,Wales,Terraced,128661.0,756,122109.0,1514.0
5332,2016-01,2016,1,Wales,Flat,112701.0,1134,99283.0,1058.0
5333,2016-02,2016,2,Wales,Detached,246643.0,740,217718.0,3079.0
5334,2016-02,2016,2,Wales,Semi-Detached,149339.0,699,140281.0,1981.0
5335,2016-02,2016,2,Wales,Terraced,127388.0,869,119442.0,1246.0
5336,2016-02,2016,2,Wales,Flat,111408.0,799,102987.0,1384.0
5337,2016-03,2016,3,Wales,Detached,242022.0,993,229894.0,2570.0
5338,2016-03,2016,3,Wales,Semi-Detached,159373.0,1257,142861.0,2032.0
5339,2016-03,2016,3,Wales,Terraced,130556.0,647,118299.0,1453.0
5340,2016-03,2016,3,Wales,Flat,115916.0,843,103799.0,1315.0
5341,2016-04,2016,4,Wales,Detached,249553.0,601,232318.0,2716.0
5342,2016-04,2016,4,Wales,Semi-Detached,156813.0,684,143913.0,1936.0
5343,2016-04,2016,4,Wales,Terraced,129278.0,399,122657.0,1234.0
5344,2016-04,2016,4,Wales,Flat,117402.0,864,109358.0,1101.0
5345,2016-05,2016,5,Wales,Detached,248214.0,903,221472.0,2856.0
5346,2016-05,2016,5,Wales,Semi-Detached,160286.0,744,144901.0,1723.0
5347,2016-05,2016,5,Wales,Terraced,131455.0,887,123366.0,1241.0
5348,2016-05,2016,5,Wales,Flat,118653.0,440,104893.0,1103.0
5349,2016-06,2016,6,Wales,Detached,247260.0,771,224133.0,2285.0
5350,2016-06,2016,6,Wales,Semi-Detached,157281.0,956,141520.0,1840.0
5351,2016-06,2016,6,Wales,Terraced,132648.0,805,124030.0,1290.0
5352,2016-06,2016,6,Wales,Flat,112257.0,571,100295.0,1032.0
5353,2016-07,2016,7,Wales,Detached,244385.0,715,222224.0,2347.0
5354,2016-07,2016,7,Wales,Semi-Detached,156951.0,974,148576.0,1578.0
5355,2016-07,2016,7,Wales,Terraced,130047.0,961,114993.0,1584.0
5356,2016-07,2016,7,Wales,Flat,117364.0,339,106656.0,1147.0
5357,2016-08,2016,8,Wales,Detached,252724.0,738,224962.0,2677.0
5358,2016-08,2016,8,Wales,Semi-Detached,152738.0,1228,139887.0,1429.0
5359,2016-08,2016,8,Wales,Terraced,129573.0,808,119719.0,1354.0
5360,2016-08,2016,8,Wales,Flat,115921.0,468,105027.0,1092.0
5361,2016-09,2016,9,Wales,Detached,250450.0,623,228518.0,2413.0
5362,2016-09,2016,9,Wales,Semi-Detached,156010.0,770,140634.0,1957.0
5363,2016-09,2016,9,Wales,Terraced,129336.0,963,117309.0,1331.0
5364,2016-09,2016,9,Wales,Flat,114940.0,1266,103147.0,1233.0
5365,2016-10,2016,10,Wales,Detached,249585.0,722,229639.0,3067.0
5366,2016-10,2016,10,Wales,Semi-Detached,154192.0,854,136450.0,1769.0
5367,2016-10,2016,10,Wales,Terraced,136839.0,692,126630.0,1264.0
5368,2016-10,2016,10,Wales,Flat,117710.0,885,111426.0,1417.0
5369,2016-11,2016,11,Wales,Detached,249061.0,844,220923.0,2756.0
5370,2016-11,2016,11,Wales,Semi-Detached,155180.0,1024,144591.0,2040.0
5371,2016-11,2016,11,Wales,Terraced,132264.0,880,119936.0,1746.0
5372,2016-11,2016,11,Wales,Flat,116597.0,689,103051.0,1130.0
5373,2016-12,2016,12,Wales,Detached,246839.0,836,222428.0,2413.0
5374,2016-12,2016,12,Wales,Semi-Detached,156173.0,1048,142691.0,1582.0
5375,2016-12,2016,12,Wales,Terraced,132942.0,803,120698.0,1601.0
5376,2016-12,2016,12,Wales,Flat,117624.0,713,107609.0,1346.0
5377,2017-01,2017,1,Wales,Detached,251160.0,1110,235554.0,2338.0
5378,2017-01,2017,1,Wales,Semi-Detached,158474.0,1439,140285.0,2058.0
5379,2017-01,2017,1,Wales,Terraced,132044.0,771,118152.0,1553.0
5380,2017-01,2017,1,Wales,Flat,115658.0,538,106292.0,1293.0
5381,2017-02,2017,2,Wales,Detached,261965.0,899,236760.0,2958.0
5382,2017-02,2017,2,Wales,Semi-Detached,159402.0,1202,141604.0,1723.0
5383,2017-02,2017,2,Wales,Terraced,138969.0,1136,129237.0,1805.0
5384,2017-02,2017,2,Wales,Flat,117815.0,717,109938.0,1116.0
5385,2017-03,2017,3,Wales,Detached,255960.0,710,231022.0,2728.0
5386,2017-03,2017,3,Wales,Semi-Detached,159965.0,1020,143233.0,1979.0
5387,2017-03,2017,3,Wales,Terraced,137257.0,709,128110.0,1779.0
5388,2017-03,2017,3,Wales,Flat,119611.0,801,109815.0,1367.0
5389,2017-04,2017,4,Wales,Detached,259944.0,1186,234738.0,3084.0
5390,2017-04,2017,4,Wales,Semi-Detached,162678.0,1147,148126.0,1864.0
5391,2017-04,2017,4,Wales,Terraced,139929.0,610,127120.0,1367.0
5392,2017-04,2017,4,Wales,Flat,120730.0,922,111000.0,1195.0
5393,2017-05,2017,5,Wales,Detached,272186.0,615,250420.0,3260.0
5394,2017-05,2017,5,Wales,Semi-Detached,168279.0,1021,155659.0,1637.0
5395,2017-05,2017,5,Wales,Terraced,143681.0,859,127936.0,1370.0
5396,2017-05,2017,5,Wales,Flat,125406.0,1088,118445.0,1498.0
5397,2017-06,2017,6,Wales,Detached,267968.0,477,249896.0,2956.0
5398,2017-06,2017,6,Wales,Semi-Detached,165394.0,1589,152613.0,1594.0
5399,2017-06,2017,6,Wales,Terraced,143380.0,616,134077.0,1582.0
5400,2017-06,2017,6,Wales,Flat,124300.0,1012,112493.0,1433.0
5401,2017-07,2017,7,Wales,Detached,268735.0,692,248961.0,2681.0
5402,2017-07,2017,7,Wales,Semi-Detached,171423.0,891,161588.0,1737.0
5403,2017-07,2017,7,Wales,Terraced,142176.0,698,133255.0,1500.0
5404,2017-07,2017,7,Wales,Flat,126315.0,950,111493.0,1238.0
5405,2017-08,2017,8,Wales,Detached,261700.0,614,245271.0,2634.0
5406,2017-08,2017,8,Wales,Semi-Detached,164338.0,970,155764.0,1678.0
5407,2017-08,2017,8,Wales,Terraced,138136.0,556,131003.0,1667.0
5408,2017-08,2017,8,Wales,Flat,119282.0,1053,111383.0,1132.0
5409,2017-09,2017,9,Wales,Detached,261392.0,452,235001.0,2785.0
5410,2017-09,2017,9,Wales,Semi-Detached,167466.0,1133,148179.0,2138.0
5411,2017-09,2017,9,Wales,Terraced,140680.0,638,128483.0,1581.0
5412,2017-09,2017,9,Wales,Flat,124255.0,659,117481.0,1400.0
5413,2017-10,2017,10,Wales,Detached,254170.0,632,228661.0,2390.0
5414,2017-10,2017,10,Wales,Semi-Detached,167268.0,570,150006.0,1625.0
5415,2017-10,2017,10,Wales,Terraced,138847.0,998,128809.0,1394.0
5416,2017-10,2017,10,Wales,Flat,127668.0,1053,117482.0,1640.0
5417,2017-11,2017,11,Wales,Detached,270302.0,1020,238305.0,3226.0
5418,2017-11,2017,11,Wales,Semi-Detached,163484.0,1268,145220.0,1702.0
5419,2017-11,2017,11,Wales,Terraced,136781.0,462,126816.0,1308.0
5420,2017-11,2017,11,Wales,Flat,124408.0,763,112259.0,1465.0
5421,2017-12,2017,12,Wales,Detached,260383.0,1015,235317.0,2709.0
5422,2017-12,2017,12,Wales,Semi-Detached,161613.0,852,148106.0,1809.0
5423,2017-12,2017,12,Wales,Terraced,138302.0,777,126748.0,1335.0
5424,2017-12,2017,12,Wales,Flat,121692.0,914,112197.0,1159.0
5425,2018-01,2018,1,Wales,Detached,265686.0,783,238620.0,3267.0
5426,2018-01,2018,1,Wales,Semi-Detached,166699.0,1398,151253.0,1717.0
5427,2018-01,2018,1,Wales,Terraced,145715.0,516,132624.0,1573.0
5428,2018-01,2018,1,Wales,Flat,122584.0,682,110711.0,1179.0
5429,2018-02,2018,2,Wales,Detached,268333.0,913,242044.0,2583.0
5430,2018-02,2018,2,Wales,Semi-Detached,168212.0,892,153306.0,2063.0
5431,2018-02,2018,2,Wales,Terraced,142848.0,547,133251.0,1368.0
5432,2018-02,2018,2,Wales,Flat,127925.0,646,117415.0,1479.0
5433,2018-03,2018,3,Wales,Detached,265991.0,548,252026.0,3377.0
5434,2018-03,2018,3,Wales,Semi-Detached,167800.0,1450,155551.0,2035.0
5435,2018-03,2018,3,Wales,Terraced,142135.0,834,131425.0,1512.0
5436,2018-03,2018,3,Wales,Flat,122354.0,279,111939.0,1356.0
5437,2018-04,2018,4,Wales,Detached,275740.0,821,254866.0,2749.0
5438,2018-04,2018,4,Wales,Semi-Detached,174151.0,1341,160303.0,2293.0
5439,2018-04,2018,4,Wales,Terraced,142462.0,753,126333.0,1386.0
5440,2018-04,2018,4,Wales,Flat,129925.0,733,116815.0,1547.0
5441,2018-05,2018,5,Wales,Detached,271851.0,759,246446.0,2492.0
5442,2018-05,2018,5,Wales,Semi-Detached,177016.0,1030,160836.0,2257.0
5443,2018-05,2018,5,Wales,Terraced,145248.0,854,136105.0,1558.0
5444,2018-05,2018,5,Wales,Flat,132021.0,1121,124570.0,1688.0
5445,2018-06,2018,6,Wales,Detached,284772.0,601,269703.0,2605.0
5446,2018-06,2018,6,Wales,Semi-Detached,171759.0,1174,152581.0,1589.0
5447,2018-06,2018,6,Wales,Terraced,145567.0,741,137615.0,1851.0
5448,2018-06,2018,6,Wales,Flat,132595.0,1082,117498.0,1527.0
5449,2018-07,2018,7,Wales,Detached,274858.0,765,260648.0,3151.0
5450,2018-07,2018,7,Wales,Semi-Detached,174577.0,823,155569.0,1588.0
5451,2018-07,2018,7,Wales,Terraced,146790.0,650,138129.0,1506.0
5452,2018-07,2018,7,Wales,Flat,127766.0,959,119140.0,1540.0
5453,2018-08,2018,8,Wales,Detached,280583.0,843,256664.0,2787.0
5454,2018-08,2018,8,Wales,Semi-Detached,173031.0,936,159475.0,2044.0
5455,2018-08,2018,8,Wales,Terraced,147411.0,901,134440.0,1481.0
5456,2018-08,2018,8,Wales,Flat,125706.0,896,111296.0,1311.0
5457,2018-09,2018,9,Wales,Detached,281445.0,610,263754.0,2607.0
5458,2018-09,2018,9,Wales,Semi-Detached,173067.0,1423,157275.0,1869.0
5459,2018-09,2018,9,Wales,Terraced,146175.0,503,132111.0,1498.0
5460,2018-09,2018,9,Wales,Flat,130698.0,814,117607.0,1328.0
5461,2018-10,2018,10,Wales,Detached,277593.0,669,256828.0,2547.0
5462,2018-10,2018,10,Wales,Semi-Detached,171733.0,1164,151453.0,1753.0
5463,2018-10,2018,10,Wales,Terraced,145743.0,815,129505.0,1527.0
5464,2018-10,2018,10,Wales,Flat,128610.0,588,113566.0,1407.0
5465,2018-11,2018,11,Wales,Detached,280263.0,615,254113.0,2604.0
5466,2018-11,2018,11,Wales,Semi-Detached,173409.0,850,161665.0,1722.0
5467,2018-11,2018,11,Wales,Terraced,144987.0,758,132811.0,1587.0
5468,2018-11,2018,11,Wales,Flat,131556.0,768,123061.0,1459.0
5469,2018-12,2018,12,Wales,Detached,272490.0,1094,256350.0,2706.0
5470,2018-12,2018,12,Wales,Semi-Detached,172205.0,699,159071.0,1632.0
5471,2018-12,2018,12,Wales,Terraced,150105.0,761,140319.0,1677.0
5472,2018-12,2018,12,Wales,Flat,133517.0,801,117786.0,1257.0
5473,2019-01,2019,1,Wales,Detached,280340.0,749,261675.0,3082.0
5474,2019-01,2019,1,Wales,Semi-Detached,174664.0,858,156999.0,2225.0
5475,2019-01,2019,1,Wales,Terraced,148202.0,717,137622.0,1429.0
5476,2019-01,2019,1,Wales,Flat,131269.0,778,122288.0,1306.0
5477,2019-02,2019,2,Wales,Detached,269928.0,745,254893.0,3082.0
5478,2019-02,2019,2,Wales,Semi-Detached,175623.0,1226,166404.0,1742.0
5479,2019-02,2019,2,Wales,Terraced,147012.0,852,132433.0,1518.0
5480,2019-02,2019,2,Wales,Flat,136821.0,1038,121157.0,1479.0
5481,2019-03,2019,3,Wales,Detached,284333.0,888,266797.0,3441.0
5482,2019-03,2019,3,Wales,Semi-Detached,181480.0,703,170831.0,1821.0
5483,2019-03,2019,3,Wales,Terraced,149926.0,649,138550.0,1526.0
5484,2019-03,2019,3,Wales,Flat,132234.0,841,120986.0,1376.0
5485,2019-04,2019,4,Wales,Detached,282089.0,695,264689.0,2716.0
5486,2019-04,2019,4,Wales,Semi-Detached,179662.0,799,166554.0,1962.0
5487,2019-04,2019,4,Wales,Terraced,151073.0,765,140113.0,1867.0
5488,2019-04,2019,4,Wales,Flat,134907.0,974,127093.0,1629.0
5489,2019-05,2019,5,Wales,Detached,298214.0,643,281026.0,3056.0
5490,2019-05,2019,5,Wales,Semi-Detached,176432.0,756,155350.0,2223.0
5491,2019-05,2019,5,Wales,Terraced,155901.0,747,145727.0,1765.0
5492,2019-05,2019,5,Wales,Flat,137793.0,829,123960.0,1405.0
5493,2019-06,2019,6,Wales,Detached,296033.0,998,281075.0,3344.0
5494,2019-06,2019,6,Wales,Semi-Detached,185307.0,998,170573.0,2429.0
5495,2019-06,2019,6,Wales,Terraced,154099.0,669,138335.0,1940.0
5496,2019-06,2019,6,Wales,Flat,133753.0,935,117880.0,1492.0
5497,2019-07,2019,7,Wales,Detached,285544.0,1187,263601.0,2649.0
5498,2019-07,2019,7,Wales,Semi-Detached,179918.0,318,161015.0,1774.0
5499,2019-07,2019,7,Wales,Terraced,158533.0,794,144185.0,1617.0
5500,2019-07,2019,7,Wales,Flat,133872.0,695,125413.0,1437.0
5501,2019-08,2019,8,Wales,Detached,298737.0,720,275476.0,2741.0
5502,2019-08,2019,8,Wales,Semi-Detached,179153.0,1669,164462.0,1734.0
5503,2019-08,2019,8,Wales,Terraced,158223.0,1042,149996.0,1637.0
5504,2019-08,2019,8,Wales,Flat,139466.0,610,129168.0,1848.0
5505,2019-09,2019,9,Wales,Detached,293496.0,1104,267539.0,2682.0
5506,2019-09,2019,9,Wales,Semi-Detached,184042.0,901,167497.0,1959.0
5507,2019-09,2019,9,Wales,Terraced,155814.0,552,144447.0,1767.0
5508,2019-09,2019,9,Wales,Flat,136540.0,1051,127429.0,1549.0
5509,2019-10,2019,10,Wales,Detached,284489.0,1228,267691.0,2690.0
5510,2019-10,2019,10,Wales,Semi-Detached,180274.0,971,160756.0,2052.0
5511,2019-10,2019,10,Wales,Terraced,159293.0,957,143873.0,1619.0
5512,2019-10,2019,10,Wales,Flat,136979.0,904,122062.0,1438.0
5513,2019-11,2019,11,Wales,Detached,292443.0,609,269605.0,3133.0
5514,2019-11,2019,11,Wales,Semi-Detached,177367.0,776,159996.0,1807.0
5515,2019-11,2019,11,Wales,Terraced,155474.0,704,144468.0,1590.0
5516,2019-11,2019,11,Wales,Flat,135068.0,831,120252.0,1611.0
5517,2019-12,2019,12,Wales,Detached,284648.0,779,270289.0,3523.0
5518,2019-12,2019,12,Wales,Semi-Detached,182109.0,1167,172933.0,2023.0
5519,2019-12,2019,12,Wales,Terraced,153281.0,540,135532.0,1585.0
5520,2019-12,2019,12,Wales,Flat,132677.0,874,124166.0,1739.0
5521,2020-01,2020,1,Wales,Detached,292083.0,969,262766.0,3144.0
5522,2020-01,2020,1,Wales,Semi-Detached,179337.0,1438,167597.0,2021.0
5523,2020-01,2020,1,Wales,Terraced,151488.0,753,141495.0,1480.0
5524,2020-01,2020,1,Wales,Flat,133997.0,673,126552.0,1751.0
5525,2020-02,2020,2,Wales,Detached,292146.0,758,266919.0,3419.0
5526,2020-02,2020,2,Wales,Semi-Detached,188710.0,807,168837.0,2157.0
5527,2020-02,2020,2,Wales,Terraced,157658.0,1040,142340.0,1605.0
5528,2020-02,2020,2,Wales,Flat,138877.0,1086,124540.0,1851.0
5529,2020-03,2020,3,Wales,Detached,292604.0,705,269478.0,2821.0
5530,2020-03,2020,3,Wales,Semi-Detached,182174.0,715,167806.0,1753.0
5531,2020-03,2020,3,Wales,Terraced,153282.0,823,141790.0,1595.0
5532,2020-03,2020,3,Wales,Flat,135049.0,1052,120076.0,1623.0
5533,2020-04,2020,4,Wales,Detached,294973.0,807,272682.0,3001.0
5534,2020-04,2020,4,Wales,Semi-Detached,186284.0,667,170894.0,2214.0
5535,2020-04,2020,4,Wales,Terraced,159147.0,784,144802.0,1640.0
5536,2020-04,2020,4,Wales,Flat,136082.0,667,126871.0,1681.0
5537,2020-05,2020,5,Wales,Detached,288058.0,978,260304.0,3246.0
5538,2020-05,2020,5,Wales,Semi-Detached,179450.0,1093,165073.0,1838.0
5539,2020-05,2020,5,Wales,Terraced,157106.0,1088,144313.0,1992.0
5540,2020-05,2020,5,Wales,Flat,138835.0,918,130147.0,1700.0
5541,2020-06,2020,6,Wales,Detached,294688.0,591,269806.0,3698.0
5542,2020-06,2020,6,Wales,Semi-Detached,183494.0,929,164875.0,1840.0
5543,2020-06,2020,6,Wales,Terraced,157574.0,814,139605.0,1581.0
5544,2020-06,2020,6,Wales,Flat,141749.0,918,129445.0,1349.0
5545,2020-07,2020,7,Wales,Detached,303190.0,861,271660.0,3769.0
5546,2020-07,2020,7,Wales,Semi-Detached,190371.0,862,168125.0,2418.0
5547,2020-07,2020,7,Wales,Terraced,163222.0,517,146297.0,1579.0
5548,2020-07,2020,7,Wales,Flat,144243.0,1184,131505.0,1731.0
5549,2020-08,2020,8,Wales,Detached,309794.0,889,275459.0,3473.0
5550,2020-08,2020,8,Wales,Semi-Detached,190262.0,870,179863.0,1798.0
5551,2020-08,2020,8,Wales,Terraced,163048.0,573,152183.0,1981.0
5552,2020-08,2020,8,Wales,Flat,148667.0,951,137633.0,1491.0
5553,2020-09,2020,9,Wales,Detached,311044.0,828,275913.0,2974.0
5554,2020-09,2020,9,Wales,Semi-Detached,194160.0,983,180575.0,1846.0
5555,2020-09,2020,9,Wales,Terraced,166253.0,767,156287.0,1652.0
5556,2020-09,2020,9,Wales,Flat,146666.0,496,133993.0,1392.0
5557,2020-10,2020,10,Wales,Detached,308148.0,747,289821.0,4059.0
5558,2020-10,2020,10,Wales,Semi-Detached,193059.0,1185,176760.0,2424.0
5559,2020-10,2020,10,Wales,Terraced,165360.0,879,156214.0,1672.0
5560,2020-10,2020,10,Wales,Flat,144120.0,611,131737.0,1497.0
5561,2020-11,2020,11,Wales,Detached,317177.0,1119,285633.0,3659.0
5562,2020-11,2020,11,Wales,Semi-Detached,194638.0,1454,172731.0,2113.0
5563,2020-11,2020,11,Wales,Terraced,164207.0,510,147954.0,1509.0
5564,2020-11,2020,11,Wales,Flat,146535.0,612,134451.0,1488.0
5565,2020-12,2020,12,Wales,Detached,320428.0,964,282803.0,3609.0
5566,2020-12,2020,12,Wales,Semi-Detached,198246.0,1083,182813.0,2580.0
5567,2020-12,2020,12,Wales,Terraced,166103.0,765,154874.0,2151.0
5568,2020-12,2020,12,Wales,Flat,147386.0,546,134473.0,1652.0
5569,2021-01,2021,1,Wales,Detached,324182.0,955,292165.0,3710.0
5570,2021-01,2021,1,Wales,Semi-Detached,197073.0,987,183398.0,2083.0
5571,2021-01,2021,1,Wales,Terraced,179312.0,749,163957.0,1821.0
5572,2021-01,2021,1,Wales,Flat,155795.0,692,143914.0,2050.0
5573,2021-02,2021,2,Wales,Detached,334679.0,541,317181.0,3166.0
5574,2021-02,2021,2,Wales,Semi-Detached,203172.0,568,179594.0,2435.0
5575,2021-02,2021,2,Wales,Terraced,171437.0,862,153957.0,1587.0
5576,2021-02,2021,2,Wales,Flat,153414.0,917,144288.0,1515.0
5577,2021-03,2021,3,Wales,Detached,328603.0,429,308356.0,3601.0
5578,2021-03,2021,3,Wales,Semi-Detached,206946.0,1013,185424.0,1951.0
5579,2021-03,2021,3,Wales,Terraced,176835.0,962,161887.0,1809.0
5580,2021-03,2021,3,Wales,Flat,161139.0,867,152386.0,1476.0
5581,2021-04,2021,4,Wales,Detached,342964.0,935,322445.0,3211.0
5582,2021-04,2021,4,Wales,Semi-Detached,211178.0,959,190773.0,2073.0
5583,2021-04,2021,4,Wales,Terraced,182260.0,485,167602.0,1896.0
5584,2021-04,2021,4,Wales,Flat,161582.0,901,151085.0,1694.0
5585,2021-05,2021,5,Wales,Detached,348676.0,1015,318240.0,3954.0
5586,2021-05,2021,5,Wales,Semi-Detached,219484.0,775,200132.0,2414.0
5587,2021-05,2021,5,Wales,Terraced,183633.0,1234,173902.0,1877.0
5588,2021-05,2021,5,Wales,Flat,163164.0,829,150745.0,2107.0
5589,2021-06,2021,6,Wales,Detached,354295.0,590,321593.0,3441.0
5590,2021-06,2021,6,Wales,Semi-Detached,224049.0,1069,212413.0,2795.0
5591,2021-06,2021,6,Wales,Terraced,192176.0,591,173224.0,2278.0
5592,2021-06,2021,6,Wales,Flat,165842.0,1108,151078.0,1766.0
5593,2021-07,2021,7,Wales,Detached,337610.0,959,319546.0,3974.0
5594,2021-07,2021,7,Wales,Semi-Detached,225409.0,1059,202739.0,2106.0
5595,2021-07,2021,7,Wales,Terraced,186219.0,986,167772.0,2103.0
5596,2021-07,2021,7,Wales,Flat,165984.0,427,155061.0,2087.0
5597,2021-08,2021,8,Wales,Detached,368961.0,687,335198.0,4789.0
5598,2021-08,2021,8,Wales,Semi-Detached,224692.0,1530,197907.0,2330.0
5599,2021-08,2021,8,Wales,Terraced,195388.0,924,172909.0,2578.0
5600,2021-08,2021,8,Wales,Flat,172107.0,764,153391.0,1650.0
5601,2021-09,2021,9,Wales,Detached,361158.0,906,323291.0,3905.0
5602,2021-09,2021,9,Wales,Semi-Detached,221780.0,785,195842.0,2939.0
5603,2021-09,2021,9,Wales,Terraced,189412.0,694,177340.0,1723.0
5604,2021-09,2021,9,Wales,Flat,165747.0,779,146156.0,2080.0
5605,2021-10,2021,10,Wales,Detached,352294.0,477,333194.0,3965.0
5606,2021-10,2021,10,Wales,Semi-Detached,217919.0,1033,191771.0,2047.0
5607,2021-10,2021,10,Wales,Terraced,190714.0,602,181171.0,2389.0
5608,2021-10,2021,10,Wales,Flat,171145.0,722,150993.0,1726.0
5609,2021-11,2021,11,Wales,Detached,360077.0,445,327093.0,4548.0
5610,2021-11,2021,11,Wales,Semi-Detached,229007.0,1195,207365.0,2827.0
5611,2021-11,2021,11,Wales,Terraced,195957.0,1076,176727.0,2582.0
5612,2021-11,2021,11,Wales,Flat,170372.0,934,161723.0,2258.0
5613,2021-12,2021,12,Wales,Detached,359933.0,766,324712.0,4035.0
5614,2021-12,2021,12,Wales,Semi-Detached,224513.0,1392,210321.0,2415.0
5615,2021-12,2021,12,Wales,Terraced,192825.0,647,181532.0,2479.0
5616,2021-12,2021,12,Wales,Flat,172936.0,842,164123.0,1723.0
5617,2022-01,2022,1,Wales,Detached,365731.0,1007,343713.0,4685.0
5618,2022-01,2022,1,Wales,Semi-Detached,236029.0,1115,223466.0,2585.0
5619,2022-01,2022,1,Wales,Terraced,195069.0,846,175922.0,1898.0
5620,2022-01,2022,1,Wales,Flat,175799.0,568,165588.0,2024.0
5621,2022-02,2022,2,Wales,Detached,369490.0,1004,338086.0,3568.0
5622,2022-02,2022,2,Wales,Semi-Detached,234928.0,840,221801.0,2173.0
5623,2022-02,2022,2,Wales,Terraced,197883.0,718,184172.0,2588.0
5624,2022-02,2022,2,Wales,Flat,179846.0,785,165318.0,2205.0
5625,2022-03,2022,3,Wales,Detached,384380.0,1093,347303.0,4711.0
5626,2022-03,2022,3,Wales,Semi-Detached,243132.0,1098,218726.0,2587.0
5627,2022-03,2022,3,Wales,Terraced,199174.0,1004,177570.0,1967.0
5628,2022-03,2022,3,Wales,Flat,182700.0,834,165683.0,2281.0
5629,2022-04,2022,4,Wales,Detached,392431.0,808,362346.0,3909.0
5630,2022-04,2022,4,Wales,Semi-Detached,245125.0,621,218172.0,2749.0
5631,2022-04,2022,4,Wales,Terraced,205752.0,661,193203.0,2332.0
5632,2022-04,2022,4,Wales,Flat,183343.0,1001,167881.0,2201.0
5633,2022-05,2022,5,Wales,Detached,407566.0,490,370946.0,3861.0
5634,2022-05,2022,5,Wales,Semi-Detached,247787.0,803,218378.0,2294.0
5635,2022-05,2022,5,Wales,Terraced,206813.0,610,195137.0,2214.0
5636,2022-05,2022,5,Wales,Flat,182092.0,547,166598.0,1700.0
5637,2022-06,2022,6,Wales,Detached,390028.0,877,344076.0,4495.0
5638,2022-06,2022,6,Wales,Semi-Detached,247754.0,1062,228599.0,2655.0
5639,2022-06,2022,6,Wales,Terraced,212690.0,1102,192684.0,1955.0
5640,2022-06,2022,6,Wales,Flat,187769.0,555,169456.0,2009.0
5641,2022-07,2022,7,Wales,Detached,398261.0,1038,371921.0,5095.0
5642,2022-07,2022,7,Wales,Semi-Detached,253837.0,1295,225806.0,2571.0
5643,2022-07,2022,7,Wales,Terraced,207016.0,765,194444.0,2028.0
5644,2022-07,2022,7,Wales,Flat,185095.0,978,172073.0,1986.0
5645,2022-08,2022,8,Wales,Detached,391054.0,1139,368830.0,4582.0
5646,2022-08,2022,8,Wales,Semi-Detached,248906.0,857,233427.0,2545.0
5647,2022-08,2022,8,Wales,Terraced,214117.0,691,195981.0,2304.0
5648,2022-08,2022,8,Wales,Flat,190222.0,729,171634.0,2430.0
5649,2022-09,2022,9,Wales,Detached,394786.0,586,350501.0,4023.0
5650,2022-09,2022,9,Wales,Semi-Detached,252490.0,756,237087.0,2311.0
5651,2022-09,2022,9,Wales,Terraced,217485.0,871,191468.0,2176.0
5652,2022-09,2022,9,Wales,Flat,184005.0,541,171613.0,1780.0
5653,2022-10,2022,10,Wales,Detached,340976.0,501,318997.0,3623.0
5654,2022-10,2022,10,Wales,Semi-Detached,213742.0,1133,196006.0,2217.0
5655,2022-10,2022,10,Wales,Terraced,180906.0,808,162180.0,2148.0
5656,2022-10,2022,10,Wales,Flat,157593.0,757,143224.0,1808.0
5657,2022-11,2022,11,Wales,Detached,336787.0,796,308377.0,4275.0
5658,2022-11,2022,11,Wales,Semi-Detached,207995.0,1382,188534.0,2381.0
5659,2022-11,2022,11,Wales,Terraced,177400.0,917,156718.0,1959.0
5660,2022-11,2022,11,Wales,Flat,155640.0,900,138009.0,1741.0
5661,2022-12,2022,12,Wales,Detached,336781.0,755,301448.0,3452.0
5662,2022-12,2022,12,Wales,Semi-Detached,213018.0,1372,193924.0,2449.0
5663,2022-12,2022,12,Wales,Terraced,177740.0,536,168287.0,2029.0
5664,2022-12,2022,12,Wales,Flat,155282.0,907,140776.0,1703.0
5665,2023-01,2023,1,Wales,Detached,340163.0,1300,300058.0,3972.0
5666,2023-01,2023,1,Wales,Semi-Detached,202598.0,1235,186204.0,2029.0
5667,2023-01,2023,1,Wales,Terraced,172845.0,609,161422.0,2284.0
5668,2023-01,2023,1,Wales,Flat,158990.0,689,148032.0,1701.0
5669,2023-02,2023,2,Wales,Detached,344362.0,680,303915.0,4158.0
5670,2023-02,2023,2,Wales,Semi-Detached,212848.0,1132,192984.0,2532.0
5671,2023-02,2023,2,Wales,Terraced,184335.0,871,167635.0,1744.0
5672,2023-02,2023,2,Wales,Flat,155869.0,805,139598.0,1717.0
5673,2023-03,2023,3,Wales,Detached,338228.0,723,318592.0,3296.0
5674,2023-03,2023,3,Wales,Semi-Detached,209252.0,1338,196138.0,2073.0
5675,2023-03,2023,3,Wales,Terraced,174866.0,997,162855.0,1866.0
5676,2023-03,2023,3,Wales,Flat,153554.0,780,137544.0,2029.0
5677,2023-04,2023,4,Wales,Detached,344020.0,594,324690.0,4395.0
5678,2023-04,2023,4,Wales,Semi-Detached,218371.0,1169,196391.0,2300.0
5679,2023-04,2023,4,Wales,Terraced,182799.0,901,166653.0,1807.0
5680,2023-04,2023,4,Wales,Flat,157032.0,663,140247.0,1793.0
5681,2023-05,2023,5,Wales,Detached,350138.0,760,322081.0,4064.0
5682,2023-05,2023,5,Wales,Semi-Detached,213299.0,1469,187841.0,2519.0
5683,2023-05,2023,5,Wales,Terraced,180635.0,776,165624.0,1794.0
5684,2023-05,2023,5,Wales,Flat,161971.0,839,146763.0,1838.0
5685,2023-06,2023,6,Wales,Detached,336940.0,1002,299269.0,4011.0
5686,2023-06,2023,6,Wales,Semi-Detached,211421.0,1004,193135.0,2095.0
5687,2023-06,2023,6,Wales,Terraced,179058.0,805,163088.0,1794.0
5688,2023-06,2023,6,Wales,Flat,157046.0,699,148477.0,1647.0
5689,2023-07,2023,7,Wales,Detached,336469.0,609,301680.0,3451.0
5690,2023-07,2023,7,Wales,Semi-Detached,212608.0,882,197257.0,2046.0
5691,2023-07,2023,7,Wales,Terraced,179983.0,980,169931.0,2336.0
5692,2023-07,2023,7,Wales,Flat,163451.0,738,148098.0,1824.0
5693,2023-08,2023,8,Wales,Detached,332401.0,723,304361.0,3093.0
5694,2023-08,2023,8,Wales,Semi-Detached,207652.0,1009,192998.0,2438.0
5695,2023-08,2023,8,Wales,Terraced,175716.0,572,163533.0,1695.0
5696,2023-08,2023,8,Wales,Flat,152836.0,971,137818.0,1926.0
5697,2023-09,2023,9,Wales,Detached,337683.0,889,316522.0,4169.0
5698,2023-09,2023,9,Wales,Semi-Detached,209055.0,1009,186705.0,2102.0
5699,2023-09,2023,9,Wales,Terraced,182645.0,704,168994.0,1879.0
5700,2023-09,2023,9,Wales,Flat,157022.0,720,144619.0,1966.0
5701,2023-10,2023,10,Wales,Detached,340783.0,907,309520.0,4004.0
5702,2023-10,2023,10,Wales,Semi-Detached,203948.0,826,191195.0,2527.0
5703,2023-10,2023,10,Wales,Terraced,176784.0,1018,159610.0,1878.0
5704,2023-10,2023,10,Wales,Flat,151958.0,768,143372.0,1601.0
5705,2023-11,2023,11,Wales,Detached,329443.0,847,309799.0,3524.0
5706,2023-11,2023,11,Wales,Semi-Detached,204958.0,1018,192242.0,2223.0
5707,2023-11,2023,11,Wales,Terraced,174804.0,578,158056.0,2112.0
5708,2023-11,2023,11,Wales,Flat,158420.0,948,143409.0,1837.0
5709,2023-12,2023,12,Wales,Detached,331576.0,1268,301879.0,3189.0
5710,2023-12,2023,12,Wales,Semi-Detached,198886.0,1061,177265.0,1917.0
5711,2023-12,2023,12,Wales,Terraced,173180.0,831,160265.0,1927.0
5712,2023-12,2023,12,Wales,Flat,158303.0,931,139933.0,1673.0
5713,2024-01,2024,1,Wales,Detached,336200.0,973,300518.0,4286.0
5714,2024-01,2024,1,Wales,Semi-Detached,205709.0,1280,193271.0,2111.0
5715,2024-01,2024,1,Wales,Terraced,175747.0,903,155732.0,1729.0
5716,2024-01,2024,1,Wales,Flat,155792.0,690,141401.0,1811.0
5717,2024-02,2024,2,Wales,Detached,323903.0,698,291698.0,4279.0
5718,2024-02,2024,2,Wales,Semi-Detached,210149.0,999,197615.0,2026.0
5719,2024-02,2024,2,Wales,Terraced,178693.0,684,160851.0,2322.0
5720,2024-02,2024,2,Wales,Flat,156628.0,1068,146622.0,1622.0
5721,2024-03,2024,3,Wales,Detached,333339.0,1035,311401.0,3902.0
5722,2024-03,2024,3,Wales,Semi-Detached,210406.0,985,191925.0,1971.0
5723,2024-03,2024,3,Wales,Terraced,176665.0,877,155763.0,2032.0
5724,2024-03,2024,3,Wales,Flat,158214.0,643,148100.0,1478.0
5725,2024-04,2024,4,Wales,Detached,345390.0,608,307527.0,3483.0
5726,2024-04,2024,4,Wales,Semi-Detached,214828.0,1303,198690.0,2343.0
5727,2024-04,2024,4,Wales,Terraced,182833.0,941,173263.0,1723.0
5728,2024-04,2024,4,Wales,Flat,160238.0,996,147450.0,2023.0
5729,2024-05,2024,5,Wales,Detached,339714.0,892,309384.0,4475.0
5730,2024-05,2024,5,Wales,Semi-Detached,217550.0,826,198842.0,2023.0
5731,2024-05,2024,5,Wales,Terraced,176696.0,809,160043.0,1611.0
5732,2024-05,2024,5,Wales,Flat,157831.0,762,149936.0,1697.0
5733,2024-06,2024,6,Wales,Detached,346504.0,552,310411.0,3562.0
5734,2024-06,2024,6,Wales,Semi-Detached,212850.0,767,188341.0,2504.0
5735,2024-06,2024,6,Wales,Terraced,183506.0,618,170584.0,1812.0
5736,2024-06,2024,6,Wales,Flat,161498.0,704,145376.0,2053.0
5737,2024-07,2024,7,Wales,Detached,364858.0,972,332692.0,3608.0
5738,2024-07,2024,7,Wales,Semi-Detached,232414.0,946,206256.0,2708.0
5739,2024-07,2024,7,Wales,Terraced,195458.0,854,182858.0,2213.0
5740,2024-07,2024,7,Wales,Flat,173601.0,1179,162766.0,1723.0
5741,2024-08,2024,8,Wales,Detached,386372.0,952,360182.0,4850.0
5742,2024-08,2024,8,Wales,Semi-Detached,237147.0,781,222807.0,2655.0
5743,2024-08,2024,8,Wales,Terraced,194237.0,549,183578.0,2285.0
5744,2024-08,2024,8,Wales,Flat,172617.0,774,158202.0,1644.0
5745,2024-09,2024,9,Wales,Detached,370754.0,638,330814.0,3860.0
5746,2024-09,2024,9,Wales,Semi-Detached,236775.0,831,209011.0,2217.0
5747,2024-09,2024,9,Wales,Terraced,203392.0,615,186059.0,2677.0
5748,2024-09,2024,9,Wales,Flat,177806.0,858,162907.0,2161.0
5749,2024-10,2024,10,Wales,Detached,361492.0,999,332799.0,4278.0
5750,2024-10,2024,10,Wales,Semi-Detached,223699.0,948,206767.0,2488.0
5751,2024-10,2024,10,Wales,Terraced,190251.0,775,175212.0,2131.0
5752,2024-10,2024,10,Wales,Flat,172342.0,827,158039.0,1680.0
5753,2024-11,2024,11,Wales,Detached,371234.0,912,350217.0,4183.0
5754,2024-11,2024,11,Wales,Semi-Detached,229853.0,1112,212369.0,2602.0
5755,2024-11,2024,11,Wales,Terraced,196492.0,667,175339.0,2089.0
5756,2024-11,2024,11,Wales,Flat,176245.0,1050,160734.0,1703.0
5757,2024-12,2024,12,Wales,Detached,375260.0,447,335705.0,4241.0
5758,2024-12,2024,12,Wales,Semi-Detached,230782.0,1162,216177.0,2718.0
5759,2024-12,2024,12,Wales,Terraced,194739.0,977,180287.0,1958.0
5760,2024-12,2024,12,Wales,Flat,173166.0,374,157280.0,1601.0
5761,2025-01,2025,1,Wales,Detached,367530.0,1086,341367.0,3424.0
5762,2025-01,2025,1,Wales,Semi-Detached,227687.0,947,207619.0,2251.0
5763,2025-01,2025,1,Wales,Terraced,198797.0,751,181126.0,1867.0
5764,2025-01,2025,1,Wales,Flat,175350.0,738,165411.0,1701.0
5765,2025-02,2025,2,Wales,Detached,366837.0,572,331880.0,3430.0
5766,2025-02,2025,2,Wales,Semi-Detached,230996.0,1037,214554.0,2606.0
5767,2025-02,2025,2,Wales,Terraced,201023.0,1123,183666.0,1860.0
5768,2025-02,2025,2,Wales,Flat,178199.0,663,165238.0,2365.0
5769,2025-03,2025,3,Wales,Detached,375414.0,904,336659.0,4098.0
5770,2025-03,2025,3,Wales,Semi-Detached,234063.0,1165,217782.0,2703.0
5771,2025-03,2025,3,Wales,Terraced,196674.0,1036,174371.0,1969.0
5772,2025-03,2025,3,Wales,Flat,178574.0,645,163966.0,2154.0
5773,2025-04,2025,4,Wales,Detached,384784.0,613,354473.0,3827.0
5774,2025-04,2025,4,Wales,Semi-Detached,242808.0,913,229871.0,2626.0
5775,2025-04,2025,4,Wales,Terraced,204735.0,1120,181163.0,2369.0
5776,2025-04,2025,4,Wales,Flat,181950.0,547,163738.0,1859.0
5777,2025-05,2025,5,Wales,Detached,386905.0,895,342302.0,4701.0
5778,2025-05,2025,5,Wales,Semi-Detached,247514.0,1079,222562.0,2990.0
5779,2025-05,2025,5,Wales,Terraced,203827.0,420,181373.0,2175.0
5780,2025-05,2025,5,Wales,Flat,186240.0,1091,165231.0,1926.0
5781,2025-06,2025,6,Wales,Detached,377868.0,527,338668.0,4968.0
5782,2025-06,2025,6,Wales,Semi-Detached,241902.0,1273,224407.0,2236.0
5783,2025-06,2025,6,Wales,Terraced,200768.0,1054,180446.0,1864.0
5784,2025-06,2025,6,Wales,Flat,185758.0,1049,169009.0,1776.0
5785,2025-07,2025,7,Wales,Detached,395489.0,526,348212.0,3830.0
5786,2025-07,2025,7,Wales,Semi-Detached,250682.0,1047,226500.0,2882.0
5787,2025-07,2025,7,Wales,Terraced,203738.0,828,185113.0,2503.0
5788,2025-07,2025,7,Wales,Flat,182658.0,526,162089.0,2380.0
5789,2025-08,2025,8,Wales,Detached,392908.0,724,357496.0,4821.0
5790,2025-08,2025,8,Wales,Semi-Detached,244240.0,1122,230580.0,2556.0
5791,2025-08,2025,8,Wales,Terraced,207385.0,427,186626.0,2064.0
5792,2025-08,2025,8,Wales,Flat,181266.0,791,160836.0,1806.0
5793,2025-09,2025,9,Wales,Detached,386749.0,1083,347886.0,4567.0
5794,2025-09,2025,9,Wales,Semi-Detached,243134.0,974,224455.0,2242.0
5795,2025-09,2025,9,Wales,Terraced,207410.0,631,196302.0,1894.0
5796,2025-09,2025,9,Wales,Flat,181198.0,946,170130.0,2178.0
5797,2025-10,2025,10,Wales,Detached,391220.0,761,369002.0,4923.0
5798,2025-10,2025,10,Wales,Semi-Detached,239855.0,696,224179.0,2488.0
5799,2025-10,2025,10,Wales,Terraced,213036.0,877,188906.0,2323.0
5800,2025-10,2025,10,Wales,Flat,175906.0,835,161446.0,1850.0
5801,2025-11,2025,11,Wales,Detached,392733.0,871,345906.0,3827.0
5802,2025-11,2025,11,Wales,Semi-Detached,235666.0,1238,211768.0,3126.0
5803,2025-11,2025,11,Wales,Terraced,206067.0,659,183052.0,2400.0
5804,2025-11,2025,11,Wales,Flat,182529.0,802,163356.0,1959.0
5805,2025-12,2025,12,Wales,Detached,386603.0,580,356392.0,5010.0
5806,2025-12,2025,12,Wales,Semi-Detached,236573.0,826,212165.0,2460.0
5807,2025-12,2025,12,Wales,Terraced,211539.0,1040,188507.0,2489.0
5808,2025-12,2025,12,Wales,Flat,182355.0,510,166357.0,2107.0
5809,2015-01,2015,1,Northern Ireland,Detached,205382.0,677,193176.0,2647.0
5810,2015-01,2015,1,Northern Ireland,Semi-Detached,130632.0,651,124038.0,1193.0
5811,2015-01,2015,1,Northern Ireland,Terraced,107095.0,897,98258.0,1332.0
5812,2015-01,2015,1,Northern Ireland,Flat,94462.0,589,84546.0,1119.0
5813,2015-02,2015,2,Northern Ireland,Detached,200512.0,827,182837.0,2481.0
5814,2015-02,2015,2,Northern Ireland,Semi-Detached,128407.0,986,120995.0,1567.0
5815,2015-02,2015,2,Northern Ireland,Terraced,108790.0,1048,99348.0,1277.0
5816,2015-02,2015,2,Northern Ireland,Flat,98268.0,895,88445.0,1177.0
5817,2015-03,2015,3,Northern Ireland,Detached,209919.0,652,193841.0,2258.0
5818,2015-03,2015,3,Northern Ireland,Semi-Detached,130528.0,1121,118945.0,1580.0
5819,2015-03,2015,3,Northern Ireland,Terraced,109181.0,776,96779.0,1006.0
5820,2015-03,2015,3,Northern Ireland,Flat,94289.0,657,88405.0,1093.0
5821,2015-04,2015,4,Northern Ireland,Detached,207536.0,935,193286.0,2069.0
5822,2015-04,2015,4,Northern Ireland,Semi-Detached,129695.0,1121,116435.0,1467.0
5823,2015-04,2015,4,Northern Ireland,Terraced,112192.0,619,104103.0,1078.0
5824,2015-04,2015,4,Northern Ireland,Flat,97889.0,655,91848.0,922.0
5825,2015-05,2015,5,Northern Ireland,Detached,213178.0,1001,187865.0,2225.0
5826,2015-05,2015,5,Northern Ireland,Semi-Detached,134763.0,578,125664.0,1498.0
5827,2015-05,2015,5,Northern Ireland,Terraced,115571.0,839,103713.0,1201.0
5828,2015-05,2015,5,Northern Ireland,Flat,103075.0,677,97834.0,1064.0
5829,2015-06,2015,6,Northern Ireland,Detached,212194.0,724,199141.0,2005.0
5830,2015-06,2015,6,Northern Ireland,Semi-Detached,131627.0,1041,117003.0,1377.0
5831,2015-06,2015,6,Northern Ireland,Terraced,117549.0,812,105955.0,1320.0
5832,2015-06,2015,6,Northern Ireland,Flat,100877.0,747,91760.0,941.0
5833,2015-07,2015,7,Northern Ireland,Detached,219126.0,887,193080.0,2535.0
5834,2015-07,2015,7,Northern Ireland,Semi-Detached,133096.0,1082,122088.0,1621.0
5835,2015-07,2015,7,Northern Ireland,Terraced,114372.0,709,102635.0,1400.0
5836,2015-07,2015,7,Northern Ireland,Flat,100966.0,1132,95595.0,1215.0
5837,2015-08,2015,8,Northern Ireland,Detached,206614.0,1031,182715.0,2273.0
5838,2015-08,2015,8,Northern Ireland,Semi-Detached,133797.0,793,119824.0,1544.0
5839,2015-08,2015,8,Northern Ireland,Terraced,113125.0,591,107301.0,1051.0
5840,2015-08,2015,8,Northern Ireland,Flat,102381.0,810,97199.0,1171.0
5841,2015-09,2015,9,Northern Ireland,Detached,215284.0,538,199839.0,2619.0
5842,2015-09,2015,9,Northern Ireland,Semi-Detached,135685.0,736,121730.0,1805.0
5843,2015-09,2015,9,Northern Ireland,Terraced,113303.0,727,100392.0,1452.0
5844,2015-09,2015,9,Northern Ireland,Flat,102037.0,835,90828.0,1300.0
5845,2015-10,2015,10,Northern Ireland,Detached,219909.0,432,198052.0,2569.0
5846,2015-10,2015,10,Northern Ireland,Semi-Detached,130113.0,852,122836.0,1702.0
5847,2015-10,2015,10,Northern Ireland,Terraced,114785.0,681,107712.0,1455.0
5848,2015-10,2015,10,Northern Ireland,Flat,99746.0,455,89851.0,1243.0
5849,2015-11,2015,11,Northern Ireland,Detached,209117.0,708,189116.0,2288.0
5850,2015-11,2015,11,Northern Ireland,Semi-Detached,136252.0,1372,123019.0,1426.0
5851,2015-11,2015,11,Northern Ireland,Terraced,115213.0,1102,102715.0,1372.0
5852,2015-11,2015,11,Northern Ireland,Flat,99383.0,989,91446.0,914.0
5853,2015-12,2015,12,Northern Ireland,Detached,213284.0,610,193947.0,2222.0
5854,2015-12,2015,12,Northern Ireland,Semi-Detached,134318.0,1137,124502.0,1378.0
5855,2015-12,2015,12,Northern Ireland,Terraced,113235.0,906,106248.0,1056.0
5856,2015-12,2015,12,Northern Ireland,Flat,102770.0,786,93150.0,1276.0
5857,2016-01,2016,1,Northern Ireland,Detached,214235.0,1012,189817.0,2816.0
5858,2016-01,2016,1,Northern Ireland,Semi-Detached,132913.0,618,120852.0,1490.0
5859,2016-01,2016,1,Northern Ireland,Terraced,114916.0,764,104553.0,1054.0
5860,2016-01,2016,1,Northern Ireland,Flat,100243.0,1152,93114.0,986.0
5861,2016-02,2016,2,Northern Ireland,Detached,213088.0,766,194452.0,2182.0
5862,2016-02,2016,2,Northern Ireland,Semi-Detached,134440.0,1084,118918.0,1236.0
5863,2016-02,2016,2,Northern Ireland,Terraced,114630.0,641,107034.0,1283.0
5864,2016-02,2016,2,Northern Ireland,Flat,101652.0,534,93502.0,1119.0
5865,2016-03,2016,3,Northern Ireland,Detached,220756.0,645,200327.0,2187.0
5866,2016-03,2016,3,Northern Ireland,Semi-Detached,137739.0,1159,122689.0,1753.0
5867,2016-03,2016,3,Northern Ireland,Terraced,114060.0,1204,101278.0,1065.0
5868,2016-03,2016,3,Northern Ireland,Flat,103223.0,717,92301.0,1275.0
5869,2016-04,2016,4,Northern Ireland,Detached,213572.0,780,202155.0,2427.0
5870,2016-04,2016,4,Northern Ireland,Semi-Detached,137482.0,839,123284.0,1487.0
5871,2016-04,2016,4,Northern Ireland,Terraced,118038.0,427,109403.0,1155.0
5872,2016-04,2016,4,Northern Ireland,Flat,102484.0,932,91017.0,1090.0
5873,2016-05,2016,5,Northern Ireland,Detached,221939.0,641,210512.0,2186.0
5874,2016-05,2016,5,Northern Ireland,Semi-Detached,140324.0,1043,129012.0,1413.0
5875,2016-05,2016,5,Northern Ireland,Terraced,116117.0,68,105173.0,1374.0
5876,2016-05,2016,5,Northern Ireland,Flat,102787.0,771,90909.0,1271.0
5877,2016-06,2016,6,Northern Ireland,Detached,223698.0,1015,209049.0,2165.0
5878,2016-06,2016,6,Northern Ireland,Semi-Detached,139686.0,1374,124656.0,1742.0
5879,2016-06,2016,6,Northern Ireland,Terraced,114992.0,1011,105685.0,1244.0
5880,2016-06,2016,6,Northern Ireland,Flat,103814.0,817,91595.0,1035.0
5881,2016-07,2016,7,Northern Ireland,Detached,219880.0,871,206352.0,2458.0
5882,2016-07,2016,7,Northern Ireland,Semi-Detached,139807.0,805,126812.0,1389.0
5883,2016-07,2016,7,Northern Ireland,Terraced,119264.0,740,106426.0,1157.0
5884,2016-07,2016,7,Northern Ireland,Flat,108488.0,960,100114.0,1232.0
5885,2016-08,2016,8,Northern Ireland,Detached,217712.0,1290,201449.0,2384.0
5886,2016-08,2016,8,Northern Ireland,Semi-Detached,135519.0,1306,127211.0,1361.0
5887,2016-08,2016,8,Northern Ireland,Terraced,119313.0,700,109066.0,1471.0
5888,2016-08,2016,8,Northern Ireland,Flat,104117.0,705,97928.0,1008.0
5889,2016-09,2016,9,Northern Ireland,Detached,221323.0,746,208009.0,2037.0
5890,2016-09,2016,9,Northern Ireland,Semi-Detached,136068.0,1244,125206.0,1788.0
5891,2016-09,2016,9,Northern Ireland,Terraced,115523.0,1074,103893.0,1086.0
5892,2016-09,2016,9,Northern Ireland,Flat,103432.0,784,92178.0,992.0
5893,2016-10,2016,10,Northern Ireland,Detached,225085.0,725,206445.0,2451.0
5894,2016-10,2016,10,Northern Ireland,Semi-Detached,137229.0,1381,128466.0,1748.0
5895,2016-10,2016,10,Northern Ireland,Terraced,119690.0,989,112860.0,1445.0
5896,2016-10,2016,10,Northern Ireland,Flat,101452.0,1198,91996.0,1289.0
5897,2016-11,2016,11,Northern Ireland,Detached,220177.0,668,206525.0,2829.0
5898,2016-11,2016,11,Northern Ireland,Semi-Detached,140715.0,1287,132093.0,1598.0
5899,2016-11,2016,11,Northern Ireland,Terraced,117724.0,707,110520.0,1258.0
5900,2016-11,2016,11,Northern Ireland,Flat,105810.0,777,97483.0,1123.0
5901,2016-12,2016,12,Northern Ireland,Detached,226070.0,975,213470.0,2206.0
5902,2016-12,2016,12,Northern Ireland,Semi-Detached,139282.0,908,123759.0,1439.0
5903,2016-12,2016,12,Northern Ireland,Terraced,118014.0,888,108014.0,1375.0
5904,2016-12,2016,12,Northern Ireland,Flat,104191.0,783,93159.0,1093.0
5905,2017-01,2017,1,Northern Ireland,Detached,227648.0,800,208561.0,2985.0
5906,2017-01,2017,1,Northern Ireland,Semi-Detached,140819.0,441,128017.0,1444.0
5907,2017-01,2017,1,Northern Ireland,Terraced,120600.0,611,110346.0,1175.0
5908,2017-01,2017,1,Northern Ireland,Flat,105773.0,554,95400.0,1283.0
5909,2017-02,2017,2,Northern Ireland,Detached,226229.0,614,207648.0,2917.0
5910,2017-02,2017,2,Northern Ireland,Semi-Detached,142499.0,669,127178.0,1368.0
5911,2017-02,2017,2,Northern Ireland,Terraced,122039.0,956,114366.0,1476.0
5912,2017-02,2017,2,Northern Ireland,Flat,105193.0,1064,97480.0,1327.0
5913,2017-03,2017,3,Northern Ireland,Detached,226408.0,980,206748.0,2462.0
5914,2017-03,2017,3,Northern Ireland,Semi-Detached,142373.0,812,128809.0,1403.0
5915,2017-03,2017,3,Northern Ireland,Terraced,124663.0,725,112772.0,1463.0
5916,2017-03,2017,3,Northern Ireland,Flat,107021.0,996,95618.0,1130.0
5917,2017-04,2017,4,Northern Ireland,Detached,234107.0,339,216187.0,2203.0
5918,2017-04,2017,4,Northern Ireland,Semi-Detached,143148.0,1460,127603.0,1810.0
5919,2017-04,2017,4,Northern Ireland,Terraced,120836.0,906,114773.0,1355.0
5920,2017-04,2017,4,Northern Ireland,Flat,110485.0,552,99116.0,1197.0
5921,2017-05,2017,5,Northern Ireland,Detached,226357.0,676,213523.0,2204.0
5922,2017-05,2017,5,Northern Ireland,Semi-Detached,145166.0,776,130586.0,1675.0
5923,2017-05,2017,5,Northern Ireland,Terraced,121238.0,681,114449.0,1545.0
5924,2017-05,2017,5,Northern Ireland,Flat,107953.0,685,96938.0,1035.0
5925,2017-06,2017,6,Northern Ireland,Detached,231155.0,912,217522.0,2244.0
5926,2017-06,2017,6,Northern Ireland,Semi-Detached,148805.0,1158,137403.0,1608.0
5927,2017-06,2017,6,Northern Ireland,Terraced,122893.0,682,112941.0,1158.0
5928,2017-06,2017,6,Northern Ireland,Flat,111823.0,833,101198.0,1126.0
5929,2017-07,2017,7,Northern Ireland,Detached,243492.0,557,216720.0,2229.0
5930,2017-07,2017,7,Northern Ireland,Semi-Detached,150970.0,1028,137346.0,1723.0
5931,2017-07,2017,7,Northern Ireland,Terraced,125966.0,941,118832.0,1418.0
5932,2017-07,2017,7,Northern Ireland,Flat,113536.0,989,107810.0,1042.0
5933,2017-08,2017,8,Northern Ireland,Detached,234250.0,888,206521.0,2255.0
5934,2017-08,2017,8,Northern Ireland,Semi-Detached,149091.0,1215,134122.0,1531.0
5935,2017-08,2017,8,Northern Ireland,Terraced,124846.0,420,113207.0,1167.0
5936,2017-08,2017,8,Northern Ireland,Flat,111725.0,504,101141.0,1138.0
5937,2017-09,2017,9,Northern Ireland,Detached,237489.0,762,221730.0,2702.0
5938,2017-09,2017,9,Northern Ireland,Semi-Detached,147568.0,1043,136596.0,1927.0
5939,2017-09,2017,9,Northern Ireland,Terraced,123545.0,979,113219.0,1621.0
5940,2017-09,2017,9,Northern Ireland,Flat,110118.0,974,98441.0,1059.0
5941,2017-10,2017,10,Northern Ireland,Detached,231306.0,1200,218375.0,2607.0
5942,2017-10,2017,10,Northern Ireland,Semi-Detached,146840.0,733,135112.0,1693.0
5943,2017-10,2017,10,Northern Ireland,Terraced,121475.0,467,109374.0,1216.0
5944,2017-10,2017,10,Northern Ireland,Flat,107692.0,1194,97769.0,1227.0
5945,2017-11,2017,11,Northern Ireland,Detached,232813.0,621,213801.0,2281.0
5946,2017-11,2017,11,Northern Ireland,Semi-Detached,143496.0,1192,134587.0,1311.0
5947,2017-11,2017,11,Northern Ireland,Terraced,123874.0,857,114198.0,1558.0
5948,2017-11,2017,11,Northern Ireland,Flat,111058.0,939,101672.0,1119.0
5949,2017-12,2017,12,Northern Ireland,Detached,241682.0,265,219419.0,2414.0
5950,2017-12,2017,12,Northern Ireland,Semi-Detached,147978.0,1154,139418.0,1807.0
5951,2017-12,2017,12,Northern Ireland,Terraced,129244.0,723,119527.0,1443.0
5952,2017-12,2017,12,Northern Ireland,Flat,112266.0,1184,100961.0,1150.0
5953,2018-01,2018,1,Northern Ireland,Detached,233942.0,801,212437.0,2733.0
5954,2018-01,2018,1,Northern Ireland,Semi-Detached,148235.0,1613,140464.0,1423.0
5955,2018-01,2018,1,Northern Ireland,Terraced,126594.0,764,114878.0,1663.0
5956,2018-01,2018,1,Northern Ireland,Flat,114330.0,998,103684.0,1254.0
5957,2018-02,2018,2,Northern Ireland,Detached,234489.0,610,207366.0,2430.0
5958,2018-02,2018,2,Northern Ireland,Semi-Detached,153456.0,765,140916.0,1490.0
5959,2018-02,2018,2,Northern Ireland,Terraced,127876.0,949,117000.0,1463.0
5960,2018-02,2018,2,Northern Ireland,Flat,111044.0,573,102491.0,1475.0
5961,2018-03,2018,3,Northern Ireland,Detached,248357.0,265,227585.0,3079.0
5962,2018-03,2018,3,Northern Ireland,Semi-Detached,150113.0,955,139555.0,1570.0
5963,2018-03,2018,3,Northern Ireland,Terraced,127459.0,1332,117154.0,1486.0
5964,2018-03,2018,3,Northern Ireland,Flat,112236.0,1122,102413.0,1106.0
5965,2018-04,2018,4,Northern Ireland,Detached,243296.0,823,229260.0,2839.0
5966,2018-04,2018,4,Northern Ireland,Semi-Detached,155696.0,1312,144643.0,1454.0
5967,2018-04,2018,4,Northern Ireland,Terraced,131998.0,407,121883.0,1208.0
5968,2018-04,2018,4,Northern Ireland,Flat,115465.0,782,102812.0,1135.0
5969,2018-05,2018,5,Northern Ireland,Detached,250195.0,830,230731.0,2345.0
5970,2018-05,2018,5,Northern Ireland,Semi-Detached,153644.0,843,137460.0,2041.0
5971,2018-05,2018,5,Northern Ireland,Terraced,131866.0,925,125254.0,1475.0
5972,2018-05,2018,5,Northern Ireland,Flat,117415.0,897,104176.0,1481.0
5973,2018-06,2018,6,Northern Ireland,Detached,251785.0,1047,225986.0,2434.0
5974,2018-06,2018,6,Northern Ireland,Semi-Detached,152521.0,898,139845.0,1540.0
5975,2018-06,2018,6,Northern Ireland,Terraced,135936.0,775,123096.0,1789.0
5976,2018-06,2018,6,Northern Ireland,Flat,116075.0,645,107306.0,1421.0
5977,2018-07,2018,7,Northern Ireland,Detached,259417.0,713,242069.0,3006.0
5978,2018-07,2018,7,Northern Ireland,Semi-Detached,155572.0,1251,144919.0,1837.0
5979,2018-07,2018,7,Northern Ireland,Terraced,131191.0,876,118623.0,1458.0
5980,2018-07,2018,7,Northern Ireland,Flat,118634.0,625,108291.0,1212.0
5981,2018-08,2018,8,Northern Ireland,Detached,257681.0,965,236612.0,3143.0
5982,2018-08,2018,8,Northern Ireland,Semi-Detached,157752.0,409,147436.0,1612.0
5983,2018-08,2018,8,Northern Ireland,Terraced,133166.0,787,118191.0,1619.0
5984,2018-08,2018,8,Northern Ireland,Flat,114740.0,662,105995.0,1502.0
5985,2018-09,2018,9,Northern Ireland,Detached,242775.0,951,227212.0,2983.0
5986,2018-09,2018,9,Northern Ireland,Semi-Detached,154594.0,922,139403.0,1498.0
5987,2018-09,2018,9,Northern Ireland,Terraced,130802.0,565,119121.0,1596.0
5988,2018-09,2018,9,Northern Ireland,Flat,115053.0,743,104062.0,1067.0
5989,2018-10,2018,10,Northern Ireland,Detached,245856.0,843,229445.0,2505.0
5990,2018-10,2018,10,Northern Ireland,Semi-Detached,150685.0,1039,139074.0,1723.0
5991,2018-10,2018,10,Northern Ireland,Terraced,128055.0,598,119282.0,1179.0
5992,2018-10,2018,10,Northern Ireland,Flat,114494.0,364,107577.0,1321.0
5993,2018-11,2018,11,Northern Ireland,Detached,242274.0,716,227567.0,2247.0
5994,2018-11,2018,11,Northern Ireland,Semi-Detached,148454.0,1226,132318.0,1844.0
5995,2018-11,2018,11,Northern Ireland,Terraced,129869.0,802,115975.0,1410.0
5996,2018-11,2018,11,Northern Ireland,Flat,115927.0,915,109027.0,1221.0
5997,2018-12,2018,12,Northern Ireland,Detached,247210.0,1022,228050.0,2434.0
5998,2018-12,2018,12,Northern Ireland,Semi-Detached,152703.0,1005,138122.0,1577.0
5999,2018-12,2018,12,Northern Ireland,Terraced,130499.0,731,117516.0,1714.0
6000,2018-12,2018,12,Northern Ireland,Flat,114324.0,974,101599.0,1149.0
6001,2019-01,2019,1,Northern Ireland,Detached,248179.0,621,222117.0,3182.0
6002,2019-01,2019,1,Northern Ireland,Semi-Detached,153818.0,1153,144256.0,1869.0
6003,2019-01,2019,1,Northern Ireland,Terraced,134020.0,1116,126145.0,1366.0
6004,2019-01,2019,1,Northern Ireland,Flat,114409.0,780,106424.0,1047.0
6005,2019-02,2019,2,Northern Ireland,Detached,260641.0,868,245381.0,2917.0
6006,2019-02,2019,2,Northern Ireland,Semi-Detached,159691.0,385,140742.0,1729.0
6007,2019-02,2019,2,Northern Ireland,Terraced,134842.0,761,119489.0,1481.0
6008,2019-02,2019,2,Northern Ireland,Flat,119578.0,1131,107578.0,1361.0
6009,2019-03,2019,3,Northern Ireland,Detached,252802.0,1034,228794.0,2770.0
6010,2019-03,2019,3,Northern Ireland,Semi-Detached,155155.0,1397,138829.0,1744.0
6011,2019-03,2019,3,Northern Ireland,Terraced,134864.0,553,119245.0,1268.0
6012,2019-03,2019,3,Northern Ireland,Flat,119289.0,578,105420.0,1506.0
6013,2019-04,2019,4,Northern Ireland,Detached,263810.0,730,243995.0,3295.0
6014,2019-04,2019,4,Northern Ireland,Semi-Detached,157037.0,1487,143302.0,1524.0
6015,2019-04,2019,4,Northern Ireland,Terraced,134152.0,714,126256.0,1628.0
6016,2019-04,2019,4,Northern Ireland,Flat,121855.0,592,113063.0,1183.0
6017,2019-05,2019,5,Northern Ireland,Detached,252992.0,823,227814.0,2553.0
6018,2019-05,2019,5,Northern Ireland,Semi-Detached,158185.0,1182,149067.0,1441.0
6019,2019-05,2019,5,Northern Ireland,Terraced,136464.0,687,123011.0,1383.0
6020,2019-05,2019,5,Northern Ireland,Flat,120369.0,717,106398.0,1314.0
6021,2019-06,2019,6,Northern Ireland,Detached,251379.0,588,230672.0,2484.0
6022,2019-06,2019,6,Northern Ireland,Semi-Detached,161906.0,966,142776.0,1789.0
6023,2019-06,2019,6,Northern Ireland,Terraced,138268.0,820,127230.0,1716.0
6024,2019-06,2019,6,Northern Ireland,Flat,116580.0,882,106502.0,1423.0
6025,2019-07,2019,7,Northern Ireland,Detached,257872.0,915,228345.0,2430.0
6026,2019-07,2019,7,Northern Ireland,Semi-Detached,164796.0,639,145547.0,1697.0
6027,2019-07,2019,7,Northern Ireland,Terraced,138993.0,951,122653.0,1820.0
6028,2019-07,2019,7,Northern Ireland,Flat,120445.0,943,113316.0,1534.0
6029,2019-08,2019,8,Northern Ireland,Detached,255413.0,988,233582.0,2490.0
6030,2019-08,2019,8,Northern Ireland,Semi-Detached,154425.0,988,136019.0,1628.0
6031,2019-08,2019,8,Northern Ireland,Terraced,137680.0,704,123643.0,1396.0
6032,2019-08,2019,8,Northern Ireland,Flat,123115.0,1110,110642.0,1460.0
6033,2019-09,2019,9,Northern Ireland,Detached,255044.0,701,236104.0,2699.0
6034,2019-09,2019,9,Northern Ireland,Semi-Detached,164976.0,1084,154579.0,1503.0
6035,2019-09,2019,9,Northern Ireland,Terraced,136685.0,810,124249.0,1814.0
6036,2019-09,2019,9,Northern Ireland,Flat,121444.0,613,110089.0,1443.0
6037,2019-10,2019,10,Northern Ireland,Detached,258020.0,348,233545.0,2735.0
6038,2019-10,2019,10,Northern Ireland,Semi-Detached,163173.0,703,153344.0,1970.0
6039,2019-10,2019,10,Northern Ireland,Terraced,141846.0,823,130430.0,1616.0
6040,2019-10,2019,10,Northern Ireland,Flat,120741.0,813,109379.0,1289.0
6041,2019-11,2019,11,Northern Ireland,Detached,255942.0,1044,227260.0,2334.0
6042,2019-11,2019,11,Northern Ireland,Semi-Detached,162708.0,616,146020.0,1712.0
6043,2019-11,2019,11,Northern Ireland,Terraced,139401.0,811,129128.0,1593.0
6044,2019-11,2019,11,Northern Ireland,Flat,122588.0,497,113933.0,1400.0
6045,2019-12,2019,12,Northern Ireland,Detached,254574.0,567,239240.0,2525.0
6046,2019-12,2019,12,Northern Ireland,Semi-Detached,161894.0,969,143315.0,2110.0
6047,2019-12,2019,12,Northern Ireland,Terraced,136766.0,669,126106.0,1400.0
6048,2019-12,2019,12,Northern Ireland,Flat,122170.0,958,109281.0,1262.0
6049,2020-01,2020,1,Northern Ireland,Detached,261212.0,1052,235045.0,2750.0
6050,2020-01,2020,1,Northern Ireland,Semi-Detached,164952.0,1016,146280.0,1632.0
6051,2020-01,2020,1,Northern Ireland,Terraced,137372.0,744,126934.0,1796.0
6052,2020-01,2020,1,Northern Ireland,Flat,123075.0,496,110276.0,1261.0
6053,2020-02,2020,2,Northern Ireland,Detached,265227.0,994,250765.0,2456.0
6054,2020-02,2020,2,Northern Ireland,Semi-Detached,162071.0,1819,146428.0,1620.0
6055,2020-02,2020,2,Northern Ireland,Terraced,139865.0,813,125418.0,1629.0
6056,2020-02,2020,2,Northern Ireland,Flat,123866.0,680,109861.0,1362.0
6057,2020-03,2020,3,Northern Ireland,Detached,255131.0,877,225678.0,2748.0
6058,2020-03,2020,3,Northern Ireland,Semi-Detached,153558.0,1404,138200.0,1397.0
6059,2020-03,2020,3,Northern Ireland,Terraced,141791.0,728,124805.0,1626.0
6060,2020-03,2020,3,Northern Ireland,Flat,116726.0,823,107302.0,1228.0
6061,2020-04,2020,4,Northern Ireland,Detached,262971.0,682,231475.0,3034.0
6062,2020-04,2020,4,Northern Ireland,Semi-Detached,163900.0,1108,146924.0,1745.0
6063,2020-04,2020,4,Northern Ireland,Terraced,140110.0,821,123792.0,1559.0
6064,2020-04,2020,4,Northern Ireland,Flat,120240.0,863,110709.0,1396.0
6065,2020-05,2020,5,Northern Ireland,Detached,252327.0,1164,235620.0,2916.0
6066,2020-05,2020,5,Northern Ireland,Semi-Detached,160635.0,1522,144484.0,1911.0
6067,2020-05,2020,5,Northern Ireland,Terraced,135140.0,986,120504.0,1275.0
6068,2020-05,2020,5,Northern Ireland,Flat,125048.0,583,116026.0,1584.0
6069,2020-06,2020,6,Northern Ireland,Detached,261705.0,775,231060.0,3014.0
6070,2020-06,2020,6,Northern Ireland,Semi-Detached,167709.0,778,155497.0,2091.0
6071,2020-06,2020,6,Northern Ireland,Terraced,144587.0,795,135724.0,1441.0
6072,2020-06,2020,6,Northern Ireland,Flat,126617.0,609,113608.0,1535.0
6073,2020-07,2020,7,Northern Ireland,Detached,278734.0,892,257080.0,3097.0
6074,2020-07,2020,7,Northern Ireland,Semi-Detached,173841.0,1164,160033.0,2017.0
6075,2020-07,2020,7,Northern Ireland,Terraced,148552.0,728,133708.0,1710.0
6076,2020-07,2020,7,Northern Ireland,Flat,127095.0,543,119016.0,1587.0
6077,2020-08,2020,8,Northern Ireland,Detached,281545.0,774,257318.0,3213.0
6078,2020-08,2020,8,Northern Ireland,Semi-Detached,174723.0,1017,165870.0,1800.0
6079,2020-08,2020,8,Northern Ireland,Terraced,149250.0,890,136697.0,1756.0
6080,2020-08,2020,8,Northern Ireland,Flat,129311.0,1016,119038.0,1319.0
6081,2020-09,2020,9,Northern Ireland,Detached,279499.0,766,265139.0,2960.0
6082,2020-09,2020,9,Northern Ireland,Semi-Detached,169138.0,727,152445.0,1734.0
6083,2020-09,2020,9,Northern Ireland,Terraced,149918.0,1073,139908.0,1745.0
6084,2020-09,2020,9,Northern Ireland,Flat,129100.0,789,116530.0,1443.0
6085,2020-10,2020,10,Northern Ireland,Detached,279711.0,957,251773.0,3204.0
6086,2020-10,2020,10,Northern Ireland,Semi-Detached,176160.0,659,156839.0,1700.0
6087,2020-10,2020,10,Northern Ireland,Terraced,150331.0,523,133607.0,1376.0
6088,2020-10,2020,10,Northern Ireland,Flat,134232.0,763,125347.0,1343.0
6089,2020-11,2020,11,Northern Ireland,Detached,279961.0,514,248763.0,3569.0
6090,2020-11,2020,11,Northern Ireland,Semi-Detached,169141.0,1550,154421.0,1723.0
6091,2020-11,2020,11,Northern Ireland,Terraced,149235.0,820,132006.0,1618.0
6092,2020-11,2020,11,Northern Ireland,Flat,130542.0,620,116167.0,1236.0
6093,2020-12,2020,12,Northern Ireland,Detached,277350.0,581,251585.0,2549.0
6094,2020-12,2020,12,Northern Ireland,Semi-Detached,178639.0,929,169604.0,2049.0
6095,2020-12,2020,12,Northern Ireland,Terraced,148433.0,884,133327.0,1807.0
6096,2020-12,2020,12,Northern Ireland,Flat,130896.0,758,123039.0,1245.0
6097,2021-01,2021,1,Northern Ireland,Detached,283157.0,1059,259499.0,3049.0
6098,2021-01,2021,1,Northern Ireland,Semi-Detached,182705.0,1412,165214.0,2111.0
6099,2021-01,2021,1,Northern Ireland,Terraced,155732.0,872,140970.0,1658.0
6100,2021-01,2021,1,Northern Ireland,Flat,132077.0,1030,116904.0,1390.0
6101,2021-02,2021,2,Northern Ireland,Detached,281367.0,1046,255896.0,2732.0
6102,2021-02,2021,2,Northern Ireland,Semi-Detached,182807.0,938,172340.0,1870.0
6103,2021-02,2021,2,Northern Ireland,Terraced,155139.0,1068,142227.0,1425.0
6104,2021-02,2021,2,Northern Ireland,Flat,134207.0,704,120803.0,1391.0
6105,2021-03,2021,3,Northern Ireland,Detached,296923.0,636,262523.0,3534.0
6106,2021-03,2021,3,Northern Ireland,Semi-Detached,183292.0,1215,166286.0,1882.0
6107,2021-03,2021,3,Northern Ireland,Terraced,158374.0,684,144951.0,2049.0
6108,2021-03,2021,3,Northern Ireland,Flat,139579.0,863,126529.0,1433.0
6109,2021-04,2021,4,Northern Ireland,Detached,304063.0,670,285086.0,2930.0
6110,2021-04,2021,4,Northern Ireland,Semi-Detached,186282.0,805,170727.0,1711.0
6111,2021-04,2021,4,Northern Ireland,Terraced,160190.0,931,149711.0,1494.0
6112,2021-04,2021,4,Northern Ireland,Flat,143367.0,694,128852.0,1648.0
6113,2021-05,2021,5,Northern Ireland,Detached,300064.0,819,266649.0,3580.0
6114,2021-05,2021,5,Northern Ireland,Semi-Detached,195128.0,1559,179593.0,2511.0
6115,2021-05,2021,5,Northern Ireland,Terraced,166575.0,865,152538.0,1663.0
6116,2021-05,2021,5,Northern Ireland,Flat,144162.0,847,133667.0,1438.0
6117,2021-06,2021,6,Northern Ireland,Detached,314826.0,488,295606.0,3688.0
6118,2021-06,2021,6,Northern Ireland,Semi-Detached,195924.0,1254,178217.0,2024.0
6119,2021-06,2021,6,Northern Ireland,Terraced,168744.0,733,154192.0,1584.0
6120,2021-06,2021,6,Northern Ireland,Flat,151064.0,826,143487.0,1885.0
6121,2021-07,2021,7,Northern Ireland,Detached,314044.0,864,296983.0,2982.0
6122,2021-07,2021,7,Northern Ireland,Semi-Detached,198379.0,1156,176914.0,2494.0
6123,2021-07,2021,7,Northern Ireland,Terraced,171947.0,679,161830.0,1665.0
6124,2021-07,2021,7,Northern Ireland,Flat,146475.0,813,139094.0,1684.0
6125,2021-08,2021,8,Northern Ireland,Detached,309869.0,724,287312.0,3174.0
6126,2021-08,2021,8,Northern Ireland,Semi-Detached,196037.0,795,181667.0,2125.0
6127,2021-08,2021,8,Northern Ireland,Terraced,169324.0,910,157134.0,1753.0
6128,2021-08,2021,8,Northern Ireland,Flat,144653.0,721,135576.0,1754.0
6129,2021-09,2021,9,Northern Ireland,Detached,320670.0,698,304451.0,3865.0
6130,2021-09,2021,9,Northern Ireland,Semi-Detached,202249.0,1021,187533.0,2042.0
6131,2021-09,2021,9,Northern Ireland,Terraced,170200.0,872,156472.0,1704.0
6132,2021-09,2021,9,Northern Ireland,Flat,150455.0,654,133555.0,1938.0
6133,2021-10,2021,10,Northern Ireland,Detached,319026.0,330,294491.0,2939.0
6134,2021-10,2021,10,Northern Ireland,Semi-Detached,202963.0,844,186157.0,2454.0
6135,2021-10,2021,10,Northern Ireland,Terraced,170544.0,818,151563.0,1839.0
6136,2021-10,2021,10,Northern Ireland,Flat,149315.0,730,137884.0,1430.0
6137,2021-11,2021,11,Northern Ireland,Detached,327213.0,746,305218.0,3573.0
6138,2021-11,2021,11,Northern Ireland,Semi-Detached,201021.0,1062,189584.0,2437.0
6139,2021-11,2021,11,Northern Ireland,Terraced,169746.0,1039,158198.0,1832.0
6140,2021-11,2021,11,Northern Ireland,Flat,151412.0,974,142155.0,1925.0
6141,2021-12,2021,12,Northern Ireland,Detached,314781.0,716,295965.0,3110.0
6142,2021-12,2021,12,Northern Ireland,Semi-Detached,204994.0,755,183040.0,2319.0
6143,2021-12,2021,12,Northern Ireland,Terraced,167334.0,674,157518.0,1694.0
6144,2021-12,2021,12,Northern Ireland,Flat,148530.0,638,130893.0,1705.0
6145,2022-01,2022,1,Northern Ireland,Detached,323450.0,653,291798.0,2999.0
6146,2022-01,2022,1,Northern Ireland,Semi-Detached,206535.0,873,187278.0,2475.0
6147,2022-01,2022,1,Northern Ireland,Terraced,167442.0,660,157479.0,1644.0
6148,2022-01,2022,1,Northern Ireland,Flat,148866.0,708,136294.0,1765.0
6149,2022-02,2022,2,Northern Ireland,Detached,335976.0,689,307314.0,4363.0
6150,2022-02,2022,2,Northern Ireland,Semi-Detached,209963.0,938,190162.0,2365.0
6151,2022-02,2022,2,Northern Ireland,Terraced,178299.0,719,160169.0,2305.0
6152,2022-02,2022,2,Northern Ireland,Flat,156768.0,757,145676.0,1771.0
6153,2022-03,2022,3,Northern Ireland,Detached,334353.0,655,317289.0,3208.0
6154,2022-03,2022,3,Northern Ireland,Semi-Detached,207806.0,1046,186592.0,2642.0
6155,2022-03,2022,3,Northern Ireland,Terraced,178345.0,656,162484.0,1836.0
6156,2022-03,2022,3,Northern Ireland,Flat,158555.0,878,148249.0,1553.0
6157,2022-04,2022,4,Northern Ireland,Detached,345736.0,792,307677.0,4049.0
6158,2022-04,2022,4,Northern Ireland,Semi-Detached,215108.0,706,201296.0,2475.0
6159,2022-04,2022,4,Northern Ireland,Terraced,183379.0,978,167348.0,1788.0
6160,2022-04,2022,4,Northern Ireland,Flat,162068.0,739,145376.0,1911.0
6161,2022-05,2022,5,Northern Ireland,Detached,353486.0,1169,330284.0,4204.0
6162,2022-05,2022,5,Northern Ireland,Semi-Detached,223451.0,960,199384.0,2561.0
6163,2022-05,2022,5,Northern Ireland,Terraced,190621.0,640,171516.0,2344.0
6164,2022-05,2022,5,Northern Ireland,Flat,163335.0,971,151148.0,1877.0
6165,2022-06,2022,6,Northern Ireland,Detached,354905.0,869,326505.0,4193.0
6166,2022-06,2022,6,Northern Ireland,Semi-Detached,216696.0,1121,202684.0,2041.0
6167,2022-06,2022,6,Northern Ireland,Terraced,187811.0,909,168887.0,1752.0
6168,2022-06,2022,6,Northern Ireland,Flat,169251.0,780,153591.0,1563.0
6169,2022-07,2022,7,Northern Ireland,Detached,357021.0,720,335059.0,3749.0
6170,2022-07,2022,7,Northern Ireland,Semi-Detached,217136.0,1117,204873.0,2745.0
6171,2022-07,2022,7,Northern Ireland,Terraced,188944.0,791,167121.0,2191.0
6172,2022-07,2022,7,Northern Ireland,Flat,167763.0,1021,156268.0,1692.0
6173,2022-08,2022,8,Northern Ireland,Detached,354440.0,550,313441.0,4553.0
6174,2022-08,2022,8,Northern Ireland,Semi-Detached,219747.0,987,203058.0,2863.0
6175,2022-08,2022,8,Northern Ireland,Terraced,188863.0,708,167539.0,2287.0
6176,2022-08,2022,8,Northern Ireland,Flat,167619.0,748,150495.0,1525.0
6177,2022-09,2022,9,Northern Ireland,Detached,340123.0,872,305105.0,3506.0
6178,2022-09,2022,9,Northern Ireland,Semi-Detached,215231.0,899,202310.0,2134.0
6179,2022-09,2022,9,Northern Ireland,Terraced,181365.0,867,167582.0,2320.0
6180,2022-09,2022,9,Northern Ireland,Flat,160627.0,462,146604.0,1572.0
6181,2022-10,2022,10,Northern Ireland,Detached,289735.0,678,267909.0,3181.0
6182,2022-10,2022,10,Northern Ireland,Semi-Detached,189848.0,1230,178037.0,2127.0
6183,2022-10,2022,10,Northern Ireland,Terraced,154760.0,1015,140907.0,1455.0
6184,2022-10,2022,10,Northern Ireland,Flat,141289.0,710,124590.0,1798.0
6185,2022-11,2022,11,Northern Ireland,Detached,296358.0,782,269702.0,3002.0
6186,2022-11,2022,11,Northern Ireland,Semi-Detached,184193.0,1002,164849.0,1805.0
6187,2022-11,2022,11,Northern Ireland,Terraced,158817.0,608,146781.0,2032.0
6188,2022-11,2022,11,Northern Ireland,Flat,135825.0,815,128899.0,1564.0
6189,2022-12,2022,12,Northern Ireland,Detached,290838.0,785,266365.0,3364.0
6190,2022-12,2022,12,Northern Ireland,Semi-Detached,187342.0,669,166999.0,1840.0
6191,2022-12,2022,12,Northern Ireland,Terraced,158365.0,831,143406.0,1448.0
6192,2022-12,2022,12,Northern Ireland,Flat,138910.0,812,122504.0,1382.0
6193,2023-01,2023,1,Northern Ireland,Detached,298625.0,658,277286.0,3872.0
6194,2023-01,2023,1,Northern Ireland,Semi-Detached,185948.0,930,171879.0,1703.0
6195,2023-01,2023,1,Northern Ireland,Terraced,156220.0,1012,142583.0,1811.0
6196,2023-01,2023,1,Northern Ireland,Flat,138388.0,474,125668.0,1597.0
6197,2023-02,2023,2,Northern Ireland,Detached,294693.0,1108,269734.0,3713.0
6198,2023-02,2023,2,Northern Ireland,Semi-Detached,186801.0,1425,176185.0,2277.0
6199,2023-02,2023,2,Northern Ireland,Terraced,159248.0,1018,143102.0,1619.0
6200,2023-02,2023,2,Northern Ireland,Flat,139642.0,969,125919.0,1712.0
6201,2023-03,2023,3,Northern Ireland,Detached,298991.0,786,273212.0,3695.0
6202,2023-03,2023,3,Northern Ireland,Semi-Detached,183839.0,892,168921.0,2294.0
6203,2023-03,2023,3,Northern Ireland,Terraced,157592.0,712,139793.0,1944.0
6204,2023-03,2023,3,Northern Ireland,Flat,135950.0,534,126766.0,1752.0
6205,2023-04,2023,4,Northern Ireland,Detached,297725.0,861,277962.0,3469.0
6206,2023-04,2023,4,Northern Ireland,Semi-Detached,184098.0,1157,163610.0,2404.0
6207,2023-04,2023,4,Northern Ireland,Terraced,157141.0,875,148378.0,1859.0
6208,2023-04,2023,4,Northern Ireland,Flat,138980.0,962,130727.0,1284.0
6209,2023-05,2023,5,Northern Ireland,Detached,290645.0,605,271104.0,3746.0
6210,2023-05,2023,5,Northern Ireland,Semi-Detached,189599.0,766,170740.0,2256.0
6211,2023-05,2023,5,Northern Ireland,Terraced,158772.0,719,148705.0,1545.0
6212,2023-05,2023,5,Northern Ireland,Flat,140890.0,482,126221.0,1544.0
6213,2023-06,2023,6,Northern Ireland,Detached,300629.0,749,284604.0,3738.0
6214,2023-06,2023,6,Northern Ireland,Semi-Detached,189289.0,1061,177977.0,1807.0
6215,2023-06,2023,6,Northern Ireland,Terraced,158355.0,985,149225.0,1467.0
6216,2023-06,2023,6,Northern Ireland,Flat,136192.0,787,123798.0,1571.0
6217,2023-07,2023,7,Northern Ireland,Detached,295013.0,515,261590.0,2867.0
6218,2023-07,2023,7,Northern Ireland,Semi-Detached,194692.0,686,172144.0,2226.0
6219,2023-07,2023,7,Northern Ireland,Terraced,163735.0,913,148245.0,2004.0
6220,2023-07,2023,7,Northern Ireland,Flat,143808.0,969,133057.0,1390.0
6221,2023-08,2023,8,Northern Ireland,Detached,306235.0,835,288698.0,3000.0
6222,2023-08,2023,8,Northern Ireland,Semi-Detached,185944.0,1260,175400.0,1922.0
6223,2023-08,2023,8,Northern Ireland,Terraced,160635.0,885,143318.0,1636.0
6224,2023-08,2023,8,Northern Ireland,Flat,138603.0,968,125903.0,1460.0
6225,2023-09,2023,9,Northern Ireland,Detached,293682.0,624,273698.0,3090.0
6226,2023-09,2023,9,Northern Ireland,Semi-Detached,181222.0,511,170257.0,1816.0
6227,2023-09,2023,9,Northern Ireland,Terraced,155564.0,863,145880.0,1677.0
6228,2023-09,2023,9,Northern Ireland,Flat,141250.0,670,130910.0,1670.0
6229,2023-10,2023,10,Northern Ireland,Detached,291811.0,871,274525.0,2687.0
6230,2023-10,2023,10,Northern Ireland,Semi-Detached,181853.0,1192,161959.0,1868.0
6231,2023-10,2023,10,Northern Ireland,Terraced,153123.0,794,142010.0,1617.0
6232,2023-10,2023,10,Northern Ireland,Flat,137657.0,1001,126668.0,1522.0
6233,2023-11,2023,11,Northern Ireland,Detached,291229.0,767,269651.0,3230.0
6234,2023-11,2023,11,Northern Ireland,Semi-Detached,179128.0,782,160563.0,2058.0
6235,2023-11,2023,11,Northern Ireland,Terraced,152489.0,803,136755.0,1724.0
6236,2023-11,2023,11,Northern Ireland,Flat,138847.0,858,125563.0,1332.0
6237,2023-12,2023,12,Northern Ireland,Detached,287866.0,770,253961.0,2992.0
6238,2023-12,2023,12,Northern Ireland,Semi-Detached,179118.0,558,167889.0,2140.0
6239,2023-12,2023,12,Northern Ireland,Terraced,155486.0,705,142191.0,1496.0
6240,2023-12,2023,12,Northern Ireland,Flat,132747.0,469,118371.0,1240.0
6241,2024-01,2024,1,Northern Ireland,Detached,290231.0,557,272265.0,3574.0
6242,2024-01,2024,1,Northern Ireland,Semi-Detached,176233.0,858,164808.0,2002.0
6243,2024-01,2024,1,Northern Ireland,Terraced,152603.0,521,140948.0,1481.0
6244,2024-01,2024,1,Northern Ireland,Flat,135494.0,835,119574.0,1450.0
6245,2024-02,2024,2,Northern Ireland,Detached,285613.0,583,260678.0,2658.0
6246,2024-02,2024,2,Northern Ireland,Semi-Detached,181692.0,1079,168283.0,2415.0
6247,2024-02,2024,2,Northern Ireland,Terraced,154730.0,749,143132.0,1415.0
6248,2024-02,2024,2,Northern Ireland,Flat,134650.0,636,121907.0,1558.0
6249,2024-03,2024,3,Northern Ireland,Detached,286242.0,523,253490.0,2868.0
6250,2024-03,2024,3,Northern Ireland,Semi-Detached,186175.0,1630,169769.0,1754.0
6251,2024-03,2024,3,Northern Ireland,Terraced,151961.0,957,139156.0,1783.0
6252,2024-03,2024,3,Northern Ireland,Flat,137707.0,867,126291.0,1390.0
6253,2024-04,2024,4,Northern Ireland,Detached,295525.0,566,276169.0,2995.0
6254,2024-04,2024,4,Northern Ireland,Semi-Detached,183556.0,1037,166730.0,2331.0
6255,2024-04,2024,4,Northern Ireland,Terraced,154237.0,914,143430.0,1898.0
6256,2024-04,2024,4,Northern Ireland,Flat,135419.0,747,121043.0,1331.0
6257,2024-05,2024,5,Northern Ireland,Detached,304226.0,745,286194.0,3257.0
6258,2024-05,2024,5,Northern Ireland,Semi-Detached,191863.0,1506,171711.0,1869.0
6259,2024-05,2024,5,Northern Ireland,Terraced,159710.0,593,141879.0,1977.0
6260,2024-05,2024,5,Northern Ireland,Flat,141018.0,527,126256.0,1358.0
6261,2024-06,2024,6,Northern Ireland,Detached,303104.0,859,278486.0,3056.0
6262,2024-06,2024,6,Northern Ireland,Semi-Detached,190575.0,1144,178857.0,1993.0
6263,2024-06,2024,6,Northern Ireland,Terraced,160924.0,842,152088.0,1638.0
6264,2024-06,2024,6,Northern Ireland,Flat,139166.0,657,128313.0,1462.0
6265,2024-07,2024,7,Northern Ireland,Detached,323359.0,1028,302464.0,3227.0
6266,2024-07,2024,7,Northern Ireland,Semi-Detached,205782.0,977,182633.0,2132.0
6267,2024-07,2024,7,Northern Ireland,Terraced,174385.0,863,165214.0,1696.0
6268,2024-07,2024,7,Northern Ireland,Flat,155953.0,733,138415.0,1522.0
6269,2024-08,2024,8,Northern Ireland,Detached,332140.0,663,293399.0,3909.0
6270,2024-08,2024,8,Northern Ireland,Semi-Detached,209609.0,1202,184608.0,2426.0
6271,2024-08,2024,8,Northern Ireland,Terraced,172221.0,1139,152467.0,1795.0
6272,2024-08,2024,8,Northern Ireland,Flat,156679.0,898,141043.0,1433.0
6273,2024-09,2024,9,Northern Ireland,Detached,320362.0,855,302924.0,3180.0
6274,2024-09,2024,9,Northern Ireland,Semi-Detached,195280.0,732,173888.0,2109.0
6275,2024-09,2024,9,Northern Ireland,Terraced,172241.0,983,154296.0,2194.0
6276,2024-09,2024,9,Northern Ireland,Flat,153265.0,945,140725.0,1778.0
6277,2024-10,2024,10,Northern Ireland,Detached,321612.0,722,293672.0,3132.0
6278,2024-10,2024,10,Northern Ireland,Semi-Detached,203495.0,1172,181457.0,2058.0
6279,2024-10,2024,10,Northern Ireland,Terraced,172810.0,807,162356.0,1661.0
6280,2024-10,2024,10,Northern Ireland,Flat,158541.0,564,147433.0,1607.0
6281,2024-11,2024,11,Northern Ireland,Detached,323556.0,1132,302229.0,3722.0
6282,2024-11,2024,11,Northern Ireland,Semi-Detached,197500.0,943,179014.0,2279.0
6283,2024-11,2024,11,Northern Ireland,Terraced,177739.0,693,157360.0,2072.0
6284,2024-11,2024,11,Northern Ireland,Flat,154120.0,1084,138601.0,1701.0
6285,2024-12,2024,12,Northern Ireland,Detached,319176.0,847,293004.0,2952.0
6286,2024-12,2024,12,Northern Ireland,Semi-Detached,205937.0,830,191416.0,2160.0
6287,2024-12,2024,12,Northern Ireland,Terraced,169406.0,784,152753.0,1921.0
6288,2024-12,2024,12,Northern Ireland,Flat,151997.0,875,141964.0,1598.0
6289,2025-01,2025,1,Northern Ireland,Detached,319462.0,752,295403.0,3876.0
6290,2025-01,2025,1,Northern Ireland,Semi-Detached,200807.0,1090,189044.0,2321.0
6291,2025-01,2025,1,Northern Ireland,Terraced,175847.0,717,157857.0,1645.0
6292,2025-01,2025,1,Northern Ireland,Flat,156380.0,842,143521.0,1541.0
6293,2025-02,2025,2,Northern Ireland,Detached,331158.0,752,308514.0,3234.0
6294,2025-02,2025,2,Northern Ireland,Semi-Detached,206128.0,739,187440.0,2622.0
6295,2025-02,2025,2,Northern Ireland,Terraced,179492.0,749,161724.0,1991.0
6296,2025-02,2025,2,Northern Ireland,Flat,158758.0,913,148163.0,1587.0
6297,2025-03,2025,3,Northern Ireland,Detached,335030.0,1097,297032.0,4442.0
6298,2025-03,2025,3,Northern Ireland,Semi-Detached,209692.0,1192,190579.0,1943.0
6299,2025-03,2025,3,Northern Ireland,Terraced,180080.0,793,167984.0,1830.0
6300,2025-03,2025,3,Northern Ireland,Flat,158676.0,910,141337.0,1908.0
6301,2025-04,2025,4,Northern Ireland,Detached,344355.0,685,322575.0,3729.0
6302,2025-04,2025,4,Northern Ireland,Semi-Detached,216626.0,1118,195371.0,2822.0
6303,2025-04,2025,4,Northern Ireland,Terraced,183175.0,792,171329.0,2086.0
6304,2025-04,2025,4,Northern Ireland,Flat,159983.0,684,150130.0,1628.0
6305,2025-05,2025,5,Northern Ireland,Detached,338428.0,750,303130.0,3268.0
6306,2025-05,2025,5,Northern Ireland,Semi-Detached,213595.0,651,188269.0,2614.0
6307,2025-05,2025,5,Northern Ireland,Terraced,183123.0,576,172478.0,2245.0
6308,2025-05,2025,5,Northern Ireland,Flat,159764.0,1130,147346.0,1848.0
6309,2025-06,2025,6,Northern Ireland,Detached,351069.0,1009,326147.0,3610.0
6310,2025-06,2025,6,Northern Ireland,Semi-Detached,220874.0,808,202883.0,2075.0
6311,2025-06,2025,6,Northern Ireland,Terraced,186288.0,704,176799.0,2459.0
6312,2025-06,2025,6,Northern Ireland,Flat,167440.0,1120,154926.0,2026.0
6313,2025-07,2025,7,Northern Ireland,Detached,336188.0,829,305206.0,3942.0
6314,2025-07,2025,7,Northern Ireland,Semi-Detached,212161.0,772,192813.0,2584.0
6315,2025-07,2025,7,Northern Ireland,Terraced,180848.0,657,171150.0,2314.0
6316,2025-07,2025,7,Northern Ireland,Flat,162042.0,918,144177.0,1996.0
6317,2025-08,2025,8,Northern Ireland,Detached,340532.0,637,307078.0,3579.0
6318,2025-08,2025,8,Northern Ireland,Semi-Detached,215278.0,955,193157.0,2237.0
6319,2025-08,2025,8,Northern Ireland,Terraced,183242.0,868,166713.0,2085.0
6320,2025-08,2025,8,Northern Ireland,Flat,161431.0,902,145605.0,1480.0
6321,2025-09,2025,9,Northern Ireland,Detached,346322.0,584,308612.0,3711.0
6322,2025-09,2025,9,Northern Ireland,Semi-Detached,209531.0,815,198156.0,2561.0
6323,2025-09,2025,9,Northern Ireland,Terraced,185001.0,837,173800.0,1707.0
6324,2025-09,2025,9,Northern Ireland,Flat,159613.0,660,151383.0,1489.0
6325,2025-10,2025,10,Northern Ireland,Detached,344409.0,557,316472.0,3806.0
6326,2025-10,2025,10,Northern Ireland,Semi-Detached,210639.0,1177,193137.0,2059.0
6327,2025-10,2025,10,Northern Ireland,Terraced,180745.0,514,171084.0,1778.0
6328,2025-10,2025,10,Northern Ireland,Flat,157454.0,875,143247.0,1542.0
6329,2025-11,2025,11,Northern Ireland,Detached,343298.0,662,302660.0,3644.0
6330,2025-11,2025,11,Northern Ireland,Semi-Detached,213214.0,1035,199513.0,2170.0
6331,2025-11,2025,11,Northern Ireland,Terraced,185262.0,616,166445.0,1929.0
6332,2025-11,2025,11,Northern Ireland,Flat,161873.0,907,148373.0,1952.0
6333,2025-12,2025,12,Northern Ireland,Detached,343241.0,830,304025.0,4354.0
6334,2025-12,2025,12,Northern Ireland,Semi-Detached,212457.0,954,193903.0,2238.0
6335,2025-12,2025,12,Northern Ireland,Terraced,183253.0,803,171123.0,1675.0
6336,2025-12,2025,12,Northern Ireland,Flat,157558.0,790,149190.0,2097.0
